{"num_steps": 100, "num_stays": 0, "time": 33.729868845002784, "iter": 100, "locally": true, "temperature": 0.6486524615632605, "cooling": 0.6486524615632605, "distance": 333001732, "path": [883, 2, 3, 4, 5, 6, 7, 8, 501, 10, 11, 12, 13, 14, 15, 663, 17, 18, 19, 20, 21, 871, 23, 24, 25, 26, 27, 28, 29, 30, 31, 32, 720, 34, 35, 36, 37, 38, 39, 616, 41, 42, 43, 44, 45, 921, 47, 447, 49, 50, 51, 827, 53, 54, 55, 449, 57, 58, 59, 962, 61, 62, 868, 64, 65, 121, 67, 68, 347, 70, 71, 72, 484, 74, 852, 76, 77, 499, 79, 80, 81, 82, 83, 84, 151, 86, 87, 88, 89, 90, 91, 552, 93, 94, 431, 96, 97, 98, 99, 100, 101, 685, 103, 647, 105, 106, 107, 519, 109, 110, 111, 112, 296, 114, 115, 116, 179, 118, 119, 120, 66, 122, 521, 124, 863, 126, 127, 128, 129, 198, 131, 132, 133, 134, 135, 941, 137, 138, 139, 140, 141, 142, 434, 144, 145, 146, 147, 148, 149, 150, 85, 152, 153, 154, 155, 949, 157, 158, 159, 160, 161, 162, 163, 164, 165, 166, 167, 168, 169, 170, 171, 440, 173, 174, 175, 792, 177, 178, 117, 180, 817, 182, 183, 184, 185, 258, 187, 545, 189, 190, 312, 192, 193, 307, 195, 196, 197, 130, 199, 200, 360, 202, 203, 204, 205, 547, 207, 208, 209, 210, 211, 212, 298, 214, 215, 216, 843, 218, 383, 220, 221, 222, 223, 224, 225, 226, 227, 228, 229, 230, 231, 232, 233, 234, 235, 236, 290, 238, 287, 240, 241, 242, 243, 317, 245, 455, 247, 248, 249, 250, 251, 252, 758, 254, 255, 256, 257, 186, 259, 260, 314, 262, 898, 264, 265, 266, 275, 268, 269, 270, 271, 272, 273, 274, 267, 276, 277, 278, 279, 280, 281, 282, 283, 284, 285, 286, 239, 288, 289, 237, 291, 292, 293, 294, 295, 113, 297, 213, 299, 300, 806, 302, 303, 304, 981, 306, 194, 308, 932, 837, 311, 191, 313, 261, 315, 316, 244, 318, 319, 320, 321, 322, 323, 324, 325, 326, 327, 328, 329, 368, 331, 786, 333, 334, 549, 336, 337, 937, 339, 340, 341, 782, 343, 344, 345, 346, 69, 611, 349, 350, 351, 352, 353, 354, 355, 356, 357, 358, 359, 201, 361, 918, 363, 861, 365, 772, 367, 330, 572, 370, 371, 372, 373, 374, 375, 376, 377, 915, 379, 380, 381, 382, 219, 384, 385, 386, 387, 388, 389, 390, 391, 392, 393, 394, 395, 396, 576, 398, 718, 400, 401, 402, 403, 404, 405, 406, 407, 408, 622, 410, 761, 412, 413, 414, 415, 416, 417, 418, 419, 602, 421, 422, 423, 424, 627, 426, 427, 428, 429, 430, 95, 432, 433, 143, 435, 436, 437, 438, 439, 172, 441, 442, 775, 444, 445, 446, 48, 543, 56, 450, 451, 452, 453, 454, 246, 456, 457, 458, 875, 460, 461, 462, 463, 464, 674, 466, 467, 468, 469, 470, 471, 554, 473, 474, 475, 476, 477, 478, 479, 480, 481, 482, 483, 73, 485, 486, 487, 823, 489, 490, 957, 492, 493, 494, 495, 496, 497, 498, 78, 500, 9, 502, 503, 504, 613, 506, 912, 508, 509, 510, 511, 512, 513, 514, 515, 516, 517, 518, 108, 520, 123, 607, 523, 768, 525, 526, 527, 528, 529, 530, 531, 532, 533, 534, 535, 536, 537, 538, 539, 540, 541, 542, 448, 544, 188, 546, 206, 548, 335, 550, 551, 92, 553, 472, 555, 556, 557, 558, 559, 560, 561, 562, 563, 564, 565, 566, 567, 568, 569, 570, 571, 369, 573, 574, 575, 397, 577, 578, 820, 580, 581, 582, 583, 584, 585, 974, 587, 588, 589, 590, 591, 592, 593, 594, 595, 596, 597, 598, 599, 600, 601, 420, 603, 604, 605, 606, 522, 608, 967, 610, 348, 612, 505, 614, 615, 40, 617, 618, 619, 620, 621, 409, 623, 624, 625, 626, 425, 628, 643, 676, 631, 632, 633, 634, 635, 636, 637, 638, 639, 640, 641, 642, 629, 644, 645, 646, 104, 648, 649, 650, 651, 652, 653, 654, 655, 656, 657, 658, 659, 660, 661, 662, 16, 664, 690, 666, 667, 668, 984, 670, 671, 672, 673, 465, 675, 630, 677, 678, 679, 680, 681, 682, 683, 684, 102, 686, 687, 688, 689, 665, 691, 692, 693, 694, 695, 696, 697, 698, 895, 700, 969, 702, 703, 704, 705, 706, 707, 708, 709, 710, 711, 712, 713, 714, 715, 716, 717, 399, 719, 33, 721, 722, 723, 724, 725, 726, 727, 728, 729, 730, 731, 732, 733, 993, 735, 736, 737, 742, 739, 740, 741, 738, 743, 744, 745, 878, 747, 748, 987, 750, 751, 752, 753, 754, 755, 756, 757, 253, 759, 760, 411, 762, 763, 764, 765, 766, 767, 524, 769, 770, 771, 366, 773, 774, 443, 776, 777, 778, 779, 780, 781, 342, 783, 784, 785, 332, 787, 788, 789, 790, 791, 176, 793, 794, 795, 796, 797, 798, 935, 800, 801, 802, 803, 804, 805, 301, 807, 808, 809, 810, 891, 812, 813, 814, 815, 816, 181, 818, 819, 579, 821, 822, 488, 824, 825, 826, 52, 828, 829, 830, 900, 832, 833, 834, 835, 836, 310, 838, 839, 840, 841, 842, 217, 844, 845, 846, 847, 848, 849, 850, 851, 75, 853, 854, 855, 856, 857, 858, 859, 860, 364, 862, 125, 864, 865, 866, 867, 63, 869, 870, 22, 872, 873, 874, 459, 876, 877, 746, 879, 880, 881, 882, 1, 884, 885, 886, 887, 888, 889, 890, 811, 892, 893, 894, 699, 896, 897, 263, 899, 831, 901, 902, 903, 904, 905, 906, 907, 908, 909, 910, 911, 507, 913, 914, 378, 916, 917, 362, 919, 920, 46, 922, 923, 924, 925, 926, 927, 928, 929, 930, 931, 309, 933, 934, 799, 936, 338, 938, 939, 940, 136, 942, 943, 944, 945, 946, 947, 948, 156, 950, 951, 952, 953, 954, 955, 956, 491, 958, 959, 960, 961, 60, 963, 964, 965, 966, 609, 968, 701, 970, 971, 972, 973, 586, 975, 976, 977, 978, 979, 980, 305, 982, 983, 669, 985, 986, 749, 988, 989, 990, 991, 992, 734, 994, 995, 996, 997, 998, 999, 1000]}