{"num_steps": 250, "num_stays": 0, "time": 84.55726176200551, "iter": 250, "locally": true, "temperature": 0.5425514917581086, "cooling": 0.5425514917581086, "distance": 214267186, "path": [883, 2, 3, 4, 5, 6, 7, 8, 501, 10, 873, 189, 13, 14, 451, 663, 17, 637, 19, 551, 21, 871, 23, 284, 834, 26, 27, 28, 305, 650, 31, 32, 720, 34, 725, 503, 37, 38, 39, 616, 41, 42, 43, 44, 45, 921, 47, 447, 49, 466, 51, 827, 53, 54, 55, 449, 96, 58, 242, 962, 61, 62, 868, 395, 65, 121, 67, 68, 347, 70, 859, 72, 484, 74, 852, 372, 77, 882, 886, 80, 81, 82, 945, 84, 151, 86, 569, 475, 89, 413, 706, 552, 93, 94, 431, 57, 97, 407, 319, 477, 101, 685, 128, 647, 105, 461, 107, 519, 109, 965, 111, 112, 296, 114, 115, 840, 179, 118, 325, 120, 66, 122, 521, 124, 863, 126, 127, 103, 129, 276, 961, 132, 133, 599, 135, 941, 137, 138, 139, 140, 704, 142, 434, 144, 388, 765, 147, 946, 149, 150, 85, 937, 153, 154, 738, 949, 157, 158, 404, 160, 833, 162, 163, 978, 165, 166, 486, 495, 169, 170, 717, 440, 173, 174, 175, 792, 177, 178, 117, 180, 817, 182, 183, 184, 185, 258, 187, 545, 12, 539, 312, 192, 193, 307, 195, 828, 197, 130, 199, 200, 360, 202, 229, 907, 205, 547, 207, 208, 694, 210, 462, 212, 298, 223, 215, 866, 843, 218, 383, 220, 468, 222, 214, 224, 225, 856, 227, 584, 203, 230, 596, 795, 233, 234, 453, 236, 290, 238, 287, 240, 241, 59, 243, 317, 245, 455, 467, 248, 249, 658, 251, 419, 758, 254, 255, 256, 257, 186, 259, 260, 314, 262, 898, 264, 265, 266, 275, 268, 269, 270, 271, 272, 444, 274, 267, 198, 785, 278, 670, 437, 611, 282, 297, 24, 894, 286, 239, 316, 289, 237, 291, 660, 293, 568, 295, 113, 283, 213, 299, 300, 806, 695, 346, 304, 981, 306, 194, 308, 932, 837, 311, 191, 313, 261, 315, 288, 244, 318, 99, 621, 996, 322, 850, 294, 119, 326, 903, 328, 329, 368, 331, 786, 731, 334, 549, 336, 337, 152, 385, 340, 341, 782, 343, 344, 683, 303, 705, 281, 349, 350, 527, 352, 353, 354, 452, 356, 357, 358, 359, 201, 361, 918, 363, 861, 525, 772, 367, 330, 572, 370, 371, 76, 373, 374, 929, 924, 377, 915, 379, 948, 381, 382, 219, 384, 339, 386, 387, 145, 389, 390, 391, 917, 714, 594, 64, 396, 576, 398, 718, 400, 401, 402, 403, 159, 405, 517, 778, 408, 622, 410, 761, 412, 90, 414, 688, 416, 417, 418, 252, 602, 421, 661, 423, 424, 627, 426, 427, 428, 429, 430, 95, 432, 433, 143, 435, 964, 280, 438, 439, 172, 441, 442, 775, 273, 445, 446, 48, 543, 56, 450, 15, 771, 235, 454, 246, 456, 457, 653, 875, 460, 106, 211, 463, 464, 674, 50, 247, 221, 469, 470, 471, 554, 473, 474, 88, 476, 100, 478, 762, 480, 481, 482, 754, 73, 11, 167, 487, 823, 489, 490, 957, 492, 493, 494, 168, 496, 497, 954, 78, 500, 9, 502, 732, 504, 613, 506, 912, 723, 509, 510, 511, 512, 655, 514, 914, 557, 406, 518, 108, 520, 123, 607, 523, 768, 365, 526, 351, 860, 529, 563, 531, 532, 777, 534, 640, 544, 624, 538, 190, 679, 541, 542, 448, 536, 188, 546, 206, 548, 335, 779, 20, 92, 553, 472, 555, 556, 516, 558, 559, 560, 561, 562, 741, 810, 565, 566, 995, 943, 87, 570, 646, 369, 573, 800, 575, 397, 577, 801, 820, 580, 581, 582, 959, 228, 585, 974, 587, 588, 589, 590, 537, 592, 593, 982, 595, 231, 597, 598, 134, 600, 601, 420, 603, 604, 605, 606, 522, 608, 967, 610, 348, 858, 505, 614, 615, 40, 617, 618, 619, 620, 320, 409, 623, 591, 625, 626, 425, 628, 643, 676, 631, 632, 633, 634, 635, 636, 18, 802, 639, 535, 641, 729, 629, 644, 708, 571, 104, 648, 649, 30, 651, 652, 458, 654, 513, 656, 825, 250, 659, 292, 422, 662, 16, 664, 690, 666, 667, 737, 984, 279, 671, 672, 673, 465, 675, 630, 677, 678, 540, 680, 681, 682, 345, 684, 102, 411, 687, 415, 689, 665, 691, 692, 693, 209, 302, 696, 697, 698, 895, 700, 969, 702, 703, 141, 69, 91, 707, 645, 709, 710, 751, 712, 713, 393, 715, 716, 171, 399, 719, 33, 721, 722, 508, 724, 35, 931, 727, 728, 642, 730, 333, 36, 483, 993, 735, 881, 668, 742, 739, 939, 530, 155, 743, 744, 745, 878, 747, 748, 987, 750, 711, 752, 753, 733, 755, 842, 942, 253, 759, 760, 686, 479, 763, 764, 146, 766, 767, 524, 769, 896, 355, 366, 773, 774, 443, 776, 533, 98, 550, 780, 781, 342, 783, 784, 277, 332, 787, 788, 789, 910, 791, 176, 793, 794, 232, 796, 797, 798, 935, 574, 808, 809, 609, 804, 805, 301, 807, 578, 638, 564, 891, 812, 813, 814, 815, 816, 181, 818, 819, 579, 821, 822, 488, 824, 657, 826, 52, 196, 829, 830, 900, 832, 854, 25, 835, 836, 310, 838, 839, 116, 841, 756, 217, 844, 845, 846, 901, 848, 849, 323, 851, 75, 853, 161, 855, 226, 857, 612, 71, 528, 364, 862, 125, 864, 865, 216, 867, 63, 869, 870, 22, 872, 485, 874, 459, 876, 877, 746, 879, 880, 736, 499, 1, 884, 885, 79, 887, 888, 889, 890, 811, 892, 893, 285, 699, 770, 897, 263, 899, 831, 847, 902, 327, 904, 905, 906, 204, 908, 909, 790, 911, 507, 913, 515, 378, 916, 392, 362, 919, 920, 46, 922, 923, 376, 925, 926, 927, 928, 375, 998, 726, 309, 933, 934, 799, 936, 338, 938, 740, 940, 136, 757, 324, 944, 83, 148, 947, 380, 156, 950, 951, 952, 953, 498, 955, 956, 491, 958, 583, 960, 131, 60, 963, 436, 110, 966, 803, 968, 701, 970, 971, 972, 973, 586, 975, 976, 977, 164, 979, 980, 29, 394, 983, 669, 985, 986, 749, 988, 989, 990, 991, 992, 734, 994, 567, 321, 997, 930, 999, 1000]}