{"num_steps": 5000, "num_stays": 2500, "time": 1708.3115640570031, "iter": 5000, "locally": true, "temperature": 0.3522121755231006, "cooling": 0.3522121755231006, "distance": 91699473, "path": [709, 402, 730, 676, 809, 181, 546, 810, 698, 807, 761, 873, 13, 212, 849, 17, 611, 231, 601, 884, 620, 797, 446, 284, 501, 27, 771, 788, 695, 743, 944, 995, 789, 563, 841, 503, 837, 975, 670, 218, 71, 750, 836, 917, 979, 664, 94, 479, 686, 832, 575, 164, 970, 714, 786, 96, 208, 672, 699, 270, 509, 148, 723, 239, 491, 3, 4, 903, 569, 289, 656, 290, 125, 378, 787, 629, 467, 852, 603, 455, 713, 82, 146, 55, 271, 221, 110, 70, 22, 450, 706, 132, 95, 891, 562, 655, 256, 407, 48, 8, 123, 101, 607, 465, 93, 246, 216, 737, 833, 478, 605, 556, 904, 612, 213, 397, 811, 992, 539, 777, 636, 806, 987, 120, 24, 184, 948, 684, 198, 507, 961, 895, 473, 189, 315, 782, 323, 517, 442, 405, 174, 127, 163, 860, 490, 552, 742, 228, 986, 420, 104, 112, 396, 703, 243, 942, 262, 87, 725, 919, 109, 84, 955, 162, 50, 529, 349, 906, 217, 587, 302, 183, 79, 577, 990, 336, 688, 657, 117, 822, 178, 935, 362, 445, 827, 53, 220, 500, 609, 92, 701, 119, 879, 241, 118, 197, 740, 690, 285, 505, 207, 324, 300, 864, 279, 876, 240, 66, 210, 694, 308, 668, 820, 223, 432, 843, 554, 537, 545, 851, 11, 474, 451, 685, 75, 638, 232, 128, 675, 647, 580, 866, 105, 188, 874, 623, 886, 236, 604, 314, 98, 824, 153, 245, 781, 907, 80, 441, 193, 671, 682, 16, 237, 594, 557, 800, 747, 259, 555, 32, 641, 492, 515, 224, 645, 949, 844, 595, 923, 660, 263, 293, 107, 616, 785, 313, 298, 39, 278, 928, 33, 617, 251, 19, 151, 487, 334, 316, 506, 453, 173, 357, 717, 485, 14, 856, 535, 681, 651, 817, 728, 260, 141, 235, 342, 597, 945, 457, 590, 361, 201, 801, 630, 7, 790, 41, 839, 471, 54, 159, 419, 966, 956, 691, 631, 2, 328, 818, 439, 980, 560, 42, 470, 877, 394, 434, 770, 142, 247, 209, 958, 59, 978, 137, 726, 530, 733, 408, 225, 354, 10, 939, 160, 401, 880, 736, 244, 850, 413, 721, 932, 267, 881, 754, 5, 497, 383, 100, 371, 516, 135, 475, 176, 815, 167, 924, 377, 791, 341, 297, 648, 541, 219, 649, 729, 154, 767, 625, 85, 77, 635, 567, 704, 360, 340, 44, 900, 192, 229, 499, 291, 991, 828, 859, 847, 252, 166, 732, 589, 410, 926, 493, 486, 908, 400, 155, 428, 819, 186, 570, 327, 588, 549, 802, 113, 295, 311, 230, 596, 430, 215, 276, 332, 988, 774, 384, 136, 249, 331, 172, 449, 329, 711, 472, 834, 319, 81, 627, 543, 913, 765, 108, 277, 960, 578, 175, 359, 88, 463, 330, 922, 508, 572, 606, 234, 716, 813, 12, 883, 803, 846, 403, 468, 772, 735, 941, 187, 273, 461, 901, 367, 954, 993, 272, 460, 358, 522, 779, 214, 957, 673, 783, 264, 558, 6, 444, 46, 258, 185, 724, 9, 715, 559, 344, 683, 889, 440, 823, 145, 532, 299, 538, 952, 610, 514, 386, 548, 26, 697, 520, 15, 426, 454, 265, 498, 282, 179, 951, 894, 414, 677, 892, 608, 196, 633, 521, 348, 967, 372, 205, 495, 169, 448, 898, 206, 382, 981, 381, 346, 764, 424, 281, 921, 28, 134, 943, 34, 696, 762, 226, 149, 821, 391, 855, 680, 170, 337, 566, 840, 111, 619, 579, 269, 257, 940, 51, 720, 984, 795, 586, 792, 533, 585, 776, 115, 989, 646, 982, 62, 404, 778, 399, 69, 712, 194, 768, 306, 518, 766, 204, 427, 72, 885, 47, 974, 868, 825, 21, 624, 524, 534, 202, 57, 614, 255, 971, 757, 858, 190, 679, 320, 409, 275, 52, 937, 758, 469, 669, 628, 912, 338, 321, 632, 40, 769, 893, 634, 385, 615, 718, 238, 339, 644, 484, 392, 708, 488, 571, 749, 780, 916, 959, 755, 741, 280, 152, 248, 422, 659, 871, 829, 64, 76, 466, 49, 854, 345, 734, 658, 368, 431, 310, 744, 83, 376, 527, 582, 540, 390, 531, 350, 411, 965, 99, 902, 421, 388, 242, 526, 693, 58, 838, 254, 102, 581, 286, 423, 794, 973, 707, 853, 304, 177, 37, 784, 222, 972, 963, 667, 161, 301, 976, 504, 998, 897, 124, 674, 584, 911, 927, 233, 106, 347, 78, 68, 133, 599, 1000, 665, 936, 156, 816, 370, 574, 808, 352, 812, 739, 147, 663, 925, 592, 796, 857, 662, 997, 896, 180, 830, 266, 702, 296, 268, 30, 738, 547, 878, 842, 182, 964, 387, 640, 862, 435, 416, 355, 143, 459, 317, 97, 745, 366, 443, 542, 773, 759, 74, 417, 550, 253, 433, 157, 536, 335, 565, 598, 393, 309, 227, 831, 689, 962, 654, 67, 318, 950, 171, 653, 36, 875, 211, 483, 476, 804, 805, 705, 969, 872, 363, 946, 564, 700, 35, 643, 968, 333, 887, 626, 288, 602, 494, 882, 591, 287, 576, 826, 398, 544, 561, 250, 447, 139, 551, 835, 25, 29, 395, 379, 519, 899, 307, 116, 418, 195, 89, 261, 303, 103, 848, 719, 481, 639, 203, 905, 23, 756, 114, 687, 953, 930, 666, 373, 914, 1, 798, 593, 369, 867, 869, 753, 63, 870, 158, 43, 122, 510, 200, 994, 865, 621, 600, 642, 364, 18, 760, 305, 731, 86, 890, 65, 977, 748, 199, 31, 511, 763, 325, 389, 678, 661, 938, 480, 462, 415, 568, 909, 129, 429, 56, 353, 861, 191, 918, 91, 38, 477, 502, 365, 489, 722, 845, 73, 343, 573, 525, 274, 752, 412, 20, 375, 775, 90, 933, 294, 126, 553, 165, 793, 130, 138, 438, 406, 513, 814, 121, 144, 934, 947, 710, 380, 799, 425, 613, 374, 985, 888, 929, 920, 751, 60, 131, 436, 523, 583, 283, 168, 322, 863, 692, 458, 351, 464, 482, 456, 437, 622, 496, 996, 528, 652, 910, 915, 618, 983, 637, 326, 512, 150, 727, 292, 312, 452, 140, 356, 45, 650, 931, 746, 999, 61]}