{"num_steps": 1500, "num_stays": 0, "time": 508.4024010420035, "iter": 1500, "locally": true, "temperature": 0.4101412716225879, "cooling": 0.4101412716225879, "distance": 106095277, "path": [956, 889, 730, 676, 234, 875, 794, 810, 698, 807, 761, 873, 13, 212, 451, 663, 283, 535, 601, 884, 620, 797, 898, 284, 501, 206, 536, 905, 336, 120, 291, 677, 789, 762, 696, 503, 837, 975, 670, 218, 71, 42, 714, 139, 979, 664, 140, 854, 49, 994, 931, 509, 936, 1000, 148, 208, 96, 672, 395, 770, 209, 958, 434, 239, 491, 818, 4, 903, 569, 289, 915, 290, 907, 378, 787, 629, 959, 852, 603, 455, 764, 82, 146, 850, 19, 326, 121, 70, 22, 276, 706, 132, 891, 946, 514, 512, 544, 407, 48, 81, 15, 101, 564, 465, 93, 246, 216, 849, 919, 684, 570, 944, 743, 612, 695, 940, 904, 83, 744, 763, 806, 636, 594, 650, 59, 405, 442, 726, 198, 507, 961, 895, 473, 189, 315, 782, 88, 163, 184, 678, 828, 142, 247, 894, 984, 552, 742, 228, 986, 30, 104, 112, 396, 547, 243, 942, 493, 158, 906, 109, 84, 955, 309, 162, 660, 137, 296, 420, 268, 755, 910, 440, 823, 130, 327, 935, 641, 178, 117, 657, 190, 952, 183, 458, 653, 258, 46, 483, 522, 777, 18, 364, 557, 415, 480, 462, 581, 987, 511, 360, 340, 255, 767, 154, 339, 238, 240, 66, 694, 210, 733, 668, 820, 223, 432, 843, 554, 537, 370, 220, 53, 73, 301, 477, 75, 583, 490, 128, 105, 647, 866, 580, 675, 766, 874, 878, 886, 236, 604, 314, 98, 824, 153, 125, 245, 781, 80, 193, 249, 329, 356, 16, 237, 760, 213, 656, 32, 555, 259, 651, 141, 492, 515, 224, 598, 741, 655, 150, 152, 166, 489, 722, 89, 359, 298, 313, 785, 278, 39, 928, 589, 517, 297, 252, 814, 717, 334, 316, 506, 357, 173, 151, 168, 485, 231, 595, 925, 472, 798, 817, 728, 260, 188, 949, 518, 306, 457, 590, 700, 201, 361, 801, 630, 7, 790, 860, 50, 174, 288, 617, 419, 966, 61, 934, 631, 2, 3, 328, 439, 980, 560, 786, 731, 470, 877, 186, 990, 740, 99, 902, 859, 847, 318, 950, 156, 496, 408, 225, 481, 719, 429, 311, 230, 159, 746, 338, 758, 471, 932, 721, 413, 267, 881, 754, 5, 497, 383, 100, 371, 516, 135, 475, 176, 815, 799, 924, 377, 791, 519, 943, 703, 541, 219, 649, 648, 718, 387, 521, 207, 635, 704, 567, 447, 44, 900, 182, 842, 562, 386, 582, 563, 119, 54, 736, 880, 322, 732, 20, 482, 410, 573, 486, 908, 400, 115, 155, 428, 796, 79, 577, 421, 661, 549, 802, 113, 833, 939, 737, 596, 430, 450, 215, 988, 332, 774, 625, 614, 441, 331, 172, 449, 652, 414, 588, 382, 834, 319, 960, 765, 913, 543, 108, 277, 627, 578, 616, 33, 11, 6, 330, 922, 347, 572, 606, 185, 403, 846, 803, 380, 883, 12, 171, 558, 545, 735, 941, 187, 461, 273, 901, 367, 954, 444, 272, 827, 36, 468, 779, 214, 673, 957, 783, 264, 303, 323, 851, 772, 993, 724, 809, 559, 9, 715, 344, 683, 487, 453, 723, 394, 532, 538, 858, 561, 610, 280, 688, 381, 981, 697, 520, 123, 426, 454, 265, 831, 689, 351, 838, 951, 302, 995, 892, 624, 534, 136, 85, 615, 967, 372, 964, 205, 169, 448, 446, 27, 8, 26, 548, 346, 713, 235, 982, 720, 149, 579, 556, 529, 978, 923, 619, 855, 821, 391, 756, 680, 566, 111, 840, 337, 62, 170, 51, 811, 992, 539, 397, 376, 129, 586, 795, 792, 533, 585, 776, 262, 427, 87, 725, 568, 909, 778, 308, 399, 69, 194, 768, 597, 342, 424, 593, 885, 47, 989, 72, 974, 819, 248, 21, 608, 196, 524, 202, 57, 279, 876, 864, 634, 300, 348, 679, 320, 409, 275, 52, 937, 751, 710, 628, 709, 402, 691, 769, 893, 40, 192, 229, 632, 324, 250, 633, 862, 729, 644, 484, 392, 708, 488, 571, 749, 384, 623, 738, 702, 868, 114, 857, 825, 422, 659, 871, 829, 76, 312, 200, 452, 686, 682, 734, 658, 368, 671, 431, 587, 134, 478, 605, 527, 540, 390, 531, 350, 411, 965, 24, 389, 379, 793, 242, 526, 58, 626, 110, 244, 118, 197, 841, 423, 973, 222, 707, 853, 304, 37, 177, 784, 546, 963, 972, 667, 161, 856, 976, 504, 998, 124, 897, 674, 584, 911, 927, 233, 106, 508, 78, 68, 599, 665, 270, 602, 133, 716, 181, 463, 574, 808, 352, 812, 147, 739, 160, 639, 349, 921, 180, 896, 997, 662, 930, 299, 494, 711, 204, 14, 203, 467, 495, 916, 780, 435, 640, 385, 971, 77, 757, 416, 143, 355, 459, 317, 745, 97, 366, 443, 542, 773, 759, 74, 417, 550, 253, 433, 157, 335, 565, 771, 645, 393, 404, 362, 286, 341, 67, 654, 962, 863, 401, 445, 365, 845, 816, 609, 500, 476, 804, 805, 705, 295, 60, 607, 918, 363, 525, 35, 643, 333, 887, 968, 813, 388, 102, 788, 822, 398, 576, 287, 826, 591, 727, 292, 830, 64, 970, 551, 835, 25, 29, 699, 899, 227, 307, 41, 116, 418, 195, 343, 474, 261, 848, 103, 969, 354, 10, 611, 23, 646, 226, 269, 687, 747, 43, 666, 373, 914, 1, 592, 217, 530, 867, 869, 753, 63, 870, 844, 285, 505, 321, 45, 996, 621, 865, 642, 499, 122, 690, 800, 991, 513, 65, 86, 890, 748, 31, 600, 510, 466, 325, 179, 282, 498, 127, 241, 938, 948, 34, 28, 281, 17, 872, 56, 353, 861, 191, 95, 91, 38, 685, 107, 775, 90, 358, 460, 211, 464, 502, 412, 926, 274, 752, 375, 293, 263, 839, 933, 294, 126, 553, 165, 879, 138, 406, 438, 953, 145, 977, 305, 144, 669, 469, 374, 613, 425, 167, 92, 985, 912, 947, 888, 920, 693, 523, 131, 436, 232, 638, 692, 271, 221, 55, 701, 254, 712, 945, 437, 456, 175, 622, 369, 164, 917, 528, 836, 750, 983, 637, 618, 257, 681, 266, 882, 256, 310, 94, 345, 479, 832, 575, 199, 251, 999, 929]}