{"num_steps": 750, "num_stays": 0, "time": 254.81461660600326, "iter": 750, "locally": true, "temperature": 0.45298496773170366, "cooling": 0.45298496773170366, "distance": 133372761, "path": [912, 2, 903, 4, 234, 875, 261, 8, 834, 807, 873, 189, 13, 212, 451, 663, 283, 841, 549, 43, 21, 292, 898, 284, 501, 206, 27, 28, 305, 650, 120, 83, 570, 34, 725, 503, 837, 932, 670, 616, 291, 42, 714, 139, 345, 704, 854, 200, 49, 686, 522, 827, 468, 403, 92, 208, 96, 395, 602, 847, 879, 951, 894, 509, 65, 86, 676, 68, 606, 70, 692, 755, 629, 169, 852, 907, 112, 396, 547, 623, 874, 82, 146, 165, 151, 121, 326, 67, 89, 895, 706, 812, 93, 984, 279, 57, 524, 407, 48, 15, 101, 436, 128, 647, 105, 481, 107, 519, 163, 965, 995, 944, 269, 114, 494, 868, 904, 411, 325, 31, 600, 575, 760, 958, 270, 119, 254, 849, 129, 276, 961, 507, 554, 911, 315, 88, 782, 577, 184, 678, 828, 142, 434, 859, 399, 56, 742, 946, 188, 150, 544, 937, 243, 290, 738, 268, 493, 158, 925, 109, 84, 162, 309, 978, 923, 337, 787, 378, 824, 170, 717, 440, 823, 118, 948, 982, 262, 178, 117, 878, 372, 521, 183, 242, 185, 258, 330, 463, 471, 122, 312, 192, 340, 415, 50, 462, 581, 130, 199, 447, 360, 202, 640, 862, 648, 886, 44, 368, 694, 210, 134, 753, 586, 223, 432, 843, 473, 537, 370, 220, 53, 38, 667, 264, 802, 113, 778, 530, 733, 230, 596, 795, 700, 719, 986, 236, 154, 238, 287, 655, 256, 562, 153, 125, 245, 781, 98, 193, 249, 980, 251, 419, 758, 186, 990, 857, 798, 555, 259, 260, 620, 492, 565, 224, 645, 266, 182, 842, 561, 838, 489, 272, 444, 927, 298, 313, 785, 278, 39, 928, 589, 282, 297, 252, 617, 910, 239, 316, 289, 814, 288, 660, 168, 611, 231, 856, 115, 428, 299, 300, 728, 248, 393, 713, 518, 306, 194, 590, 413, 721, 361, 801, 630, 7, 761, 480, 379, 247, 513, 977, 996, 750, 338, 934, 691, 569, 3, 328, 329, 449, 439, 786, 731, 334, 453, 336, 376, 32, 385, 914, 677, 244, 599, 167, 156, 303, 705, 281, 349, 737, 246, 352, 353, 354, 16, 356, 357, 920, 359, 201, 311, 564, 363, 881, 5, 497, 516, 135, 545, 383, 371, 341, 58, 425, 799, 924, 377, 950, 137, 909, 381, 382, 219, 649, 339, 718, 387, 952, 930, 621, 528, 917, 66, 240, 900, 314, 576, 398, 386, 582, 197, 405, 54, 159, 880, 195, 504, 976, 573, 410, 482, 404, 204, 400, 155, 681, 641, 796, 79, 414, 421, 661, 423, 712, 477, 638, 639, 225, 429, 430, 450, 215, 988, 332, 435, 964, 255, 441, 331, 172, 560, 442, 227, 41, 335, 446, 319, 543, 765, 913, 960, 277, 108, 627, 216, 267, 790, 11, 6, 46, 106, 922, 572, 171, 35, 475, 176, 803, 469, 883, 12, 133, 343, 474, 941, 808, 100, 90, 775, 273, 461, 187, 754, 73, 653, 181, 487, 173, 794, 673, 957, 783, 945, 17, 323, 851, 772, 816, 724, 809, 9, 559, 715, 344, 889, 506, 470, 723, 511, 510, 373, 512, 727, 514, 280, 141, 764, 981, 81, 520, 123, 426, 523, 295, 365, 689, 351, 166, 588, 563, 789, 532, 971, 534, 136, 85, 615, 967, 190, 625, 541, 774, 448, 536, 810, 546, 26, 548, 37, 779, 20, 897, 935, 149, 257, 556, 367, 901, 502, 478, 821, 940, 391, 472, 23, 566, 111, 943, 87, 720, 646, 592, 687, 800, 539, 397, 138, 668, 820, 580, 69, 420, 942, 533, 585, 688, 587, 529, 568, 308, 870, 369, 593, 595, 792, 768, 597, 766, 844, 47, 885, 62, 989, 72, 974, 819, 51, 608, 250, 196, 348, 858, 633, 614, 876, 40, 1, 152, 651, 882, 320, 409, 80, 591, 679, 626, 374, 628, 709, 402, 631, 632, 893, 634, 635, 636, 18, 213, 427, 535, 604, 729, 484, 644, 708, 571, 488, 392, 384, 30, 296, 741, 756, 680, 612, 656, 825, 538, 659, 871, 422, 662, 452, 832, 690, 747, 777, 140, 94, 431, 671, 310, 490, 465, 675, 198, 622, 390, 540, 531, 350, 682, 45, 684, 102, 174, 793, 458, 526, 665, 618, 144, 915, 209, 302, 696, 697, 698, 222, 963, 853, 304, 346, 177, 214, 973, 707, 265, 613, 710, 751, 732, 235, 342, 424, 674, 124, 584, 525, 33, 233, 347, 508, 78, 716, 931, 594, 748, 865, 730, 683, 36, 483, 993, 735, 861, 191, 147, 739, 939, 160, 605, 743, 953, 896, 180, 666, 806, 987, 695, 711, 908, 14, 203, 467, 495, 916, 780, 749, 767, 466, 994, 763, 406, 416, 143, 355, 459, 97, 745, 317, 366, 773, 542, 443, 759, 74, 417, 550, 253, 455, 228, 949, 515, 771, 598, 486, 788, 840, 286, 791, 318, 654, 962, 445, 401, 863, 831, 722, 574, 476, 500, 609, 804, 805, 969, 10, 578, 607, 918, 891, 552, 846, 887, 333, 813, 968, 643, 553, 579, 275, 822, 104, 703, 657, 826, 52, 610, 797, 830, 64, 664, 551, 25, 835, 836, 672, 498, 839, 116, 418, 263, 307, 322, 845, 954, 558, 848, 103, 408, 833, 75, 301, 161, 855, 226, 619, 99, 71, 652, 364, 817, 77, 864, 207, 921, 867, 63, 869, 218, 457, 872, 485, 892, 769, 229, 237, 746, 61, 966, 744, 499, 76, 884, 601, 145, 877, 491, 818, 890, 811, 557, 505, 285, 992, 770, 179, 517, 899, 127, 241, 59, 327, 762, 905, 906, 217, 752, 175, 22, 866, 132, 95, 784, 157, 959, 205, 362, 919, 358, 460, 211, 955, 860, 412, 926, 274, 437, 375, 998, 726, 293, 933, 294, 1000, 936, 850, 938, 740, 829, 624, 757, 324, 24, 389, 148, 947, 380, 815, 693, 126, 388, 736, 19, 637, 956, 888, 464, 583, 454, 131, 60, 232, 685, 110, 271, 221, 55, 701, 699, 438, 972, 91, 456, 975, 496, 527, 164, 979, 970, 29, 394, 983, 669, 985, 902, 603, 433, 776, 702, 997, 658, 734, 479, 567, 321, 642, 991, 999, 929]}