{"num_steps": 1250, "num_stays": 41, "time": 7.656454881998798, "iter": 1250, "locally": true, "temperature": 2, "cooling": 0.42061002871312153, "distance": 11122, "path": [25, 4, 6, 48, 24, 5, 15, 8, 9, 10, 11, 52, 14, 13, 47, 29, 17, 3, 41, 19, 45, 32, 49, 34, 46, 28, 27, 26, 16, 50, 20, 23, 31, 22, 1, 35, 36, 39, 40, 18, 21, 42, 7, 2, 30, 44, 37, 38, 43, 33, 51, 12]}