{"num_steps": 110, "num_stays": 5, "time": 0.007953853000799427, "iter": 110, "locally": false, "temperature": 0.6357954260094133, "cooling": 1, "distance": 225902, "path": [1, 117, 70, 4, 5, 46, 97, 139, 9, 132, 11, 12, 13, 35, 15, 16, 17, 18, 19, 20, 143, 22, 65, 24, 25, 7, 27, 28, 29, 3, 110, 103, 33, 40, 14, 71, 124, 38, 39, 34, 41, 100, 43, 120, 45, 6, 129, 60, 63, 68, 10, 99, 53, 54, 102, 56, 57, 58, 26, 48, 61, 107, 49, 64, 23, 66, 67, 133, 69, 122, 42, 72, 83, 74, 98, 86, 85, 78, 79, 137, 81, 82, 73, 84, 109, 76, 55, 104, 89, 90, 91, 92, 93, 44, 95, 96, 36, 75, 52, 59, 101, 87, 142, 88, 105, 106, 62, 108, 77, 31, 111, 112, 113, 114, 126, 116, 2, 118, 119, 94, 121, 30, 123, 37, 125, 115, 127, 128, 47, 130, 131, 51, 80, 134, 135, 136, 50, 138, 8, 140, 141, 32, 21, 144, 145, 146, 147, 148, 149, 150]}