{"num_steps": 110, "num_stays": 2, "time": 0.007844170999305788, "iter": 110, "locally": false, "temperature": 2, "cooling": 0.6357954260094133, "distance": 18816, "path": [30, 2, 3, 45, 5, 6, 46, 8, 9, 10, 11, 12, 13, 14, 15, 16, 20, 18, 19, 17, 21, 50, 23, 47, 25, 26, 27, 52, 29, 1, 31, 4, 33, 43, 35, 36, 37, 38, 39, 40, 41, 32, 34, 7, 42, 22, 24, 49, 48, 28, 51, 44]}