{"num_steps": 100, "num_stays": 7, "time": 0.006881322999106487, "iter": 100, "locally": false, "temperature": 2, "cooling": 0.6486524615632605, "distance": 18846, "path": [30, 2, 3, 45, 5, 6, 46, 8, 9, 10, 11, 12, 13, 14, 15, 16, 20, 18, 19, 17, 21, 50, 23, 47, 25, 26, 27, 28, 29, 1, 31, 4, 33, 43, 35, 36, 37, 38, 39, 40, 41, 32, 34, 7, 42, 22, 24, 49, 48, 52, 51, 44]}