{"num_steps": 12500, "num_stays": 5035, "time": 0.7955418359997566, "iter": 12500, "locally": false, "temperature": 2, "cooling": 0.31801073142728103, "distance": 11373, "path": [35, 34, 44, 46, 26, 27, 28, 4, 43, 33, 51, 11, 12, 25, 1, 22, 23, 30, 29, 47, 14, 52, 13, 37, 49, 32, 38, 24, 5, 15, 6, 48, 16, 50, 20, 31, 18, 45, 19, 8, 41, 17, 7, 2, 42, 21, 3, 9, 10, 40, 39, 36]}