{"num_steps": 750, "num_stays": 7, "time": 0.049118502996861935, "iter": 750, "locally": false, "temperature": 2, "cooling": 0.45298496773170366, "distance": 14081, "path": [36, 49, 44, 25, 26, 27, 12, 4, 43, 33, 11, 51, 28, 46, 16, 20, 21, 42, 30, 47, 52, 14, 13, 32, 3, 18, 24, 48, 5, 6, 15, 40, 39, 35, 31, 23, 50, 29, 19, 8, 41, 2, 7, 17, 22, 1, 45, 10, 9, 38, 37, 34]}