{"num_steps": 20000, "num_stays": 1936, "time": 1.2710962229975848, "iter": 20000, "locally": false, "temperature": 2, "cooling": 0.3029205311307877, "distance": 11374, "path": [35, 34, 44, 46, 26, 27, 28, 4, 43, 33, 51, 11, 12, 25, 1, 22, 23, 30, 29, 47, 14, 52, 13, 37, 49, 32, 38, 24, 6, 15, 5, 48, 16, 50, 20, 31, 18, 45, 19, 8, 41, 17, 7, 2, 42, 21, 3, 9, 10, 40, 39, 36]}