{"num_steps": 1250, "num_stays": 3, "time": 0.08149108199722832, "iter": 1250, "locally": false, "temperature": 2, "cooling": 0.42061002871312153, "distance": 13541, "path": [36, 49, 44, 25, 26, 27, 12, 4, 43, 33, 11, 51, 28, 46, 16, 29, 21, 22, 30, 47, 13, 14, 52, 18, 3, 32, 24, 48, 5, 6, 15, 40, 39, 34, 23, 20, 50, 31, 19, 8, 41, 17, 7, 2, 42, 1, 45, 9, 10, 38, 37, 35]}