{"num_steps": 1000, "num_stays": 20, "time": 0.07147762299427995, "iter": 1000, "locally": false, "temperature": 2, "cooling": 0.4341689026682404, "distance": 249063, "path": [1, 2, 3, 4, 5, 6, 7, 8, 9, 10, 11, 12, 13, 14, 15, 16, 17, 18, 19, 24, 21, 22, 23, 20, 25, 26, 27, 28, 29, 30, 31, 32, 33, 34, 35, 36, 37, 38, 39, 40, 41, 56, 43, 44, 45, 46, 47, 48, 92, 50, 51, 112, 53, 54, 55, 52, 57, 58, 59, 60, 61, 62, 63, 64, 65, 66, 67, 84, 198, 96, 71, 72, 133, 74, 75, 138, 77, 78, 79, 42, 81, 82, 83, 68, 85, 86, 87, 88, 89, 90, 91, 49, 93, 94, 95, 70, 97, 107, 99, 100, 109, 102, 147, 104, 164, 106, 124, 110, 101, 103, 111, 80, 113, 114, 115, 116, 117, 118, 119, 120, 121, 122, 123, 237, 125, 126, 127, 128, 129, 130, 144, 132, 73, 134, 135, 136, 137, 76, 349, 140, 141, 142, 143, 291, 155, 145, 108, 148, 149, 150, 151, 242, 153, 154, 146, 156, 157, 443, 227, 220, 383, 162, 163, 169, 165, 166, 167, 168, 105, 170, 171, 172, 173, 174, 175, 176, 177, 178, 179, 180, 181, 182, 183, 277, 185, 186, 388, 188, 205, 190, 191, 400, 193, 194, 195, 196, 197, 387, 199, 350, 201, 202, 187, 204, 189, 206, 207, 208, 209, 210, 211, 212, 376, 249, 215, 286, 217, 192, 328, 160, 262, 284, 223, 258, 267, 219, 159, 228, 229, 230, 231, 232, 233, 317, 235, 365, 384, 238, 239, 240, 241, 226, 243, 244, 245, 246, 247, 214, 248, 352, 319, 252, 253, 254, 255, 315, 294, 224, 259, 260, 261, 221, 263, 264, 265, 442, 412, 268, 269, 270, 271, 272, 273, 498, 275, 276, 391, 433, 357, 280, 296, 282, 283, 222, 285, 353, 287, 288, 297, 131, 312, 333, 402, 362, 295, 321, 289, 298, 299, 300, 301, 302, 303, 304, 225, 306, 307, 203, 309, 310, 358, 336, 313, 314, 256, 316, 234, 318, 251, 320, 216, 322, 323, 372, 432, 326, 360, 152, 329, 330, 459, 398, 250, 334, 335, 369, 337, 338, 339, 340, 266, 428, 343, 184, 476, 331, 347, 290, 139, 356, 311, 292, 344, 474, 355, 200, 279, 351, 359, 327, 361, 257, 363, 485, 236, 366, 367, 368, 348, 370, 371, 324, 410, 374, 380, 213, 377, 378, 278, 448, 381, 382, 161, 98, 385, 386, 69, 308, 389, 390, 281, 392, 393, 453, 395, 396, 375, 332, 399, 346, 401, 341, 403, 404, 405, 406, 293, 408, 409, 373, 411, 305, 413, 414, 415, 416, 417, 418, 419, 420, 421, 422, 423, 424, 425, 426, 427, 342, 429, 439, 431, 325, 379, 434, 218, 436, 437, 438, 430, 440, 441, 407, 158, 444, 445, 446, 447, 397, 449, 450, 451, 452, 394, 454, 455, 456, 480, 458, 435, 460, 461, 462, 463, 464, 465, 466, 467, 468, 469, 470, 471, 472, 473, 354, 481, 345, 477, 478, 479, 457, 475, 482, 483, 484, 364, 504, 487, 488, 489, 490, 491, 492, 493, 494, 495, 496, 497, 274, 499, 500, 501, 502, 505, 486, 503, 506, 507, 508, 509, 510, 511, 512, 513, 514, 515, 516, 517, 518, 523, 520, 521, 522, 519, 524, 525, 526, 527, 528, 529, 530, 531, 532]}