{"num_steps": 1500, "num_stays": 0, "time": 0.10668669299775502, "iter": 1500, "locally": false, "temperature": 2, "cooling": 0.4101412716225879, "distance": 235233, "path": [1, 2, 3, 4, 5, 6, 7, 8, 9, 10, 11, 12, 13, 14, 15, 16, 17, 18, 19, 24, 21, 22, 23, 20, 25, 26, 87, 28, 29, 30, 31, 32, 33, 34, 35, 36, 37, 38, 39, 40, 41, 56, 43, 44, 45, 46, 47, 48, 92, 50, 51, 112, 53, 54, 55, 52, 57, 58, 59, 60, 61, 62, 63, 64, 65, 66, 67, 84, 198, 96, 71, 72, 94, 74, 75, 138, 178, 191, 79, 42, 81, 82, 83, 68, 85, 86, 27, 166, 89, 90, 91, 49, 93, 133, 95, 70, 97, 107, 99, 100, 160, 102, 147, 104, 164, 106, 124, 146, 101, 103, 142, 80, 113, 114, 115, 116, 326, 118, 119, 120, 121, 122, 123, 237, 125, 126, 127, 128, 177, 130, 144, 132, 73, 134, 135, 136, 137, 76, 349, 140, 141, 111, 143, 291, 155, 145, 108, 148, 149, 150, 151, 242, 153, 154, 179, 156, 157, 443, 227, 220, 383, 162, 163, 169, 167, 88, 165, 168, 105, 170, 171, 172, 173, 174, 175, 176, 129, 77, 110, 180, 181, 182, 183, 277, 185, 186, 211, 188, 205, 190, 78, 214, 193, 194, 195, 270, 448, 387, 199, 350, 201, 202, 187, 204, 189, 206, 207, 208, 209, 232, 388, 262, 376, 249, 215, 286, 217, 192, 328, 109, 212, 284, 223, 258, 267, 219, 159, 228, 161, 230, 231, 210, 233, 317, 235, 365, 384, 238, 239, 240, 241, 226, 243, 244, 245, 246, 247, 400, 248, 352, 319, 252, 253, 254, 255, 315, 294, 224, 259, 260, 261, 221, 263, 264, 346, 442, 412, 268, 269, 272, 271, 196, 273, 279, 275, 276, 391, 433, 397, 280, 296, 282, 283, 222, 285, 256, 287, 288, 297, 131, 312, 333, 402, 362, 410, 321, 289, 298, 299, 300, 301, 302, 303, 304, 225, 306, 307, 203, 309, 310, 358, 336, 313, 314, 278, 316, 234, 318, 308, 320, 216, 322, 323, 372, 432, 117, 360, 152, 329, 330, 459, 398, 250, 334, 335, 369, 337, 338, 339, 340, 266, 428, 343, 184, 476, 331, 347, 290, 480, 356, 311, 292, 344, 474, 355, 200, 498, 351, 452, 327, 361, 257, 363, 485, 236, 366, 367, 368, 348, 370, 371, 324, 295, 374, 380, 213, 377, 378, 353, 197, 342, 382, 229, 98, 385, 386, 69, 463, 364, 390, 281, 392, 403, 453, 395, 396, 481, 332, 399, 265, 401, 341, 393, 404, 405, 406, 490, 408, 409, 373, 411, 305, 413, 414, 415, 416, 417, 418, 419, 420, 421, 422, 423, 381, 425, 426, 427, 424, 429, 439, 431, 325, 379, 434, 218, 436, 437, 438, 430, 440, 441, 407, 158, 444, 445, 446, 447, 357, 449, 450, 451, 359, 394, 454, 455, 456, 139, 458, 435, 460, 461, 462, 375, 464, 465, 466, 467, 468, 469, 470, 471, 472, 473, 354, 251, 345, 477, 478, 479, 457, 475, 482, 483, 484, 389, 504, 489, 488, 487, 293, 491, 492, 493, 494, 495, 496, 497, 274, 499, 500, 501, 502, 505, 486, 503, 506, 507, 508, 509, 530, 525, 512, 513, 514, 515, 516, 517, 518, 511, 520, 521, 522, 519, 524, 523, 526, 527, 528, 529, 510, 531, 532]}