{"num_steps": 5000, "num_stays": 0, "time": 0.3478368549986044, "iter": 5000, "locally": false, "temperature": 2, "cooling": 0.3522121755231006, "distance": 177296, "path": [1, 2, 3, 4, 5, 6, 7, 8, 9, 10, 11, 12, 13, 14, 18, 16, 17, 15, 19, 24, 21, 22, 23, 20, 28, 26, 87, 25, 29, 30, 31, 32, 33, 34, 35, 36, 37, 38, 39, 40, 56, 70, 79, 44, 45, 46, 47, 48, 92, 50, 205, 112, 53, 54, 55, 52, 57, 130, 59, 60, 61, 62, 41, 64, 65, 236, 180, 102, 119, 49, 71, 72, 85, 74, 163, 237, 178, 158, 51, 42, 81, 82, 83, 68, 94, 100, 27, 67, 43, 90, 91, 96, 93, 133, 66, 63, 86, 107, 99, 143, 160, 84, 97, 155, 164, 106, 124, 89, 101, 88, 142, 146, 113, 114, 115, 283, 282, 118, 134, 120, 187, 175, 123, 138, 125, 126, 127, 128, 257, 58, 144, 132, 156, 161, 154, 136, 137, 76, 204, 140, 141, 111, 80, 189, 104, 145, 108, 148, 149, 150, 105, 242, 153, 135, 179, 162, 157, 251, 406, 353, 192, 73, 75, 188, 167, 103, 166, 168, 151, 170, 171, 172, 173, 174, 177, 176, 129, 77, 110, 209, 181, 182, 183, 265, 185, 186, 211, 169, 78, 190, 212, 277, 193, 194, 227, 328, 339, 387, 139, 350, 117, 202, 201, 250, 224, 206, 207, 292, 332, 232, 373, 399, 376, 437, 215, 286, 226, 270, 198, 109, 147, 159, 223, 258, 315, 262, 208, 228, 295, 230, 231, 210, 233, 266, 235, 372, 384, 238, 243, 240, 341, 98, 239, 337, 245, 300, 321, 400, 433, 352, 319, 312, 269, 259, 253, 254, 294, 197, 196, 260, 325, 221, 263, 264, 309, 401, 385, 412, 255, 272, 271, 267, 241, 279, 370, 276, 391, 429, 397, 280, 191, 326, 383, 222, 285, 165, 287, 288, 252, 367, 364, 333, 402, 428, 410, 247, 289, 298, 299, 246, 213, 398, 303, 304, 297, 306, 307, 203, 219, 310, 358, 313, 336, 378, 497, 393, 234, 344, 261, 216, 225, 322, 323, 365, 371, 121, 95, 152, 349, 330, 432, 302, 361, 390, 256, 369, 471, 338, 359, 407, 348, 351, 343, 184, 476, 331, 347, 290, 278, 356, 327, 274, 268, 249, 455, 450, 498, 355, 217, 311, 360, 122, 363, 485, 320, 366, 346, 368, 481, 442, 459, 324, 305, 374, 380, 422, 421, 314, 220, 375, 342, 382, 229, 452, 317, 386, 69, 116, 329, 334, 462, 460, 403, 474, 490, 396, 431, 345, 131, 214, 275, 200, 316, 404, 405, 291, 395, 408, 409, 388, 420, 423, 413, 414, 415, 416, 417, 418, 392, 411, 377, 301, 362, 381, 430, 426, 427, 424, 425, 439, 218, 357, 379, 434, 463, 436, 453, 438, 447, 440, 335, 340, 296, 444, 445, 318, 248, 273, 308, 281, 451, 448, 394, 454, 458, 502, 199, 284, 435, 419, 461, 449, 195, 464, 465, 466, 467, 468, 469, 470, 244, 472, 473, 354, 443, 441, 477, 478, 479, 457, 475, 482, 483, 484, 389, 508, 489, 488, 487, 500, 519, 492, 493, 494, 495, 496, 480, 446, 499, 293, 501, 456, 505, 486, 503, 506, 507, 521, 509, 530, 525, 512, 513, 514, 515, 517, 516, 518, 511, 520, 504, 522, 491, 524, 523, 526, 527, 528, 529, 510, 531, 532]}