{"num_steps": 1250, "num_stays": 10, "time": 0.08307156999944709, "iter": 1250, "locally": false, "temperature": 0.42061002871312153, "cooling": 1, "distance": 112324, "path": [142, 2, 117, 9, 93, 58, 89, 138, 95, 5, 85, 33, 13, 14, 136, 41, 17, 11, 79, 90, 88, 16, 106, 92, 139, 133, 86, 83, 135, 100, 103, 37, 147, 132, 55, 20, 46, 96, 39, 107, 30, 141, 72, 28, 130, 108, 47, 63, 122, 42, 31, 109, 118, 66, 97, 56, 27, 35, 59, 36, 127, 94, 38, 104, 65, 80, 143, 148, 48, 71, 128, 43, 57, 67, 81, 126, 52, 78, 51, 150, 12, 145, 87, 110, 23, 62, 7, 34, 125, 6, 134, 131, 84, 18, 19, 75, 8, 4, 40, 54, 64, 69, 111, 99, 137, 102, 21, 10, 24, 113, 74, 15, 32, 45, 91, 70, 129, 124, 119, 123, 120, 149, 115, 25, 101, 82, 114, 44, 1, 49, 53, 22, 26, 29, 112, 121, 144, 116, 68, 50, 146, 76, 3, 140, 98, 60, 77, 61, 73, 105]}