{"num_steps": 750, "num_stays": 28, "time": 0.04995580299873836, "iter": 750, "locally": false, "temperature": 0.45298496773170366, "cooling": 1, "distance": 127580, "path": [81, 68, 117, 140, 93, 130, 4, 138, 37, 5, 85, 147, 13, 14, 136, 51, 17, 11, 108, 90, 88, 16, 8, 86, 139, 133, 69, 83, 112, 100, 103, 95, 33, 132, 55, 20, 123, 96, 39, 101, 142, 127, 72, 44, 2, 73, 47, 79, 122, 42, 31, 10, 124, 80, 97, 56, 27, 35, 59, 102, 141, 94, 38, 104, 65, 66, 143, 148, 48, 128, 71, 43, 62, 67, 105, 76, 52, 78, 41, 150, 12, 9, 87, 110, 23, 57, 7, 34, 107, 6, 134, 131, 84, 18, 19, 75, 113, 89, 40, 54, 64, 61, 111, 137, 99, 36, 21, 109, 74, 106, 24, 15, 32, 45, 91, 70, 129, 118, 119, 120, 46, 149, 115, 25, 125, 82, 114, 28, 92, 49, 53, 22, 26, 29, 135, 121, 144, 116, 58, 50, 146, 126, 3, 145, 98, 60, 77, 1, 63, 30]}