{"num_steps": 250, "num_stays": 1, "time": 0.016752895000536228, "iter": 250, "locally": false, "temperature": 0.5425514917581086, "cooling": 1, "distance": 172797, "path": [1, 2, 117, 4, 15, 29, 7, 142, 37, 10, 11, 147, 13, 14, 46, 88, 17, 18, 19, 6, 21, 16, 31, 86, 93, 133, 127, 87, 112, 100, 103, 95, 33, 132, 35, 106, 57, 12, 39, 101, 116, 148, 72, 44, 114, 73, 47, 79, 122, 42, 51, 40, 124, 80, 97, 56, 8, 130, 59, 102, 141, 94, 38, 104, 65, 66, 89, 105, 48, 3, 71, 43, 77, 63, 75, 76, 52, 78, 41, 150, 81, 9, 83, 110, 23, 115, 140, 34, 96, 90, 137, 92, 84, 32, 108, 67, 113, 61, 68, 54, 64, 20, 85, 98, 99, 36, 27, 74, 109, 58, 134, 60, 111, 45, 91, 69, 131, 118, 119, 120, 136, 149, 123, 25, 125, 126, 143, 28, 129, 49, 53, 22, 26, 55, 135, 121, 144, 138, 139, 128, 146, 82, 50, 145, 24, 70, 62, 107, 5, 30]}