{"num_steps": 100, "num_stays": 0, "time": 0.006670340997516178, "iter": 100, "locally": false, "temperature": 0.6486524615632605, "cooling": 1, "distance": 210104, "path": [1, 2, 117, 4, 73, 112, 7, 8, 9, 10, 11, 32, 13, 14, 46, 16, 17, 18, 19, 6, 21, 88, 31, 24, 25, 26, 148, 140, 29, 30, 103, 121, 33, 34, 35, 36, 37, 12, 39, 52, 48, 42, 72, 44, 114, 15, 47, 79, 84, 50, 51, 40, 124, 77, 134, 56, 142, 58, 59, 102, 141, 62, 74, 64, 65, 66, 67, 68, 69, 70, 71, 43, 80, 63, 75, 76, 101, 78, 41, 93, 81, 57, 83, 110, 23, 91, 87, 132, 89, 90, 137, 92, 122, 94, 95, 96, 113, 98, 105, 54, 100, 60, 85, 104, 99, 106, 27, 38, 109, 49, 111, 20, 97, 45, 115, 116, 61, 118, 119, 120, 136, 5, 123, 131, 125, 126, 127, 128, 129, 130, 53, 22, 133, 55, 135, 108, 144, 138, 139, 28, 146, 82, 143, 86, 145, 3, 147, 107, 149, 150]}