{"num_steps": 5000, "num_stays": 0, "time": 0.32808606199978385, "iter": 5000, "locally": false, "temperature": 0.3522121755231006, "cooling": 1, "distance": 78652, "path": [67, 108, 81, 9, 25, 58, 93, 114, 116, 103, 146, 33, 13, 14, 71, 41, 17, 45, 47, 113, 88, 53, 106, 92, 139, 63, 20, 35, 123, 100, 5, 37, 147, 73, 135, 48, 52, 96, 78, 30, 34, 150, 98, 28, 130, 148, 142, 42, 122, 80, 31, 118, 124, 26, 97, 75, 19, 90, 24, 36, 102, 111, 104, 38, 65, 4, 143, 119, 83, 136, 128, 43, 3, 132, 82, 101, 39, 46, 149, 27, 86, 57, 145, 87, 125, 117, 12, 7, 62, 131, 8, 49, 137, 79, 134, 89, 133, 2, 40, 54, 64, 69, 91, 72, 18, 99, 59, 141, 127, 21, 74, 15, 32, 11, 84, 70, 129, 66, 56, 51, 55, 120, 115, 29, 68, 144, 44, 138, 1, 6, 16, 22, 94, 10, 112, 121, 107, 85, 140, 50, 126, 76, 95, 110, 77, 60, 23, 109, 61, 105]}