{"num_steps": 2000, "num_stays": 18, "time": 0.13261142099872814, "iter": 2000, "locally": false, "temperature": 0.3946380808164572, "cooling": 1, "distance": 96586, "path": [142, 148, 117, 9, 86, 58, 89, 138, 101, 5, 146, 33, 13, 14, 71, 41, 17, 11, 79, 90, 88, 16, 106, 92, 139, 93, 27, 83, 120, 100, 103, 37, 147, 132, 55, 20, 46, 96, 39, 107, 30, 34, 23, 28, 130, 108, 67, 63, 122, 42, 31, 118, 124, 66, 97, 56, 8, 21, 59, 36, 102, 94, 38, 104, 65, 80, 143, 4, 109, 136, 128, 43, 3, 48, 144, 116, 78, 52, 123, 150, 12, 145, 87, 110, 35, 62, 125, 7, 141, 131, 134, 6, 84, 18, 19, 75, 133, 2, 40, 54, 64, 69, 111, 99, 137, 127, 72, 10, 24, 113, 74, 15, 32, 45, 91, 70, 129, 26, 119, 51, 135, 149, 115, 29, 95, 82, 114, 44, 1, 49, 53, 22, 47, 25, 112, 121, 81, 85, 68, 50, 126, 76, 73, 140, 77, 60, 98, 61, 57, 105]}