{"num_steps": 1000, "num_stays": 23, "time": 0.06651118899753783, "iter": 1000, "locally": false, "temperature": 0.4341689026682404, "cooling": 1, "distance": 117928, "path": [142, 58, 117, 140, 93, 2, 4, 138, 37, 5, 85, 33, 13, 14, 136, 41, 17, 11, 79, 90, 88, 16, 113, 92, 139, 133, 86, 83, 135, 100, 103, 95, 147, 132, 55, 20, 46, 96, 39, 101, 30, 127, 72, 28, 130, 108, 47, 63, 122, 42, 31, 10, 124, 66, 97, 56, 27, 35, 59, 102, 141, 94, 38, 104, 65, 80, 143, 148, 48, 71, 128, 43, 62, 67, 105, 76, 52, 78, 51, 150, 12, 9, 87, 110, 23, 57, 7, 34, 107, 6, 134, 131, 84, 18, 19, 75, 8, 89, 40, 54, 64, 69, 111, 137, 99, 36, 21, 109, 74, 106, 24, 15, 32, 45, 91, 70, 129, 118, 119, 120, 123, 149, 115, 25, 125, 82, 114, 44, 61, 49, 53, 22, 26, 29, 112, 121, 144, 116, 68, 50, 146, 126, 3, 145, 98, 60, 77, 1, 73, 81]}