{"num_steps": 500, "num_stays": 0, "time": 0.03335335299925646, "iter": 500, "locally": false, "temperature": 0.4824236873665897, "cooling": 1, "distance": 141696, "path": [1, 20, 117, 7, 93, 130, 4, 116, 37, 5, 85, 147, 13, 14, 46, 51, 17, 111, 108, 90, 88, 16, 31, 86, 139, 133, 148, 87, 112, 100, 103, 95, 33, 132, 35, 60, 115, 96, 39, 101, 142, 127, 72, 44, 2, 73, 47, 79, 122, 42, 8, 68, 124, 80, 97, 56, 27, 55, 59, 102, 141, 94, 38, 104, 65, 66, 143, 67, 48, 128, 71, 43, 62, 69, 105, 76, 52, 78, 41, 150, 12, 9, 83, 110, 23, 57, 140, 34, 107, 6, 134, 129, 84, 18, 19, 75, 113, 89, 40, 54, 64, 61, 11, 137, 99, 36, 21, 109, 74, 106, 24, 15, 32, 45, 91, 70, 131, 118, 119, 120, 136, 149, 123, 25, 125, 126, 114, 28, 92, 49, 53, 22, 26, 29, 135, 121, 144, 138, 58, 3, 146, 82, 50, 145, 98, 10, 77, 81, 63, 30]}