{"num_steps": 1500, "num_stays": 12, "time": 0.09973020200050087, "iter": 1500, "locally": false, "temperature": 0.4101412716225879, "cooling": 1, "distance": 103712, "path": [142, 2, 117, 9, 27, 58, 89, 138, 95, 5, 116, 33, 13, 14, 136, 41, 17, 11, 79, 90, 88, 16, 106, 92, 139, 8, 86, 83, 135, 100, 103, 37, 147, 132, 55, 20, 46, 96, 39, 107, 30, 141, 21, 28, 130, 108, 109, 63, 122, 42, 31, 124, 118, 66, 97, 56, 93, 23, 59, 36, 102, 94, 38, 104, 65, 80, 143, 4, 48, 71, 128, 43, 3, 67, 144, 146, 52, 78, 51, 150, 12, 145, 87, 110, 35, 62, 34, 7, 125, 131, 134, 6, 84, 18, 19, 75, 133, 148, 40, 54, 64, 69, 111, 99, 137, 127, 72, 10, 24, 113, 74, 15, 32, 45, 91, 70, 129, 26, 119, 123, 120, 149, 115, 25, 101, 82, 114, 44, 1, 49, 53, 22, 47, 29, 112, 121, 81, 85, 68, 50, 126, 76, 57, 140, 77, 60, 98, 61, 73, 105]}