{"num_steps": 100, "num_stays": 0, "time": 0.6495073400001274, "iter": 100, "locally": true, "temperature": 2, "cooling": 0.6486524615632605, "distance": 11525, "path": [25, 48, 24, 38, 5, 15, 43, 8, 9, 10, 11, 52, 13, 14, 47, 16, 31, 18, 41, 19, 45, 32, 49, 22, 1, 28, 27, 26, 29, 30, 23, 20, 50, 34, 35, 36, 37, 40, 39, 3, 17, 7, 2, 42, 21, 44, 46, 6, 4, 33, 51, 12]}