{"num_steps": 100, "num_stays": 1, "time": 0.0068718969996552914, "iter": 100, "locally": false, "temperature": 0.6486524615632605, "cooling": 0.6486524615632605, "distance": 234244, "path": [114, 2, 1, 4, 5, 6, 7, 60, 143, 10, 11, 12, 13, 14, 15, 16, 127, 18, 52, 20, 21, 22, 8, 122, 25, 33, 78, 93, 29, 137, 31, 32, 26, 34, 35, 54, 50, 38, 39, 40, 41, 44, 59, 141, 45, 23, 47, 136, 49, 131, 51, 19, 53, 74, 55, 128, 46, 58, 61, 57, 43, 62, 86, 64, 65, 66, 75, 149, 69, 70, 71, 87, 135, 36, 67, 73, 77, 27, 79, 80, 108, 82, 95, 68, 85, 121, 72, 88, 89, 90, 91, 92, 28, 94, 24, 96, 97, 98, 99, 100, 81, 106, 103, 113, 105, 102, 107, 101, 109, 63, 111, 9, 3, 104, 115, 56, 117, 118, 119, 129, 110, 83, 123, 142, 125, 126, 17, 116, 120, 130, 148, 42, 133, 134, 132, 48, 30, 138, 139, 140, 76, 124, 144, 112, 145, 146, 147, 37, 84, 150]}