{"num_steps": 100000, "num_stays": 2222, "time": 6.550798522999685, "iter": 100000, "locally": false, "temperature": 2, "cooling": 0.2605762364791912, "distance": 49449, "path": [146, 33, 76, 13, 82, 116, 101, 121, 30, 107, 112, 132, 29, 46, 34, 57, 93, 28, 142, 105, 2, 126, 95, 96, 78, 52, 48, 100, 14, 140, 138, 31, 70, 22, 16, 88, 94, 79, 106, 84, 38, 104, 111, 102, 99, 113, 68, 147, 103, 37, 5, 39, 85, 108, 58, 61, 25, 81, 69, 73, 50, 44, 114, 144, 64, 40, 54, 67, 148, 133, 89, 42, 122, 80, 118, 124, 26, 129, 66, 65, 4, 97, 49, 6, 63, 1, 125, 51, 109, 21, 74, 141, 59, 127, 10, 90, 119, 143, 56, 139, 8, 77, 110, 23, 98, 91, 32, 11, 17, 15, 45, 60, 62, 150, 20, 86, 35, 27, 149, 3, 136, 71, 41, 128, 43, 123, 115, 120, 83, 55, 12, 130, 92, 75, 19, 53, 134, 137, 18, 24, 36, 72, 47, 131, 87, 145, 9, 7, 117, 135]}