{"num_steps": 10000, "num_stays": 29, "time": 0.6571622760020546, "iter": 10000, "locally": false, "temperature": 2, "cooling": 0.32571378934955336, "distance": 75576, "path": [107, 33, 76, 13, 25, 81, 73, 44, 116, 101, 112, 29, 3, 14, 132, 7, 63, 6, 92, 8, 82, 126, 95, 5, 78, 52, 100, 96, 39, 50, 64, 143, 16, 70, 22, 137, 105, 142, 134, 18, 24, 104, 111, 102, 99, 47, 108, 146, 103, 37, 123, 43, 115, 131, 90, 53, 75, 69, 30, 121, 147, 2, 40, 54, 144, 114, 85, 68, 93, 106, 42, 138, 89, 31, 118, 124, 26, 129, 4, 97, 49, 1, 28, 58, 61, 125, 87, 51, 45, 21, 74, 59, 141, 72, 113, 130, 122, 80, 56, 119, 10, 11, 91, 57, 20, 150, 98, 17, 15, 32, 109, 23, 110, 77, 62, 12, 83, 145, 9, 34, 48, 71, 41, 55, 117, 149, 46, 136, 128, 120, 35, 60, 19, 65, 66, 94, 88, 79, 84, 38, 36, 127, 139, 148, 133, 67, 86, 27, 140, 135]}