{"num_steps": 500, "num_stays": 8, "time": 0.0343560740002431, "iter": 500, "locally": false, "temperature": 2, "cooling": 0.4824236873665897, "distance": 148994, "path": [15, 64, 147, 140, 93, 105, 142, 44, 30, 121, 112, 29, 103, 52, 39, 58, 36, 24, 68, 8, 122, 13, 126, 76, 78, 100, 14, 101, 107, 120, 117, 139, 70, 18, 141, 33, 54, 95, 55, 38, 113, 84, 99, 104, 59, 119, 134, 116, 146, 81, 40, 43, 132, 92, 22, 45, 127, 74, 123, 96, 37, 114, 69, 85, 108, 3, 136, 57, 111, 66, 89, 23, 35, 20, 32, 75, 16, 97, 42, 90, 26, 56, 49, 12, 61, 135, 125, 25, 67, 133, 63, 91, 17, 98, 131, 5, 124, 53, 138, 65, 79, 106, 10, 109, 150, 27, 77, 86, 102, 137, 28, 51, 9, 149, 1, 4, 143, 6, 148, 145, 48, 71, 34, 7, 50, 82, 41, 128, 46, 2, 144, 62, 60, 118, 129, 94, 88, 19, 73, 21, 11, 47, 72, 130, 80, 31, 110, 87, 115, 83]}