{"num_steps": 50000, "num_stays": 1072, "time": 3.2441464830044424, "iter": 50000, "locally": false, "temperature": 2, "cooling": 0.27726898191482147, "distance": 52855, "path": [147, 33, 76, 13, 82, 116, 39, 121, 30, 107, 112, 132, 29, 46, 7, 57, 93, 1, 130, 105, 2, 126, 95, 96, 78, 52, 48, 100, 14, 69, 138, 31, 70, 22, 16, 134, 137, 79, 106, 84, 38, 104, 111, 102, 99, 113, 44, 146, 103, 37, 5, 101, 34, 58, 28, 108, 25, 81, 85, 68, 73, 50, 114, 144, 64, 40, 54, 67, 148, 133, 89, 42, 122, 80, 118, 124, 26, 129, 66, 65, 4, 97, 49, 6, 63, 51, 125, 61, 109, 21, 74, 141, 59, 127, 10, 90, 119, 143, 56, 139, 92, 98, 23, 110, 77, 91, 32, 15, 17, 11, 45, 60, 62, 150, 20, 86, 35, 27, 149, 3, 71, 41, 136, 43, 115, 120, 128, 123, 55, 83, 12, 142, 8, 75, 19, 53, 88, 94, 18, 24, 36, 72, 47, 131, 87, 145, 9, 117, 140, 135]}