{"num_steps": 1250, "num_stays": 1, "time": 0.08370496200222988, "iter": 1250, "locally": false, "temperature": 2, "cooling": 0.42061002871312153, "distance": 117909, "path": [20, 33, 147, 142, 93, 108, 40, 44, 116, 121, 112, 29, 30, 101, 39, 131, 63, 6, 92, 8, 122, 13, 126, 76, 78, 100, 14, 52, 107, 120, 23, 70, 66, 137, 141, 114, 144, 85, 72, 84, 113, 102, 99, 104, 111, 134, 148, 103, 146, 2, 140, 43, 132, 28, 45, 22, 106, 86, 123, 96, 37, 5, 64, 54, 95, 82, 145, 12, 16, 53, 130, 117, 87, 67, 119, 75, 139, 97, 124, 90, 49, 138, 1, 58, 61, 135, 125, 25, 51, 15, 36, 17, 109, 98, 150, 105, 42, 80, 56, 65, 79, 127, 32, 55, 57, 27, 77, 74, 21, 18, 38, 24, 9, 149, 69, 4, 143, 26, 73, 136, 48, 71, 34, 7, 50, 3, 41, 128, 46, 81, 68, 110, 60, 118, 129, 94, 88, 19, 10, 59, 11, 47, 91, 89, 133, 31, 62, 35, 115, 83]}