{"num_steps": 5000, "num_stays": 51, "time": 0.3314299510020646, "iter": 5000, "locally": false, "temperature": 2, "cooling": 0.3522121755231006, "distance": 88804, "path": [135, 33, 76, 95, 93, 108, 114, 2, 116, 121, 112, 29, 3, 101, 107, 117, 63, 6, 92, 8, 73, 126, 13, 37, 78, 14, 100, 52, 39, 20, 138, 75, 16, 137, 70, 22, 142, 105, 47, 10, 24, 104, 99, 102, 111, 113, 82, 146, 103, 5, 123, 43, 46, 120, 90, 106, 19, 81, 30, 96, 147, 44, 40, 54, 144, 50, 85, 68, 134, 53, 67, 69, 64, 31, 118, 124, 26, 65, 4, 97, 49, 1, 28, 58, 61, 145, 125, 87, 51, 21, 74, 11, 109, 98, 131, 130, 122, 80, 56, 119, 72, 141, 91, 57, 55, 27, 32, 17, 15, 18, 59, 23, 60, 35, 62, 45, 133, 148, 25, 132, 48, 71, 41, 7, 9, 140, 115, 128, 136, 149, 77, 110, 143, 66, 129, 94, 88, 79, 84, 127, 36, 38, 139, 89, 42, 150, 86, 12, 34, 83]}