{"num_steps": 20000, "num_stays": 2, "time": 1.3000693110006978, "iter": 20000, "locally": false, "temperature": 2, "cooling": 0.3029205311307877, "distance": 62591, "path": [101, 33, 76, 13, 121, 68, 50, 44, 85, 107, 112, 29, 46, 3, 132, 83, 1, 6, 92, 54, 82, 126, 95, 96, 78, 52, 48, 14, 30, 69, 138, 89, 70, 16, 53, 134, 137, 106, 79, 84, 24, 104, 111, 102, 99, 113, 25, 146, 103, 37, 5, 100, 55, 142, 105, 28, 93, 81, 73, 39, 147, 116, 114, 2, 40, 144, 64, 108, 67, 133, 8, 42, 122, 31, 118, 124, 26, 129, 65, 4, 66, 90, 49, 63, 61, 51, 125, 87, 11, 21, 74, 59, 141, 127, 10, 75, 56, 119, 143, 80, 130, 109, 23, 150, 62, 60, 45, 15, 17, 32, 91, 98, 110, 77, 20, 35, 86, 27, 7, 34, 136, 71, 41, 149, 12, 120, 123, 43, 128, 115, 117, 9, 139, 97, 19, 94, 22, 88, 18, 38, 36, 72, 47, 131, 148, 58, 57, 145, 140, 135]}