{"num_steps": 500000, "num_stays": 316852, "time": 33.70870876299887, "iter": 500000, "locally": false, "temperature": 2, "cooling": 0.22861728480240465, "distance": 48470, "path": [103, 146, 33, 76, 13, 147, 101, 121, 30, 107, 112, 132, 29, 46, 34, 57, 93, 28, 142, 105, 2, 126, 95, 96, 78, 52, 48, 100, 14, 68, 138, 31, 70, 22, 94, 16, 88, 79, 106, 84, 38, 104, 111, 102, 99, 113, 108, 116, 82, 37, 5, 39, 85, 140, 145, 87, 25, 81, 69, 73, 50, 44, 114, 144, 64, 40, 54, 67, 148, 133, 89, 42, 122, 80, 118, 124, 26, 129, 66, 65, 4, 97, 49, 6, 63, 1, 125, 51, 109, 21, 74, 141, 59, 127, 10, 90, 119, 143, 56, 139, 8, 77, 110, 23, 98, 91, 32, 11, 17, 15, 45, 60, 62, 150, 20, 86, 35, 27, 149, 3, 136, 71, 41, 128, 43, 123, 115, 120, 83, 55, 12, 130, 92, 75, 19, 53, 134, 137, 18, 24, 36, 72, 47, 131, 58, 61, 9, 7, 117, 135]}