{"num_steps": 5000, "num_stays": 124, "time": 0.33157950899840216, "iter": 5000, "locally": false, "temperature": 2, "cooling": 0.3522121755231006, "distance": 78698, "path": [110, 140, 135, 34, 25, 51, 125, 131, 15, 17, 11, 109, 142, 28, 113, 72, 21, 98, 23, 6, 90, 137, 4, 26, 129, 70, 88, 106, 105, 58, 96, 13, 103, 5, 37, 146, 147, 101, 12, 57, 107, 14, 48, 112, 132, 41, 3, 128, 136, 121, 78, 52, 46, 115, 120, 149, 86, 27, 35, 150, 47, 92, 8, 75, 63, 67, 82, 126, 76, 33, 114, 60, 45, 74, 141, 32, 91, 68, 50, 73, 81, 61, 49, 19, 89, 10, 59, 127, 36, 38, 24, 1, 93, 116, 95, 85, 9, 7, 29, 100, 71, 30, 39, 108, 148, 42, 31, 133, 53, 102, 99, 104, 84, 130, 64, 144, 2, 138, 56, 143, 97, 134, 79, 18, 111, 16, 94, 22, 66, 65, 119, 139, 80, 118, 124, 122, 83, 123, 43, 44, 40, 54, 69, 87, 145, 117, 55, 20, 77, 62]}