{"num_steps": 100, "num_stays": 0, "time": 0.006810413000494009, "iter": 100, "locally": false, "temperature": 2, "cooling": 0.6486524615632605, "distance": 231158, "path": [68, 128, 3, 4, 5, 6, 89, 126, 9, 10, 11, 27, 13, 78, 15, 16, 17, 18, 19, 20, 34, 22, 23, 24, 25, 26, 145, 28, 29, 30, 31, 2, 103, 73, 51, 113, 148, 123, 12, 40, 41, 115, 43, 107, 45, 46, 47, 48, 49, 1, 132, 52, 147, 54, 55, 87, 57, 58, 59, 60, 71, 62, 63, 64, 112, 66, 140, 50, 37, 70, 106, 72, 21, 74, 117, 76, 77, 14, 32, 80, 81, 120, 83, 84, 85, 135, 7, 88, 56, 90, 91, 131, 93, 94, 95, 96, 97, 53, 99, 100, 101, 102, 33, 67, 105, 61, 44, 108, 109, 110, 111, 65, 36, 114, 42, 116, 75, 118, 119, 69, 121, 122, 38, 82, 125, 8, 127, 79, 129, 130, 92, 35, 133, 134, 86, 136, 137, 141, 139, 104, 138, 142, 98, 144, 39, 146, 143, 124, 149, 150]}