{"num_steps": 250, "num_stays": 4, "time": 0.017088990000047488, "iter": 250, "locally": false, "temperature": 2, "cooling": 0.5425514917581086, "distance": 195978, "path": [68, 128, 41, 94, 5, 78, 89, 143, 130, 56, 11, 85, 13, 28, 15, 23, 17, 18, 63, 20, 34, 83, 16, 127, 25, 26, 10, 6, 29, 69, 133, 96, 103, 73, 51, 62, 148, 139, 12, 61, 3, 115, 43, 107, 30, 46, 27, 120, 49, 1, 82, 52, 147, 54, 55, 149, 57, 58, 59, 60, 71, 113, 19, 75, 86, 9, 140, 50, 37, 70, 45, 72, 21, 74, 117, 32, 77, 101, 35, 80, 81, 48, 22, 84, 47, 135, 150, 102, 106, 90, 88, 131, 93, 4, 95, 2, 97, 53, 99, 100, 14, 132, 145, 67, 105, 40, 44, 108, 109, 110, 111, 65, 36, 31, 66, 116, 92, 118, 119, 76, 121, 122, 38, 104, 125, 8, 24, 79, 129, 42, 64, 33, 114, 134, 112, 136, 137, 141, 123, 91, 138, 142, 98, 144, 39, 146, 126, 124, 87, 7]}