{"num_steps": 750, "num_stays": 17, "time": 0.05092989499826217, "iter": 750, "locally": false, "temperature": 2, "cooling": 0.45298496773170366, "distance": 135210, "path": [35, 48, 87, 91, 146, 78, 89, 148, 15, 17, 11, 113, 142, 28, 130, 141, 59, 110, 82, 126, 54, 137, 16, 70, 66, 26, 143, 6, 10, 109, 50, 96, 103, 73, 136, 62, 63, 139, 12, 25, 101, 3, 43, 29, 30, 68, 121, 55, 83, 60, 13, 52, 147, 34, 120, 149, 57, 86, 27, 1, 64, 31, 19, 75, 77, 9, 140, 5, 37, 76, 58, 72, 21, 74, 23, 32, 45, 115, 46, 85, 81, 39, 22, 36, 47, 150, 49, 102, 106, 90, 88, 131, 93, 144, 95, 2, 108, 69, 41, 100, 71, 132, 51, 67, 105, 40, 44, 97, 4, 8, 111, 134, 84, 80, 61, 116, 92, 42, 119, 127, 56, 122, 38, 104, 99, 18, 24, 94, 129, 65, 133, 33, 114, 118, 124, 53, 135, 14, 123, 107, 138, 79, 98, 125, 145, 117, 128, 112, 20, 7]}