{"num_steps": 1500, "num_stays": 7, "time": 0.10108797199791297, "iter": 1500, "locally": false, "temperature": 2, "cooling": 0.4101412716225879, "distance": 113678, "path": [98, 7, 87, 37, 146, 80, 89, 148, 15, 17, 11, 109, 142, 28, 130, 141, 59, 110, 82, 126, 54, 137, 16, 70, 66, 26, 88, 6, 10, 113, 136, 78, 103, 73, 50, 62, 77, 35, 12, 132, 101, 14, 3, 29, 107, 68, 48, 128, 46, 121, 13, 52, 147, 34, 120, 149, 57, 27, 86, 131, 47, 92, 19, 75, 63, 9, 140, 5, 33, 76, 114, 72, 21, 74, 91, 32, 45, 135, 83, 85, 81, 61, 22, 8, 64, 150, 36, 111, 106, 90, 127, 1, 93, 144, 95, 2, 23, 125, 41, 100, 71, 30, 69, 108, 105, 40, 44, 58, 4, 38, 102, 24, 84, 96, 39, 116, 31, 42, 119, 143, 56, 122, 49, 104, 99, 18, 94, 134, 129, 65, 133, 67, 97, 118, 124, 53, 115, 43, 123, 25, 138, 79, 139, 51, 145, 112, 55, 117, 20, 60]}