{"num_steps": 500, "num_stays": 3, "time": 0.033988744999078335, "iter": 500, "locally": false, "temperature": 2, "cooling": 0.4824236873665897, "distance": 150719, "path": [68, 48, 4, 79, 5, 78, 89, 148, 15, 17, 11, 80, 91, 28, 130, 141, 121, 110, 126, 13, 54, 49, 16, 70, 66, 26, 63, 6, 10, 53, 71, 96, 103, 73, 87, 62, 143, 139, 12, 61, 101, 3, 43, 29, 30, 35, 27, 120, 83, 60, 82, 52, 147, 34, 55, 149, 57, 86, 59, 1, 64, 31, 19, 75, 58, 9, 140, 50, 37, 76, 77, 72, 21, 74, 23, 32, 45, 115, 46, 85, 81, 128, 22, 84, 47, 135, 137, 102, 106, 90, 88, 131, 93, 144, 95, 2, 97, 69, 41, 100, 14, 132, 51, 67, 105, 40, 44, 108, 109, 18, 111, 134, 36, 113, 25, 116, 92, 118, 119, 127, 56, 122, 38, 104, 99, 8, 24, 94, 129, 65, 133, 33, 114, 42, 124, 136, 150, 117, 123, 107, 138, 142, 98, 125, 145, 146, 39, 112, 20, 7]}