{"num_steps": 2000, "num_stays": 16, "time": 0.13419868299752125, "iter": 2000, "locally": false, "temperature": 2, "cooling": 0.3946380808164572, "distance": 105448, "path": [98, 7, 135, 37, 146, 80, 89, 148, 15, 17, 11, 109, 142, 28, 130, 141, 91, 110, 62, 125, 22, 137, 134, 70, 66, 26, 88, 84, 10, 113, 136, 52, 103, 82, 50, 73, 20, 57, 12, 132, 107, 14, 48, 29, 101, 41, 3, 128, 46, 121, 13, 78, 112, 34, 120, 149, 35, 27, 86, 131, 47, 92, 8, 75, 63, 23, 140, 126, 33, 76, 114, 72, 21, 74, 59, 32, 45, 87, 147, 85, 81, 61, 49, 19, 64, 150, 36, 104, 106, 90, 127, 1, 93, 144, 95, 44, 9, 5, 30, 100, 71, 96, 69, 108, 105, 40, 2, 58, 4, 38, 99, 24, 6, 68, 39, 116, 31, 42, 119, 143, 56, 122, 79, 111, 102, 18, 94, 16, 129, 65, 133, 67, 97, 118, 124, 53, 115, 123, 43, 25, 138, 54, 139, 51, 145, 83, 55, 117, 77, 60]}