{"num_steps": 1250, "num_stays": 1, "time": 0.08443655199880595, "iter": 1250, "locally": false, "temperature": 2, "cooling": 0.42061002871312153, "distance": 117012, "path": [35, 7, 87, 37, 146, 80, 89, 148, 15, 17, 11, 109, 142, 28, 130, 141, 59, 110, 82, 126, 54, 137, 16, 70, 66, 26, 88, 6, 10, 113, 136, 96, 103, 73, 50, 62, 77, 98, 12, 25, 101, 14, 3, 29, 132, 68, 48, 128, 46, 121, 13, 52, 147, 34, 120, 149, 57, 86, 27, 1, 47, 92, 19, 75, 63, 9, 140, 5, 33, 76, 58, 72, 21, 74, 91, 32, 45, 115, 83, 85, 81, 61, 22, 8, 64, 150, 38, 102, 106, 90, 127, 131, 93, 144, 95, 2, 108, 125, 41, 100, 71, 30, 69, 23, 105, 40, 44, 97, 4, 36, 111, 24, 84, 78, 39, 116, 31, 42, 119, 143, 56, 122, 49, 104, 99, 18, 94, 134, 129, 65, 133, 67, 114, 118, 124, 53, 135, 43, 123, 107, 138, 79, 139, 51, 145, 112, 55, 117, 20, 60]}