{"num_steps": 1000, "num_stays": 7, "time": 0.06776249500035192, "iter": 1000, "locally": false, "temperature": 2, "cooling": 0.4341689026682404, "distance": 126051, "path": [35, 48, 87, 37, 146, 78, 89, 148, 15, 17, 11, 113, 142, 28, 130, 141, 59, 110, 82, 126, 54, 137, 16, 70, 66, 26, 127, 6, 10, 109, 50, 96, 103, 73, 136, 62, 77, 98, 12, 25, 101, 14, 3, 29, 30, 68, 121, 55, 83, 60, 13, 52, 147, 34, 120, 149, 57, 86, 27, 1, 64, 31, 19, 75, 63, 9, 140, 5, 33, 76, 58, 72, 21, 74, 91, 32, 45, 115, 46, 85, 81, 61, 22, 36, 47, 150, 49, 102, 106, 90, 88, 131, 93, 144, 95, 2, 108, 69, 41, 100, 71, 132, 125, 67, 105, 40, 44, 97, 4, 8, 111, 24, 84, 80, 39, 116, 92, 42, 119, 143, 56, 122, 38, 104, 99, 18, 134, 94, 129, 65, 133, 23, 114, 118, 124, 53, 135, 43, 123, 107, 138, 79, 139, 51, 145, 117, 128, 112, 20, 7]}