{"num_steps": 7500, "num_stays": 6, "time": 0.5861374499945669, "iter": 7500, "locally": false, "temperature": 2, "cooling": 0.3362126234748237, "distance": 261729721, "path": [606, 922, 334, 818, 316, 377, 106, 602, 779, 413, 926, 907, 178, 623, 824, 755, 827, 220, 554, 437, 313, 383, 683, 936, 156, 288, 482, 928, 590, 123, 707, 27, 98, 499, 677, 22, 801, 765, 177, 680, 226, 909, 168, 26, 95, 301, 538, 208, 96, 652, 714, 107, 867, 523, 973, 435, 878, 287, 854, 686, 931, 130, 458, 271, 966, 172, 360, 567, 600, 18, 857, 736, 242, 55, 193, 66, 449, 695, 678, 811, 556, 743, 395, 696, 920, 89, 464, 315, 574, 337, 885, 796, 844, 872, 723, 956, 953, 255, 259, 155, 51, 579, 99, 10, 231, 269, 114, 542, 284, 381, 195, 162, 461, 100, 782, 91, 265, 853, 48, 157, 406, 879, 397, 531, 24, 122, 800, 747, 626, 693, 870, 490, 418, 568, 998, 974, 582, 73, 705, 283, 264, 957, 454, 536, 964, 200, 965, 441, 249, 896, 524, 971, 213, 209, 327, 338, 187, 371, 185, 873, 160, 802, 778, 174, 888, 328, 890, 250, 550, 921, 656, 494, 244, 444, 969, 359, 700, 173, 289, 489, 445, 645, 784, 673, 975, 379, 628, 883, 731, 429, 848, 430, 742, 105, 276, 753, 647, 699, 241, 480, 958, 995, 474, 11, 559, 637, 239, 367, 282, 560, 786, 948, 388, 148, 740, 305, 356, 944, 563, 672, 310, 817, 829, 532, 902, 186, 39, 881, 113, 808, 233, 116, 919, 348, 741, 320, 682, 892, 679, 882, 329, 331, 321, 76, 658, 279, 235, 146, 949, 933, 581, 650, 728, 659, 634, 687, 236, 300, 893, 688, 624, 573, 278, 17, 188, 433, 238, 372, 493, 533, 409, 591, 40, 505, 32, 711, 138, 376, 472, 85, 702, 21, 562, 774, 819, 280, 592, 115, 717, 485, 660, 720, 82, 985, 322, 460, 86, 613, 575, 350, 549, 247, 610, 876, 967, 69, 175, 135, 483, 166, 5, 364, 411, 642, 527, 617, 251, 710, 50, 519, 923, 75, 181, 234, 724, 522, 108, 319, 685, 149, 847, 469, 92, 962, 654, 701, 419, 715, 516, 330, 463, 954, 295, 393, 81, 776, 104, 240, 340, 684, 171, 326, 453, 503, 905, 646, 908, 443, 787, 744, 59, 897, 351, 365, 517, 41, 894, 904, 304, 101, 662, 373, 539, 389, 938, 90, 790, 911, 589, 681, 663, 8, 352, 277, 382, 712, 597, 455, 492, 698, 972, 620, 428, 979, 210, 836, 555, 140, 798, 937, 339, 256, 561, 387, 420, 605, 354, 198, 189, 212, 473, 721, 843, 739, 820, 946, 457, 630, 167, 947, 887, 569, 770, 262, 986, 245, 615, 164, 145, 136, 767, 745, 285, 219, 988, 143, 548, 586, 335, 38, 939, 355, 205, 633, 257, 87, 423, 729, 644, 601, 608, 422, 930, 632, 769, 943, 525, 785, 837, 7, 215, 706, 984, 410, 30, 738, 657, 571, 670, 132, 147, 891, 398, 484, 292, 221, 813, 53, 93, 675, 812, 272, 403, 12, 751, 498, 297, 880, 427, 989, 194, 697, 311, 243, 604, 214, 222, 627, 661, 31, 639, 477, 28, 990, 588, 254, 294, 35, 179, 841, 929, 791, 293, 612, 789, 918, 607, 518, 783, 611, 158, 204, 416, 290, 547, 125, 781, 438, 760, 400, 543, 552, 507, 404, 583, 203, 306, 15, 927, 823, 899, 20, 434, 621, 64, 864, 43, 759, 916, 640, 598, 834, 230, 415, 486, 756, 708, 446, 501, 456, 391, 424, 436, 713, 565, 248, 651, 386, 129, 869, 380, 475, 344, 889, 772, 735, 655, 727, 629, 874, 512, 417, 910, 133, 270, 421, 994, 103, 63, 218, 361, 23, 199, 970, 594, 959, 169, 384, 952, 703, 541, 396, 863, 227, 37, 346, 981, 426, 496, 558, 804, 13, 537, 191, 232, 578, 732, 529, 858, 467, 296, 268, 603, 60, 407, 332, 366, 62, 202, 544, 84, 273, 94, 671, 207, 577, 127, 261, 88, 725, 128, 795, 871, 447, 540, 336, 465, 861, 72, 25, 903, 402, 799, 850, 951, 302, 638, 520, 810, 570, 709, 19, 828, 442, 61, 983, 299, 849, 353, 450, 635, 431, 825, 987, 479, 884, 117, 112, 773, 898, 534, 842, 566, 349, 839, 978, 906, 481, 722, 1000, 343, 754, 225, 941, 323, 716, 665, 126, 137, 217, 102, 16, 1, 664, 763, 466, 312, 275, 514, 992, 806, 865, 325, 120, 955, 163, 925, 757, 182, 576, 190, 152, 52, 636, 845, 599, 70, 860, 318, 968, 46, 110, 777, 982, 960, 206, 667, 161, 500, 476, 4, 119, 45, 551, 452, 619, 641, 170, 478, 935, 196, 521, 488, 258, 653, 370, 291, 439, 29, 980, 362, 197, 914, 266, 511, 49, 859, 977, 237, 180, 77, 614, 838, 414, 42, 487, 509, 856, 733, 674, 375, 6, 508, 425, 68, 56, 564, 183, 976, 252, 719, 131, 224, 788, 118, 79, 451, 223, 432, 961, 718, 378, 886, 780, 345, 440, 65, 506, 471, 793, 618, 730, 9, 815, 676, 176, 855, 694, 737, 792, 201, 668, 286, 357, 746, 764, 807, 580, 596, 616, 298, 901, 816, 412, 805, 267, 399, 545, 468, 341, 749, 852, 963, 246, 866, 913, 141, 991, 111, 3, 934, 631, 333, 184, 274, 993, 950, 211, 557, 44, 748, 814, 691, 78, 851, 734, 826, 822, 153, 228, 448, 253, 97, 150, 459, 515, 546, 768, 895, 109, 462, 67, 809, 846, 692, 831, 401, 758, 159, 303, 124, 587, 595, 593, 794, 945, 752, 408, 669, 2, 151, 862, 649, 495, 766, 47, 192, 229, 996, 121, 999, 912, 553, 997, 57, 666, 324, 797, 917, 368, 704, 832, 513, 139, 835, 900, 154, 260, 690, 510, 385, 771, 363, 33, 775, 165, 803, 58, 643, 609, 347, 263, 726, 369, 761, 36, 875, 924, 309, 307, 840, 392, 317, 625, 80, 314, 535, 830, 942, 585, 394, 142, 390, 34, 762, 504, 14, 308, 940, 134, 833, 622, 530, 491, 877, 497, 572, 915, 374, 144, 932, 216, 821, 83, 528, 750, 71, 502, 584, 281, 342, 74, 648, 868, 405, 689, 526, 54, 470, 358]}