{"num_steps": 12500, "num_stays": 27, "time": 0.9729814960010117, "iter": 12500, "locally": false, "temperature": 2, "cooling": 0.31801073142728103, "distance": 227679333, "path": [606, 922, 334, 818, 316, 508, 106, 736, 927, 175, 926, 153, 178, 822, 824, 755, 827, 272, 554, 437, 313, 413, 344, 924, 156, 936, 482, 928, 590, 737, 707, 27, 776, 499, 269, 22, 801, 765, 177, 423, 69, 909, 523, 667, 607, 301, 538, 208, 96, 652, 714, 107, 867, 101, 973, 435, 878, 287, 854, 686, 931, 130, 458, 271, 966, 440, 360, 567, 600, 18, 994, 613, 491, 285, 193, 980, 449, 695, 149, 811, 138, 743, 186, 696, 920, 516, 403, 315, 574, 337, 885, 796, 844, 938, 723, 956, 279, 255, 259, 155, 51, 579, 99, 770, 252, 677, 114, 542, 284, 224, 195, 162, 461, 116, 369, 91, 939, 853, 48, 157, 839, 879, 397, 531, 24, 987, 800, 747, 309, 693, 870, 490, 778, 568, 998, 503, 20, 73, 705, 283, 264, 957, 645, 317, 964, 200, 965, 441, 249, 635, 524, 971, 636, 209, 327, 338, 119, 67, 464, 160, 113, 802, 5, 176, 888, 328, 890, 690, 300, 280, 656, 494, 725, 429, 969, 359, 700, 173, 289, 791, 445, 779, 784, 673, 958, 379, 628, 470, 731, 668, 191, 430, 742, 105, 276, 753, 88, 70, 241, 480, 434, 261, 474, 11, 559, 637, 239, 617, 904, 560, 786, 140, 442, 148, 142, 305, 356, 734, 563, 513, 310, 817, 829, 992, 838, 859, 39, 881, 873, 808, 233, 100, 919, 256, 562, 633, 570, 642, 687, 741, 329, 331, 321, 76, 658, 740, 391, 72, 949, 481, 581, 83, 728, 659, 857, 679, 378, 290, 893, 688, 624, 573, 63, 17, 188, 433, 238, 372, 493, 533, 409, 620, 40, 505, 32, 711, 556, 376, 472, 85, 608, 21, 757, 774, 392, 749, 406, 910, 717, 485, 660, 454, 308, 985, 58, 947, 86, 602, 575, 350, 612, 247, 510, 145, 967, 226, 383, 135, 483, 166, 42, 364, 411, 621, 527, 179, 133, 710, 90, 519, 923, 75, 181, 234, 724, 522, 108, 319, 685, 733, 847, 388, 92, 962, 654, 110, 167, 715, 816, 330, 463, 954, 295, 214, 81, 98, 104, 864, 340, 111, 171, 915, 453, 974, 646, 905, 908, 268, 787, 744, 59, 899, 351, 286, 251, 929, 983, 282, 131, 183, 619, 373, 539, 389, 184, 50, 790, 911, 589, 37, 346, 436, 352, 277, 382, 15, 834, 455, 697, 698, 972, 591, 428, 979, 210, 25, 555, 892, 386, 937, 339, 348, 561, 842, 420, 605, 103, 198, 189, 212, 473, 721, 843, 739, 820, 946, 457, 630, 489, 950, 887, 569, 840, 150, 986, 398, 615, 511, 312, 136, 640, 534, 634, 219, 988, 143, 548, 265, 810, 38, 576, 355, 205, 320, 257, 87, 680, 729, 644, 610, 830, 422, 930, 884, 47, 592, 525, 785, 837, 7, 215, 706, 984, 869, 30, 738, 657, 571, 670, 616, 147, 891, 245, 484, 702, 221, 813, 53, 93, 675, 647, 220, 185, 12, 751, 498, 297, 421, 427, 989, 536, 60, 848, 443, 125, 960, 222, 627, 975, 586, 543, 477, 28, 990, 588, 553, 294, 35, 367, 841, 41, 322, 582, 549, 789, 918, 95, 518, 783, 611, 158, 204, 416, 550, 547, 781, 604, 438, 760, 400, 639, 552, 961, 128, 583, 82, 306, 712, 795, 851, 897, 293, 661, 948, 64, 240, 43, 759, 916, 467, 598, 597, 161, 868, 217, 756, 495, 446, 501, 456, 235, 764, 963, 713, 565, 488, 651, 798, 129, 410, 358, 599, 68, 78, 772, 735, 655, 727, 629, 228, 512, 858, 880, 517, 270, 395, 164, 354, 408, 218, 361, 23, 199, 832, 594, 959, 169, 74, 97, 459, 541, 862, 244, 227, 102, 663, 981, 426, 216, 558, 804, 13, 537, 311, 232, 578, 732, 529, 396, 767, 296, 243, 603, 492, 407, 332, 366, 452, 202, 544, 933, 273, 94, 671, 207, 577, 127, 995, 812, 230, 404, 194, 871, 997, 540, 336, 465, 861, 766, 699, 903, 402, 799, 850, 951, 302, 638, 515, 335, 163, 828, 357, 999, 678, 61, 877, 115, 564, 353, 450, 896, 431, 825, 122, 479, 154, 623, 112, 703, 141, 745, 387, 566, 349, 415, 978, 906, 84, 722, 475, 318, 754, 187, 941, 211, 815, 665, 692, 137, 921, 62, 681, 1, 664, 763, 466, 666, 275, 514, 532, 806, 865, 325, 120, 955, 720, 925, 882, 182, 31, 190, 152, 52, 213, 894, 1000, 55, 626, 343, 476, 46, 782, 944, 982, 393, 206, 26, 6, 500, 631, 4, 341, 45, 172, 682, 662, 641, 170, 478, 935, 196, 521, 248, 258, 653, 370, 291, 439, 29, 66, 362, 197, 914, 266, 777, 49, 16, 977, 237, 835, 77, 614, 902, 414, 254, 814, 121, 109, 174, 674, 375, 863, 377, 425, 683, 246, 363, 168, 976, 231, 719, 304, 381, 10, 118, 79, 451, 223, 432, 507, 718, 236, 886, 780, 345, 551, 65, 506, 471, 793, 618, 730, 643, 716, 676, 709, 855, 180, 123, 792, 201, 444, 288, 19, 746, 794, 807, 580, 596, 132, 298, 901, 89, 412, 856, 872, 399, 545, 468, 701, 486, 852, 945, 56, 866, 913, 898, 991, 684, 418, 934, 968, 333, 225, 274, 993, 347, 845, 557, 44, 447, 487, 691, 889, 419, 836, 826, 117, 907, 874, 448, 253, 952, 262, 773, 520, 546, 768, 895, 805, 462, 371, 809, 846, 126, 831, 401, 758, 159, 303, 124, 587, 281, 593, 424, 8, 752, 278, 669, 2, 151, 394, 649, 708, 771, 797, 192, 229, 996, 509, 823, 326, 3, 748, 57, 876, 324, 769, 917, 368, 704, 970, 672, 139, 694, 900, 632, 260, 250, 601, 385, 146, 849, 33, 775, 165, 803, 469, 9, 609, 460, 263, 726, 267, 761, 36, 875, 365, 860, 821, 788, 819, 299, 625, 80, 314, 535, 292, 942, 585, 417, 953, 390, 34, 762, 504, 14, 203, 940, 134, 833, 622, 530, 242, 323, 497, 572, 912, 374, 144, 932, 496, 307, 650, 528, 750, 71, 502, 584, 595, 342, 384, 648, 943, 405, 689, 526, 54, 883, 380]}