{"num_steps": 1000, "num_stays": 4, "time": 0.08021212099993136, "iter": 1000, "locally": false, "temperature": 2, "cooling": 0.4341689026682404, "distance": 413423269, "path": [508, 819, 453, 989, 610, 530, 263, 602, 67, 850, 472, 143, 969, 346, 824, 134, 412, 7, 601, 792, 703, 383, 599, 162, 434, 120, 775, 175, 590, 783, 911, 719, 745, 167, 405, 168, 352, 722, 811, 680, 226, 584, 410, 268, 95, 206, 538, 42, 96, 996, 714, 35, 867, 36, 149, 481, 455, 332, 854, 686, 931, 682, 618, 735, 966, 395, 360, 817, 624, 18, 758, 880, 242, 689, 458, 66, 449, 695, 678, 780, 256, 743, 757, 979, 920, 993, 464, 315, 574, 200, 655, 633, 844, 130, 723, 672, 560, 255, 259, 155, 51, 579, 912, 157, 429, 859, 885, 539, 237, 945, 480, 184, 951, 233, 869, 663, 712, 91, 400, 136, 406, 312, 397, 5, 582, 684, 800, 747, 626, 693, 552, 222, 194, 568, 998, 861, 777, 858, 746, 452, 74, 957, 939, 536, 112, 337, 965, 917, 556, 322, 355, 971, 422, 285, 57, 577, 154, 371, 909, 622, 160, 191, 126, 513, 888, 328, 487, 690, 798, 921, 656, 628, 244, 444, 754, 216, 382, 517, 289, 968, 509, 336, 784, 673, 532, 524, 201, 304, 588, 527, 700, 827, 234, 75, 276, 984, 875, 699, 609, 195, 793, 995, 474, 11, 559, 637, 706, 367, 341, 953, 786, 307, 163, 148, 56, 305, 356, 178, 563, 372, 310, 893, 829, 174, 595, 762, 231, 933, 369, 807, 100, 972, 834, 547, 704, 942, 384, 681, 182, 266, 614, 291, 321, 650, 92, 279, 249, 894, 795, 479, 935, 76, 728, 659, 997, 642, 835, 300, 299, 390, 376, 283, 278, 17, 108, 494, 958, 427, 493, 107, 409, 501, 905, 612, 952, 677, 64, 600, 644, 340, 702, 874, 585, 219, 185, 13, 892, 111, 436, 981, 146, 254, 82, 583, 900, 460, 54, 62, 636, 350, 549, 717, 751, 788, 661, 330, 928, 135, 805, 765, 785, 770, 386, 529, 860, 787, 947, 47, 188, 271, 961, 225, 904, 281, 239, 818, 496, 319, 404, 564, 333, 572, 883, 941, 620, 744, 419, 258, 58, 727, 606, 954, 295, 639, 769, 248, 542, 240, 836, 122, 623, 197, 799, 286, 478, 982, 23, 443, 864, 991, 59, 974, 247, 365, 227, 41, 251, 181, 423, 69, 662, 373, 140, 389, 938, 851, 567, 726, 724, 351, 171, 8, 670, 932, 949, 265, 342, 878, 492, 698, 207, 937, 89, 716, 156, 173, 555, 104, 621, 202, 209, 287, 561, 749, 420, 605, 923, 489, 215, 345, 701, 721, 430, 739, 264, 359, 413, 630, 713, 742, 887, 736, 776, 433, 986, 387, 447, 32, 145, 484, 767, 980, 929, 511, 914, 907, 117, 131, 653, 38, 454, 262, 348, 593, 575, 741, 103, 63, 205, 664, 687, 34, 679, 512, 152, 943, 962, 737, 837, 731, 105, 543, 456, 841, 30, 292, 488, 40, 870, 895, 147, 891, 132, 773, 603, 801, 813, 53, 93, 675, 812, 505, 403, 771, 9, 327, 166, 903, 81, 796, 448, 354, 311, 243, 604, 324, 10, 615, 930, 31, 790, 546, 28, 990, 660, 362, 294, 88, 457, 696, 86, 791, 396, 544, 789, 241, 866, 483, 123, 873, 906, 204, 459, 296, 978, 125, 781, 438, 760, 428, 301, 554, 507, 976, 121, 408, 925, 840, 849, 261, 334, 20, 692, 502, 374, 313, 43, 759, 916, 651, 847, 919, 683, 635, 810, 756, 708, 591, 446, 273, 83, 520, 378, 499, 879, 308, 948, 98, 129, 733, 380, 475, 344, 889, 809, 519, 856, 12, 238, 550, 186, 571, 60, 133, 99, 876, 994, 734, 482, 218, 361, 985, 199, 959, 379, 19, 169, 293, 608, 398, 541, 329, 863, 309, 418, 214, 338, 426, 804, 705, 498, 280, 113, 37, 106, 578, 366, 477, 179, 467, 290, 250, 375, 797, 407, 245, 473, 253, 862, 323, 84, 114, 94, 71, 611, 665, 999, 685, 881, 725, 128, 815, 871, 648, 540, 645, 668, 586, 411, 172, 221, 402, 936, 298, 461, 302, 638, 424, 6, 377, 709, 868, 439, 740, 61, 1000, 557, 820, 808, 450, 144, 431, 825, 987, 828, 246, 548, 964, 779, 898, 534, 842, 566, 158, 124, 65, 52, 897, 975, 768, 343, 232, 598, 525, 967, 597, 766, 632, 137, 753, 138, 634, 1, 441, 763, 466, 164, 275, 190, 652, 24, 189, 325, 658, 955, 831, 119, 992, 896, 576, 80, 641, 688, 940, 845, 230, 497, 177, 101, 198, 46, 55, 531, 392, 963, 802, 667, 161, 500, 476, 4, 272, 45, 551, 25, 654, 647, 170, 592, 970, 196, 521, 33, 70, 110, 210, 331, 192, 29, 393, 415, 90, 988, 882, 902, 49, 832, 977, 562, 180, 77, 176, 838, 414, 270, 890, 445, 619, 782, 235, 657, 558, 463, 425, 68, 224, 217, 183, 220, 252, 78, 22, 761, 421, 326, 528, 451, 223, 537, 697, 718, 755, 886, 213, 288, 440, 922, 506, 816, 257, 193, 730, 569, 318, 676, 857, 855, 694, 465, 627, 486, 826, 631, 21, 269, 764, 353, 580, 913, 983, 707, 901, 471, 843, 363, 267, 616, 545, 468, 282, 339, 852, 490, 573, 607, 335, 141, 417, 738, 3, 715, 821, 50, 899, 274, 385, 710, 211, 522, 44, 910, 814, 691, 732, 944, 533, 934, 613, 153, 228, 297, 284, 97, 150, 748, 515, 381, 470, 565, 109, 462, 401, 772, 846, 370, 553, 73, 711, 950, 303, 839, 587, 349, 485, 794, 853, 752, 203, 570, 2, 151, 822, 649, 495, 596, 833, 48, 357, 187, 526, 127, 208, 778, 872, 617, 666, 640, 416, 306, 806, 368, 26, 115, 139, 16, 79, 260, 884, 229, 510, 629, 27, 589, 212, 159, 165, 516, 956, 643, 918, 347, 388, 72, 437, 960, 518, 432, 924, 523, 729, 15, 774, 317, 625, 514, 314, 535, 830, 320, 435, 394, 142, 87, 865, 442, 504, 14, 674, 581, 946, 399, 926, 669, 491, 877, 908, 469, 915, 358, 594, 277, 803, 503, 391, 102, 750, 671, 973, 118, 720, 927, 848, 646, 364, 39, 823, 316, 85, 236, 116]}