{"num_steps": 15000, "num_stays": 19, "time": 1.1669031029887265, "iter": 15000, "locally": false, "temperature": 2, "cooling": 0.311982018706988, "distance": 217495357, "path": [606, 922, 334, 818, 316, 508, 106, 359, 927, 175, 926, 153, 178, 822, 824, 755, 827, 343, 198, 437, 313, 413, 344, 924, 156, 936, 482, 928, 590, 737, 707, 27, 776, 499, 269, 22, 801, 765, 177, 423, 214, 783, 306, 667, 607, 301, 52, 208, 96, 652, 714, 107, 867, 101, 973, 745, 878, 620, 854, 49, 931, 958, 221, 271, 966, 440, 360, 567, 600, 18, 994, 115, 741, 285, 193, 980, 449, 695, 149, 811, 138, 743, 186, 696, 53, 516, 365, 315, 127, 337, 885, 796, 114, 828, 723, 956, 279, 255, 259, 155, 51, 579, 99, 770, 252, 725, 844, 542, 284, 848, 195, 273, 461, 116, 307, 91, 939, 853, 48, 157, 839, 995, 397, 531, 24, 987, 825, 747, 940, 434, 870, 490, 778, 568, 998, 503, 20, 73, 705, 308, 264, 957, 645, 317, 964, 299, 896, 441, 249, 635, 524, 971, 636, 226, 855, 471, 341, 67, 464, 160, 113, 802, 5, 813, 888, 328, 890, 777, 601, 280, 180, 494, 164, 429, 969, 736, 660, 628, 289, 791, 445, 779, 784, 673, 130, 379, 173, 470, 731, 668, 191, 430, 891, 105, 276, 753, 88, 962, 241, 309, 693, 261, 474, 11, 559, 637, 239, 617, 904, 560, 786, 140, 442, 179, 142, 305, 356, 734, 45, 513, 310, 817, 967, 992, 838, 850, 39, 881, 873, 808, 233, 100, 789, 256, 562, 633, 570, 642, 687, 491, 329, 331, 321, 76, 373, 740, 391, 72, 949, 677, 581, 83, 728, 659, 857, 679, 378, 290, 422, 688, 965, 573, 410, 17, 188, 433, 238, 535, 493, 533, 409, 31, 452, 690, 32, 711, 556, 376, 472, 85, 521, 21, 757, 774, 392, 749, 260, 699, 717, 485, 700, 454, 283, 985, 58, 947, 86, 859, 575, 350, 612, 684, 510, 145, 935, 768, 497, 135, 483, 906, 836, 291, 411, 621, 953, 148, 133, 710, 90, 519, 923, 75, 181, 234, 724, 522, 108, 319, 685, 733, 847, 388, 92, 110, 654, 70, 167, 715, 816, 330, 463, 954, 295, 69, 381, 98, 104, 324, 340, 87, 171, 915, 453, 974, 646, 905, 908, 268, 547, 744, 59, 899, 351, 174, 251, 929, 983, 282, 209, 183, 619, 917, 539, 389, 184, 50, 790, 911, 589, 37, 346, 60, 352, 277, 382, 15, 834, 455, 697, 698, 972, 400, 428, 979, 210, 25, 555, 892, 386, 937, 339, 348, 561, 842, 420, 605, 103, 554, 189, 212, 473, 721, 946, 739, 820, 843, 457, 630, 489, 950, 887, 569, 840, 150, 986, 398, 615, 511, 207, 136, 640, 534, 634, 657, 988, 143, 548, 265, 810, 38, 959, 355, 205, 495, 257, 111, 680, 780, 644, 417, 830, 893, 930, 884, 47, 592, 525, 785, 837, 7, 215, 706, 984, 869, 30, 738, 117, 571, 670, 616, 147, 742, 245, 484, 702, 458, 176, 920, 93, 675, 647, 220, 185, 12, 418, 498, 297, 421, 427, 989, 536, 436, 224, 443, 125, 960, 222, 404, 932, 586, 543, 477, 28, 990, 588, 553, 294, 35, 367, 574, 41, 322, 582, 549, 919, 918, 95, 518, 909, 611, 158, 204, 416, 550, 787, 781, 604, 438, 760, 952, 627, 552, 961, 128, 583, 82, 523, 712, 795, 851, 897, 293, 197, 948, 64, 44, 202, 759, 916, 467, 598, 597, 161, 638, 217, 756, 320, 446, 501, 246, 235, 764, 963, 713, 565, 488, 651, 798, 129, 63, 358, 599, 68, 78, 772, 735, 655, 727, 629, 228, 512, 275, 880, 517, 270, 395, 481, 354, 408, 218, 361, 23, 199, 832, 594, 576, 169, 74, 97, 459, 541, 862, 244, 938, 102, 663, 546, 426, 216, 558, 804, 13, 537, 311, 232, 578, 732, 529, 396, 767, 296, 112, 603, 492, 407, 332, 366, 648, 43, 544, 933, 162, 94, 671, 312, 577, 841, 879, 812, 230, 451, 194, 871, 997, 540, 336, 465, 861, 766, 910, 903, 402, 883, 602, 951, 302, 868, 515, 335, 163, 227, 357, 999, 678, 61, 877, 613, 564, 353, 450, 681, 431, 800, 122, 479, 729, 219, 243, 703, 141, 435, 387, 566, 349, 415, 978, 286, 84, 722, 475, 318, 754, 187, 941, 211, 815, 665, 692, 137, 921, 62, 406, 1, 664, 763, 466, 666, 858, 514, 532, 806, 865, 325, 120, 955, 281, 925, 882, 182, 40, 190, 152, 538, 213, 894, 1000, 55, 626, 272, 476, 46, 782, 944, 982, 393, 206, 26, 6, 500, 631, 4, 119, 563, 172, 682, 662, 641, 170, 478, 829, 196, 608, 248, 258, 653, 370, 835, 439, 29, 237, 362, 661, 914, 266, 505, 704, 16, 977, 66, 364, 77, 614, 902, 414, 254, 814, 793, 109, 166, 674, 375, 863, 377, 425, 288, 456, 363, 168, 976, 231, 792, 304, 81, 10, 118, 79, 639, 223, 432, 507, 718, 236, 886, 154, 345, 551, 65, 506, 338, 121, 618, 730, 643, 716, 676, 709, 327, 656, 123, 719, 201, 444, 683, 19, 746, 794, 807, 580, 596, 132, 298, 901, 89, 412, 856, 872, 399, 545, 468, 701, 486, 852, 945, 56, 866, 913, 898, 991, 247, 751, 934, 968, 333, 225, 274, 993, 347, 845, 557, 240, 447, 487, 691, 889, 419, 42, 826, 623, 907, 874, 448, 253, 591, 262, 773, 520, 981, 131, 895, 805, 462, 371, 809, 846, 126, 831, 401, 758, 159, 303, 124, 587, 720, 593, 424, 8, 752, 278, 374, 2, 151, 394, 649, 708, 771, 797, 192, 229, 996, 509, 823, 326, 3, 748, 57, 876, 864, 769, 658, 368, 686, 970, 672, 139, 694, 900, 632, 200, 250, 300, 385, 146, 849, 33, 775, 165, 803, 469, 9, 609, 460, 263, 726, 267, 761, 36, 875, 403, 860, 821, 788, 819, 624, 625, 80, 314, 372, 292, 942, 585, 610, 527, 390, 34, 762, 504, 14, 203, 480, 134, 833, 622, 530, 242, 323, 383, 572, 912, 669, 144, 975, 496, 369, 650, 528, 750, 71, 502, 584, 595, 342, 384, 287, 943, 405, 689, 526, 54, 799, 380]}