{"num_steps": 100, "num_stays": 1, "time": 0.00757502800115617, "iter": 100, "locally": false, "temperature": 2, "cooling": 0.6486524615632605, "distance": 232215, "path": [1, 38, 3, 114, 5, 41, 7, 8, 9, 58, 11, 115, 13, 14, 148, 105, 17, 18, 19, 91, 21, 10, 119, 24, 60, 20, 27, 100, 29, 30, 48, 25, 101, 34, 35, 36, 37, 2, 39, 69, 6, 45, 43, 44, 42, 46, 47, 139, 12, 62, 51, 118, 53, 54, 140, 56, 57, 22, 59, 26, 31, 50, 63, 127, 65, 66, 52, 68, 40, 70, 112, 72, 73, 97, 75, 76, 77, 78, 93, 80, 81, 82, 117, 84, 123, 86, 137, 88, 143, 90, 32, 92, 79, 94, 95, 96, 149, 98, 61, 28, 33, 102, 121, 104, 16, 106, 67, 108, 109, 110, 111, 128, 113, 4, 49, 116, 64, 107, 23, 120, 103, 122, 85, 124, 125, 126, 83, 71, 129, 130, 131, 132, 133, 134, 135, 136, 87, 138, 99, 55, 141, 142, 89, 144, 145, 146, 147, 15, 74, 150]}