{"num_steps": 200, "num_stays": 0, "time": 5.141745449000155, "iter": 200, "locally": true, "temperature": 2, "cooling": 0.5651561245618274, "distance": 56228, "path": [127, 59, 141, 17, 15, 35, 149, 46, 29, 132, 30, 146, 103, 52, 3, 43, 123, 115, 120, 83, 34, 107, 121, 71, 41, 136, 128, 55, 131, 47, 106, 16, 70, 129, 26, 124, 118, 4, 49, 6, 90, 79, 137, 66, 65, 119, 143, 54, 96, 78, 5, 37, 116, 2, 40, 64, 144, 114, 44, 50, 147, 33, 76, 13, 73, 108, 113, 38, 24, 18, 19, 97, 139, 8, 92, 75, 53, 134, 63, 1, 93, 28, 58, 51, 20, 12, 27, 86, 150, 62, 60, 11, 21, 72, 84, 10, 130, 142, 105, 148, 133, 89, 138, 61, 125, 140, 135, 81, 25, 67, 42, 122, 88, 94, 22, 56, 80, 31, 69, 112, 14, 100, 48, 101, 39, 95, 126, 82, 85, 68, 117, 9, 7, 57, 145, 87, 77, 110, 23, 98, 91, 45, 109, 32, 74, 36, 104, 111, 102, 99]}