{"num_steps": 10, "num_stays": 0, "time": 0.24895548800122924, "iter": 10, "locally": true, "temperature": 2, "cooling": 1.207288813145534, "distance": 174444, "path": [15, 99, 124, 17, 132, 57, 142, 45, 30, 121, 95, 146, 103, 52, 71, 43, 93, 67, 32, 36, 91, 85, 78, 41, 126, 100, 34, 20, 74, 147, 92, 118, 70, 129, 26, 49, 54, 29, 55, 109, 113, 18, 24, 104, 59, 119, 19, 5, 46, 60, 40, 37, 136, 140, 108, 133, 127, 86, 123, 96, 12, 114, 76, 13, 3, 105, 7, 128, 111, 66, 56, 145, 139, 47, 63, 75, 53, 94, 84, 90, 11, 35, 33, 125, 39, 101, 112, 150, 28, 120, 68, 10, 131, 98, 106, 6, 88, 149, 110, 65, 16, 89, 42, 81, 117, 27, 77, 44, 25, 137, 122, 144, 50, 22, 79, 4, 143, 31, 148, 107, 48, 116, 14, 83, 9, 82, 61, 1, 2, 58, 23, 62, 64, 8, 87, 97, 69, 51, 102, 21, 115, 135, 72, 130, 80, 134, 138, 73, 141, 38]}