{"num_steps": 70, "num_stays": 0, "time": 1.8266577460017288, "iter": 70, "locally": true, "temperature": 2, "cooling": 0.7014809939594299, "distance": 80436, "path": [102, 99, 59, 17, 150, 27, 115, 128, 30, 121, 147, 146, 103, 52, 3, 43, 123, 35, 23, 45, 91, 96, 78, 41, 71, 100, 34, 20, 131, 1, 92, 16, 70, 129, 26, 80, 54, 40, 93, 109, 113, 18, 24, 66, 124, 119, 133, 29, 46, 132, 5, 37, 116, 44, 64, 148, 142, 61, 135, 85, 68, 114, 76, 13, 33, 50, 72, 36, 111, 104, 19, 97, 139, 130, 63, 75, 53, 79, 106, 90, 6, 67, 108, 69, 73, 101, 83, 55, 149, 120, 12, 98, 74, 21, 84, 10, 105, 28, 8, 65, 118, 89, 42, 81, 117, 57, 7, 140, 25, 138, 122, 56, 88, 22, 94, 4, 143, 31, 144, 107, 48, 136, 14, 112, 39, 82, 126, 95, 2, 58, 110, 62, 86, 9, 87, 145, 125, 51, 15, 11, 32, 60, 77, 47, 49, 134, 137, 127, 141, 38]}