{"num_steps": 5, "num_stays": 0, "time": 0.11633442699894658, "iter": 5, "locally": true, "temperature": 2, "cooling": 1.5416950271092522, "distance": 211057, "path": [15, 99, 76, 17, 132, 57, 142, 45, 30, 121, 95, 146, 103, 52, 71, 43, 93, 67, 32, 36, 91, 85, 78, 41, 126, 100, 34, 20, 74, 147, 92, 118, 70, 129, 115, 49, 54, 29, 55, 109, 113, 18, 120, 104, 59, 119, 19, 5, 46, 60, 40, 37, 136, 140, 108, 133, 127, 86, 123, 96, 12, 114, 124, 13, 3, 105, 7, 128, 111, 66, 56, 145, 139, 47, 63, 75, 117, 94, 84, 90, 11, 35, 33, 125, 39, 101, 112, 150, 28, 24, 68, 10, 131, 98, 106, 6, 88, 149, 110, 65, 16, 83, 42, 81, 53, 27, 77, 44, 25, 137, 122, 144, 50, 22, 79, 4, 143, 31, 148, 107, 48, 116, 14, 89, 9, 82, 61, 1, 2, 58, 23, 62, 64, 8, 87, 97, 69, 51, 102, 21, 26, 135, 72, 130, 80, 134, 138, 73, 141, 38]}