{"num_steps": 500000, "num_stays": 436595, "time": 31.842650313003105, "iter": 500000, "locally": false, "temperature": 2, "cooling": 0.22861728480240465, "distance": 11344, "path": [35, 34, 44, 46, 26, 27, 28, 4, 43, 33, 51, 11, 12, 25, 1, 22, 23, 30, 29, 47, 14, 52, 13, 37, 49, 32, 38, 15, 6, 5, 24, 48, 16, 50, 20, 31, 18, 45, 19, 8, 41, 17, 7, 2, 42, 21, 3, 9, 10, 40, 39, 36]}