{"num_steps": 20, "num_stays": 0, "time": 0.15185484399989946, "iter": 20, "locally": true, "temperature": 2, "cooling": 0.9705463594460175, "distance": 12872, "path": [32, 3, 43, 33, 25, 46, 34, 39, 45, 8, 35, 36, 22, 17, 31, 18, 19, 41, 51, 11, 52, 14, 13, 27, 26, 28, 12, 4, 5, 24, 44, 50, 29, 47, 16, 23, 21, 42, 7, 2, 30, 20, 49, 1, 37, 6, 40, 10, 9, 48, 15, 38]}