{"num_steps": 5, "num_stays": 0, "time": 0.03318491299796733, "iter": 5, "locally": true, "temperature": 2, "cooling": 1.5416950271092522, "distance": 20166, "path": [32, 3, 43, 33, 31, 46, 34, 39, 45, 8, 35, 4, 22, 49, 25, 41, 23, 42, 40, 11, 52, 14, 51, 27, 26, 13, 28, 24, 5, 36, 15, 30, 29, 47, 37, 19, 21, 18, 7, 20, 50, 2, 17, 1, 16, 6, 12, 10, 9, 48, 44, 38]}