{"num_steps": 200, "num_stays": 149, "time": 1.2732054909974977, "iter": 200, "locally": true, "temperature": 2, "cooling": 0.5651561245618274, "distance": 9276, "path": [15, 6, 5, 24, 48, 38, 37, 40, 39, 34, 35, 36, 49, 1, 22, 18, 43, 33, 51, 11, 52, 14, 13, 27, 26, 28, 12, 4, 25, 46, 44, 16, 47, 29, 50, 20, 30, 2, 7, 42, 21, 23, 31, 17, 3, 41, 8, 9, 10, 19, 45, 32]}