{"num_steps": 110, "num_stays": 12, "time": 0.7662713809986599, "iter": 110, "locally": true, "temperature": 0.6357954260094133, "cooling": 0.6357954260094133, "distance": 11524, "path": [25, 48, 24, 38, 5, 15, 43, 8, 9, 10, 11, 52, 14, 13, 47, 16, 31, 18, 41, 19, 45, 32, 49, 22, 1, 28, 27, 26, 29, 30, 23, 20, 50, 34, 35, 36, 37, 40, 39, 3, 17, 7, 2, 42, 21, 44, 46, 6, 4, 33, 51, 12]}