{"num_steps": 250, "num_stays": 1, "time": 0.019824807000986766, "iter": 250, "locally": false, "temperature": 2, "cooling": 0.5425514917581086, "distance": 509506866, "path": [1, 2, 3, 4, 5, 6, 7, 8, 9, 10, 11, 12, 13, 14, 15, 576, 17, 18, 19, 20, 21, 22, 23, 838, 25, 26, 27, 28, 893, 840, 31, 32, 148, 976, 35, 36, 37, 38, 39, 40, 41, 286, 43, 44, 45, 376, 47, 48, 687, 50, 51, 52, 53, 54, 457, 56, 334, 58, 59, 758, 61, 62, 63, 64, 65, 470, 67, 323, 733, 762, 71, 72, 73, 74, 75, 76, 512, 757, 30, 80, 81, 82, 83, 84, 85, 266, 339, 88, 89, 90, 91, 92, 93, 749, 95, 96, 97, 98, 881, 100, 101, 102, 103, 697, 105, 106, 242, 108, 109, 110, 111, 112, 479, 114, 115, 702, 117, 118, 503, 120, 121, 549, 123, 124, 711, 575, 127, 128, 129, 130, 131, 132, 133, 134, 135, 909, 137, 138, 139, 140, 141, 142, 143, 891, 145, 146, 147, 33, 149, 150, 363, 152, 153, 154, 155, 156, 157, 158, 622, 160, 161, 162, 163, 164, 165, 166, 167, 168, 169, 170, 544, 172, 173, 174, 175, 176, 177, 178, 179, 180, 181, 963, 183, 519, 185, 186, 187, 188, 189, 190, 191, 192, 746, 258, 195, 879, 197, 198, 199, 200, 201, 822, 203, 204, 205, 206, 207, 360, 209, 627, 211, 212, 213, 214, 215, 216, 217, 218, 219, 220, 221, 222, 223, 224, 225, 226, 603, 228, 229, 230, 231, 232, 233, 234, 468, 236, 237, 238, 239, 509, 241, 107, 243, 252, 245, 246, 247, 248, 249, 250, 251, 244, 328, 669, 420, 256, 257, 194, 136, 260, 261, 262, 263, 264, 491, 968, 267, 494, 269, 270, 271, 272, 273, 274, 938, 276, 277, 278, 279, 280, 281, 406, 283, 284, 285, 42, 287, 288, 289, 290, 291, 292, 381, 69, 295, 296, 297, 298, 299, 300, 301, 302, 364, 304, 305, 306, 307, 308, 309, 310, 515, 312, 313, 995, 315, 316, 317, 318, 319, 320, 321, 322, 68, 324, 325, 326, 327, 253, 329, 330, 331, 868, 333, 535, 335, 852, 337, 338, 87, 340, 341, 442, 343, 344, 345, 346, 347, 348, 349, 350, 351, 352, 353, 354, 355, 356, 357, 358, 359, 208, 858, 362, 151, 786, 365, 366, 367, 29, 369, 370, 371, 372, 970, 374, 444, 46, 377, 282, 379, 380, 293, 910, 383, 384, 385, 386, 387, 388, 389, 390, 391, 972, 393, 394, 395, 396, 397, 398, 399, 400, 401, 402, 403, 404, 405, 378, 407, 408, 409, 997, 415, 412, 413, 414, 411, 416, 417, 418, 419, 255, 421, 422, 423, 424, 425, 426, 681, 428, 429, 430, 431, 432, 919, 434, 847, 436, 792, 438, 439, 440, 441, 342, 443, 375, 445, 446, 447, 448, 449, 450, 451, 452, 453, 454, 455, 456, 55, 458, 459, 460, 461, 462, 463, 464, 465, 466, 467, 235, 469, 66, 471, 517, 473, 630, 475, 476, 477, 410, 113, 480, 481, 482, 483, 484, 485, 486, 435, 488, 489, 490, 265, 492, 493, 268, 495, 496, 497, 498, 499, 500, 501, 502, 119, 504, 505, 506, 507, 508, 240, 510, 511, 77, 513, 514, 311, 516, 472, 518, 184, 520, 521, 522, 523, 524, 525, 526, 527, 528, 529, 530, 531, 532, 533, 534, 57, 536, 769, 538, 539, 540, 541, 542, 543, 171, 545, 546, 547, 548, 122, 759, 954, 552, 553, 554, 555, 556, 557, 558, 559, 560, 561, 562, 563, 564, 565, 566, 567, 568, 569, 570, 571, 572, 573, 574, 126, 16, 577, 578, 579, 580, 581, 582, 583, 993, 585, 974, 587, 588, 589, 590, 591, 592, 593, 594, 595, 596, 597, 598, 981, 600, 601, 602, 227, 604, 605, 606, 607, 608, 609, 610, 611, 612, 613, 655, 615, 616, 617, 618, 619, 620, 621, 159, 623, 624, 754, 626, 210, 628, 629, 918, 631, 632, 633, 634, 635, 636, 637, 638, 639, 640, 641, 642, 643, 644, 645, 646, 647, 648, 649, 650, 651, 652, 691, 654, 717, 656, 657, 658, 659, 660, 661, 662, 663, 664, 665, 666, 667, 668, 254, 670, 671, 672, 673, 674, 675, 676, 677, 678, 679, 680, 427, 682, 683, 684, 685, 686, 49, 688, 932, 690, 78, 692, 693, 694, 695, 696, 104, 698, 699, 336, 701, 116, 703, 727, 705, 706, 707, 708, 709, 710, 125, 712, 713, 714, 715, 716, 614, 718, 719, 720, 721, 722, 723, 724, 725, 726, 704, 728, 737, 730, 731, 732, 294, 734, 735, 736, 729, 738, 739, 740, 741, 742, 433, 744, 821, 193, 747, 748, 835, 750, 751, 752, 753, 625, 755, 756, 24, 60, 550, 760, 761, 70, 763, 764, 765, 766, 767, 768, 833, 770, 771, 772, 773, 774, 775, 776, 584, 778, 779, 780, 959, 782, 783, 784, 785, 303, 787, 788, 789, 790, 791, 437, 793, 794, 795, 796, 797, 798, 799, 800, 801, 802, 803, 804, 805, 806, 807, 808, 809, 810, 884, 812, 813, 814, 815, 816, 817, 957, 819, 820, 745, 842, 823, 824, 825, 826, 827, 828, 829, 830, 831, 832, 537, 834, 94, 836, 837, 653, 839, 79, 841, 202, 843, 844, 845, 846, 866, 848, 849, 850, 851, 700, 853, 854, 855, 929, 857, 361, 859, 860, 861, 862, 863, 864, 865, 487, 867, 332, 869, 900, 871, 872, 873, 874, 987, 876, 877, 878, 196, 880, 99, 882, 883, 811, 885, 886, 887, 888, 889, 890, 144, 892, 368, 894, 895, 896, 897, 898, 899, 975, 901, 902, 903, 904, 905, 906, 907, 586, 949, 382, 911, 912, 913, 914, 915, 916, 917, 474, 743, 920, 921, 922, 923, 924, 925, 926, 927, 928, 856, 478, 931, 689, 933, 934, 935, 936, 937, 275, 939, 940, 941, 942, 943, 944, 945, 946, 947, 948, 259, 950, 951, 952, 953, 551, 955, 956, 818, 958, 973, 960, 961, 962, 182, 964, 965, 966, 967, 86, 969, 373, 971, 392, 781, 908, 870, 34, 977, 978, 979, 980, 599, 982, 983, 984, 985, 986, 875, 988, 989, 990, 991, 992, 777, 994, 314, 996, 930, 998, 999, 1000]}