{"num_steps": 1000, "num_stays": 0, "time": 0.07909806299721822, "iter": 1000, "locally": false, "temperature": 2, "cooling": 0.4341689026682404, "distance": 407071388, "path": [1, 741, 3, 4, 5, 6, 7, 565, 9, 10, 11, 63, 13, 14, 15, 576, 17, 18, 19, 20, 327, 183, 23, 838, 25, 26, 27, 235, 853, 602, 31, 32, 148, 351, 174, 861, 37, 38, 39, 619, 899, 286, 883, 875, 45, 376, 47, 48, 687, 636, 51, 52, 942, 721, 457, 647, 334, 58, 59, 758, 61, 62, 744, 920, 65, 470, 67, 323, 733, 762, 518, 41, 73, 912, 850, 76, 512, 757, 30, 80, 81, 82, 986, 355, 85, 266, 646, 88, 89, 90, 91, 92, 93, 749, 95, 96, 97, 98, 881, 429, 101, 424, 103, 697, 105, 106, 627, 108, 820, 110, 111, 112, 479, 114, 115, 702, 117, 118, 503, 120, 420, 916, 123, 913, 711, 215, 812, 128, 129, 130, 866, 949, 549, 134, 135, 909, 137, 138, 139, 140, 141, 142, 79, 72, 145, 791, 147, 33, 149, 150, 648, 152, 153, 154, 155, 156, 157, 158, 622, 160, 161, 162, 902, 164, 165, 166, 167, 168, 169, 170, 544, 172, 173, 568, 175, 607, 177, 178, 917, 287, 984, 963, 975, 519, 185, 186, 187, 188, 431, 190, 615, 478, 746, 258, 195, 879, 197, 198, 199, 200, 708, 822, 203, 925, 283, 206, 207, 360, 650, 242, 211, 212, 507, 214, 451, 216, 217, 459, 219, 841, 221, 264, 223, 224, 745, 226, 603, 571, 229, 230, 713, 552, 233, 234, 468, 236, 237, 238, 239, 425, 947, 684, 970, 797, 245, 246, 348, 248, 249, 513, 251, 244, 328, 669, 74, 256, 122, 406, 136, 260, 554, 241, 349, 222, 810, 372, 693, 494, 269, 270, 271, 272, 116, 274, 146, 276, 277, 278, 279, 665, 281, 485, 205, 896, 285, 499, 180, 288, 289, 290, 291, 292, 381, 69, 295, 296, 945, 298, 299, 300, 210, 302, 364, 304, 305, 306, 957, 127, 440, 575, 515, 312, 313, 639, 315, 316, 317, 657, 319, 320, 321, 572, 68, 324, 325, 940, 21, 253, 329, 330, 331, 868, 423, 535, 335, 852, 505, 338, 612, 340, 341, 442, 343, 262, 345, 681, 347, 365, 366, 143, 938, 352, 353, 354, 84, 356, 357, 358, 951, 980, 858, 179, 151, 786, 247, 263, 692, 29, 383, 370, 371, 968, 613, 374, 444, 46, 377, 282, 379, 380, 293, 982, 914, 601, 385, 386, 387, 336, 389, 390, 191, 972, 393, 394, 743, 396, 964, 398, 807, 346, 462, 402, 806, 404, 718, 378, 407, 408, 409, 997, 690, 412, 413, 414, 411, 416, 417, 966, 419, 359, 124, 422, 333, 102, 509, 426, 400, 428, 645, 430, 189, 432, 919, 434, 847, 436, 792, 663, 450, 857, 578, 342, 880, 375, 445, 446, 447, 877, 460, 439, 310, 452, 643, 454, 638, 456, 55, 458, 218, 449, 395, 401, 463, 464, 465, 522, 467, 28, 469, 66, 471, 225, 473, 630, 322, 476, 477, 369, 113, 433, 481, 844, 483, 484, 194, 495, 435, 488, 921, 490, 667, 543, 493, 268, 486, 496, 497, 498, 42, 941, 501, 837, 734, 830, 337, 506, 213, 610, 240, 510, 632, 77, 250, 514, 311, 516, 472, 671, 694, 520, 521, 466, 523, 898, 832, 526, 527, 528, 529, 530, 531, 532, 533, 534, 57, 536, 769, 538, 539, 540, 541, 542, 492, 954, 545, 504, 547, 649, 257, 759, 307, 232, 553, 689, 555, 556, 609, 558, 559, 560, 561, 87, 580, 564, 8, 566, 567, 35, 569, 570, 228, 181, 573, 574, 126, 16, 577, 441, 709, 563, 581, 582, 252, 931, 585, 974, 587, 588, 589, 590, 591, 592, 593, 594, 595, 596, 597, 598, 981, 600, 605, 976, 227, 604, 384, 606, 176, 608, 788, 508, 611, 562, 243, 655, 99, 924, 617, 618, 40, 620, 621, 410, 623, 624, 754, 626, 934, 628, 297, 399, 631, 511, 953, 634, 635, 50, 637, 664, 995, 640, 641, 642, 314, 644, 862, 339, 56, 363, 548, 209, 651, 652, 691, 654, 717, 863, 318, 658, 659, 767, 661, 662, 438, 455, 280, 666, 265, 668, 254, 78, 71, 672, 12, 674, 675, 676, 677, 678, 679, 680, 427, 892, 579, 583, 685, 686, 49, 737, 932, 415, 670, 367, 922, 184, 695, 696, 104, 698, 350, 388, 701, 798, 703, 727, 705, 706, 707, 201, 683, 710, 125, 712, 231, 714, 715, 716, 448, 405, 719, 720, 54, 722, 723, 724, 107, 726, 182, 728, 303, 730, 731, 732, 294, 261, 735, 736, 729, 738, 739, 740, 918, 742, 480, 64, 682, 193, 747, 748, 835, 750, 751, 752, 753, 625, 755, 756, 24, 60, 908, 760, 761, 800, 763, 764, 765, 766, 660, 939, 833, 770, 851, 772, 773, 774, 775, 776, 584, 778, 779, 780, 959, 967, 783, 784, 785, 437, 787, 840, 789, 2, 171, 688, 309, 794, 795, 796, 725, 273, 799, 70, 801, 856, 803, 804, 805, 403, 790, 100, 809, 491, 700, 308, 813, 301, 815, 816, 817, 557, 819, 109, 517, 842, 823, 824, 633, 826, 827, 828, 829, 894, 831, 121, 537, 834, 94, 836, 487, 653, 839, 699, 192, 202, 843, 482, 845, 846, 131, 848, 849, 75, 771, 884, 893, 854, 855, 259, 969, 361, 859, 860, 36, 808, 656, 864, 865, 502, 867, 885, 869, 900, 871, 872, 873, 874, 987, 876, 614, 878, 196, 886, 391, 971, 43, 811, 332, 443, 887, 888, 889, 890, 144, 821, 368, 546, 895, 284, 897, 461, 891, 22, 901, 344, 903, 904, 905, 906, 907, 586, 132, 382, 911, 525, 421, 159, 915, 83, 362, 474, 962, 673, 489, 267, 923, 616, 204, 926, 927, 928, 802, 220, 993, 119, 933, 599, 935, 936, 937, 275, 768, 326, 500, 53, 943, 944, 629, 946, 163, 948, 929, 950, 255, 952, 825, 551, 955, 956, 818, 958, 973, 960, 961, 524, 704, 397, 965, 418, 782, 86, 793, 373, 882, 392, 781, 550, 870, 34, 977, 978, 979, 208, 814, 910, 983, 475, 985, 133, 44, 988, 989, 990, 991, 992, 777, 994, 453, 996, 930, 998, 999, 1000]}