{"num_steps": 500, "num_stays": 0, "time": 0.03956751200166764, "iter": 500, "locally": false, "temperature": 2, "cooling": 0.4824236873665897, "distance": 466036317, "path": [1, 741, 3, 4, 5, 6, 7, 565, 9, 10, 11, 12, 13, 14, 15, 576, 17, 18, 19, 20, 21, 183, 23, 838, 25, 26, 27, 28, 893, 351, 31, 32, 148, 976, 35, 861, 37, 38, 39, 40, 72, 286, 43, 44, 45, 376, 47, 48, 687, 50, 51, 52, 53, 54, 457, 56, 334, 58, 59, 758, 61, 62, 63, 64, 65, 470, 67, 323, 733, 762, 71, 41, 73, 912, 850, 76, 512, 757, 30, 80, 81, 82, 916, 84, 85, 266, 646, 88, 89, 90, 91, 92, 93, 749, 95, 96, 97, 98, 881, 100, 101, 424, 103, 697, 105, 106, 627, 108, 109, 110, 111, 112, 479, 114, 115, 702, 117, 118, 503, 120, 420, 549, 123, 913, 711, 575, 812, 128, 129, 130, 131, 132, 986, 134, 135, 909, 137, 138, 139, 140, 141, 142, 699, 891, 145, 146, 147, 33, 149, 150, 648, 152, 153, 154, 155, 156, 157, 158, 622, 160, 161, 162, 163, 164, 165, 166, 167, 168, 169, 170, 544, 172, 173, 568, 175, 607, 177, 178, 179, 180, 181, 963, 975, 519, 185, 186, 187, 188, 189, 190, 615, 841, 746, 258, 195, 879, 197, 198, 199, 200, 708, 822, 203, 204, 283, 206, 207, 360, 650, 242, 211, 212, 213, 214, 215, 216, 217, 459, 219, 220, 221, 222, 223, 224, 225, 226, 603, 228, 229, 230, 713, 232, 233, 234, 468, 236, 237, 238, 239, 509, 241, 107, 243, 797, 245, 246, 348, 248, 249, 250, 251, 244, 328, 669, 74, 256, 257, 194, 136, 260, 261, 902, 263, 264, 491, 968, 922, 494, 269, 270, 271, 272, 273, 274, 938, 276, 277, 278, 279, 280, 281, 406, 205, 896, 285, 42, 287, 288, 289, 290, 291, 292, 381, 69, 295, 296, 297, 298, 299, 300, 301, 302, 364, 304, 305, 306, 957, 127, 309, 310, 515, 312, 313, 639, 315, 316, 317, 657, 319, 320, 321, 572, 68, 324, 325, 326, 327, 253, 329, 330, 331, 868, 333, 535, 335, 852, 505, 338, 612, 340, 341, 442, 343, 262, 345, 346, 347, 365, 366, 350, 791, 352, 353, 354, 355, 356, 357, 358, 255, 980, 858, 917, 151, 786, 247, 349, 367, 29, 369, 370, 371, 372, 970, 374, 444, 46, 377, 282, 379, 380, 293, 910, 383, 384, 385, 386, 387, 336, 389, 390, 391, 972, 393, 394, 524, 396, 964, 398, 807, 400, 401, 402, 806, 404, 405, 378, 407, 408, 409, 997, 415, 412, 413, 414, 411, 416, 417, 966, 419, 359, 421, 422, 423, 102, 425, 426, 681, 428, 429, 430, 431, 432, 919, 434, 847, 436, 792, 438, 439, 440, 441, 342, 880, 375, 445, 446, 447, 614, 460, 450, 451, 452, 453, 454, 638, 456, 55, 458, 218, 449, 395, 462, 463, 464, 465, 466, 467, 235, 469, 66, 471, 517, 473, 630, 475, 476, 477, 410, 113, 433, 481, 482, 483, 484, 485, 495, 435, 488, 489, 490, 667, 492, 493, 268, 486, 496, 497, 498, 499, 500, 501, 502, 734, 894, 337, 506, 507, 508, 240, 510, 511, 77, 513, 514, 311, 516, 472, 518, 184, 520, 521, 522, 523, 461, 525, 526, 527, 528, 529, 530, 531, 532, 533, 534, 57, 536, 769, 538, 539, 540, 541, 542, 543, 954, 545, 546, 547, 649, 122, 759, 307, 552, 553, 119, 555, 556, 171, 558, 559, 560, 561, 562, 563, 564, 8, 566, 567, 174, 569, 570, 571, 322, 573, 574, 126, 16, 577, 578, 579, 580, 581, 582, 583, 993, 585, 974, 587, 588, 589, 590, 591, 592, 593, 594, 595, 596, 597, 598, 981, 600, 601, 602, 227, 604, 605, 606, 176, 608, 788, 610, 611, 87, 613, 655, 191, 924, 617, 618, 619, 620, 621, 159, 623, 624, 754, 626, 210, 628, 945, 918, 631, 632, 825, 634, 635, 636, 637, 664, 995, 640, 641, 642, 314, 644, 862, 339, 647, 363, 548, 209, 651, 652, 691, 654, 717, 656, 318, 658, 659, 660, 661, 662, 663, 455, 665, 666, 265, 668, 254, 78, 671, 672, 920, 674, 675, 676, 677, 678, 679, 680, 427, 892, 709, 684, 685, 686, 49, 688, 932, 690, 670, 692, 693, 694, 695, 696, 104, 698, 143, 388, 701, 116, 703, 727, 705, 706, 707, 201, 683, 710, 125, 712, 231, 714, 715, 716, 448, 718, 719, 720, 721, 722, 723, 724, 725, 726, 182, 728, 737, 730, 731, 732, 294, 554, 735, 736, 729, 738, 739, 740, 399, 742, 480, 744, 821, 193, 747, 748, 835, 750, 751, 752, 753, 625, 755, 756, 24, 60, 908, 760, 761, 800, 763, 764, 765, 766, 767, 939, 833, 770, 771, 772, 773, 774, 775, 776, 584, 778, 779, 780, 959, 782, 783, 784, 785, 303, 787, 840, 789, 2, 609, 437, 857, 794, 795, 796, 252, 798, 799, 70, 801, 856, 803, 804, 805, 403, 790, 808, 809, 810, 700, 308, 813, 599, 815, 816, 817, 557, 819, 820, 745, 842, 823, 824, 633, 826, 827, 828, 829, 830, 831, 121, 537, 834, 94, 836, 837, 653, 839, 79, 192, 202, 843, 844, 845, 846, 866, 848, 849, 75, 851, 884, 853, 854, 855, 929, 969, 361, 859, 860, 36, 645, 863, 864, 865, 487, 867, 885, 869, 900, 871, 872, 873, 874, 987, 876, 877, 878, 196, 886, 99, 882, 883, 811, 332, 443, 887, 888, 889, 890, 144, 682, 368, 504, 895, 284, 897, 898, 899, 22, 901, 344, 903, 904, 905, 906, 907, 586, 949, 382, 911, 832, 124, 914, 915, 83, 362, 474, 743, 673, 921, 267, 923, 616, 925, 926, 927, 928, 802, 478, 931, 689, 933, 934, 935, 936, 937, 275, 768, 940, 941, 942, 943, 944, 629, 946, 947, 948, 259, 950, 951, 952, 953, 551, 955, 956, 818, 958, 973, 960, 961, 962, 704, 397, 965, 418, 967, 86, 793, 373, 971, 392, 781, 550, 870, 34, 977, 978, 979, 208, 814, 982, 983, 984, 985, 133, 875, 988, 989, 990, 991, 992, 777, 994, 643, 996, 930, 998, 999, 1000]}