{"num_steps": 1500, "num_stays": 5, "time": 0.11827521299710497, "iter": 1500, "locally": false, "temperature": 2, "cooling": 0.4101412716225879, "distance": 379335862, "path": [1, 741, 3, 4, 5, 6, 7, 565, 9, 10, 11, 63, 13, 14, 15, 408, 17, 18, 362, 789, 327, 183, 23, 838, 25, 26, 27, 235, 853, 602, 31, 32, 148, 263, 174, 861, 37, 38, 39, 619, 899, 286, 883, 875, 45, 376, 677, 41, 687, 992, 51, 52, 942, 721, 706, 647, 334, 58, 59, 758, 61, 811, 744, 920, 65, 470, 67, 323, 204, 762, 518, 48, 73, 912, 850, 524, 512, 757, 30, 80, 8, 82, 986, 355, 85, 266, 646, 88, 89, 90, 91, 92, 93, 749, 95, 96, 97, 98, 881, 429, 101, 424, 103, 697, 105, 870, 627, 866, 820, 110, 111, 112, 479, 114, 115, 702, 117, 118, 503, 120, 420, 916, 123, 913, 22, 215, 812, 128, 129, 130, 108, 949, 465, 134, 348, 649, 137, 138, 139, 140, 141, 142, 79, 621, 145, 791, 147, 501, 149, 150, 648, 152, 153, 154, 155, 156, 157, 158, 622, 160, 161, 418, 902, 164, 165, 166, 167, 168, 169, 170, 952, 172, 998, 568, 81, 607, 177, 178, 917, 287, 984, 963, 975, 519, 185, 827, 187, 398, 431, 190, 544, 478, 674, 258, 195, 879, 197, 198, 199, 200, 708, 822, 203, 925, 283, 206, 207, 864, 650, 242, 211, 212, 507, 426, 451, 216, 217, 459, 219, 841, 221, 580, 223, 224, 745, 226, 603, 571, 229, 230, 713, 552, 233, 234, 504, 236, 237, 238, 239, 425, 947, 684, 970, 797, 245, 246, 705, 248, 249, 513, 251, 106, 328, 669, 74, 256, 122, 406, 136, 260, 554, 241, 218, 222, 810, 372, 693, 494, 269, 950, 271, 272, 116, 274, 146, 276, 277, 354, 756, 665, 281, 485, 205, 896, 285, 499, 180, 288, 289, 813, 291, 292, 381, 69, 295, 296, 945, 298, 643, 300, 210, 302, 364, 304, 305, 306, 957, 563, 71, 575, 447, 312, 313, 639, 315, 316, 317, 657, 319, 633, 321, 572, 68, 324, 325, 940, 21, 900, 329, 347, 331, 520, 423, 535, 335, 852, 505, 399, 612, 340, 341, 442, 343, 262, 125, 681, 330, 365, 366, 143, 938, 352, 353, 278, 84, 356, 357, 358, 951, 980, 858, 788, 656, 786, 247, 351, 692, 29, 383, 370, 371, 968, 613, 374, 676, 46, 377, 282, 379, 380, 163, 982, 914, 817, 385, 386, 387, 336, 389, 390, 191, 972, 393, 162, 743, 396, 964, 188, 807, 445, 462, 402, 806, 404, 718, 378, 407, 576, 409, 997, 690, 412, 413, 414, 179, 416, 417, 966, 419, 135, 124, 860, 333, 102, 509, 214, 400, 428, 645, 430, 189, 432, 829, 434, 847, 436, 792, 663, 728, 857, 578, 342, 880, 375, 346, 446, 515, 877, 460, 439, 310, 452, 299, 454, 638, 456, 55, 50, 349, 449, 395, 401, 463, 464, 549, 182, 467, 28, 469, 12, 471, 225, 473, 630, 322, 476, 477, 369, 113, 523, 481, 779, 254, 484, 194, 495, 435, 488, 921, 490, 667, 543, 493, 268, 486, 496, 497, 498, 42, 941, 33, 837, 734, 830, 337, 506, 213, 661, 240, 510, 632, 77, 250, 514, 311, 616, 472, 671, 694, 868, 521, 466, 433, 898, 832, 526, 527, 528, 529, 530, 531, 532, 533, 534, 57, 536, 769, 538, 539, 540, 541, 542, 492, 954, 545, 754, 547, 290, 257, 759, 551, 232, 553, 689, 555, 556, 609, 558, 559, 560, 561, 87, 264, 564, 175, 566, 307, 35, 569, 570, 711, 181, 573, 574, 126, 16, 577, 441, 2, 127, 581, 582, 252, 931, 585, 974, 587, 588, 589, 590, 591, 592, 593, 594, 595, 596, 597, 598, 760, 600, 605, 976, 227, 604, 384, 606, 176, 608, 66, 508, 611, 641, 243, 655, 99, 924, 617, 618, 40, 620, 72, 410, 623, 624, 468, 626, 934, 628, 297, 184, 658, 511, 953, 634, 635, 458, 637, 664, 995, 640, 562, 642, 314, 644, 862, 339, 56, 363, 308, 209, 651, 652, 691, 654, 717, 863, 318, 631, 659, 767, 610, 662, 438, 455, 280, 666, 265, 668, 872, 78, 440, 672, 411, 20, 891, 548, 47, 678, 679, 680, 427, 892, 579, 583, 685, 686, 49, 737, 932, 415, 670, 367, 922, 338, 695, 696, 104, 698, 350, 388, 701, 798, 703, 727, 359, 457, 707, 201, 683, 710, 345, 712, 231, 714, 715, 716, 448, 405, 719, 720, 54, 722, 723, 724, 107, 726, 522, 450, 675, 730, 731, 732, 294, 261, 735, 736, 729, 738, 911, 740, 918, 742, 480, 64, 682, 193, 747, 748, 835, 750, 751, 752, 753, 625, 755, 279, 24, 60, 908, 981, 761, 800, 763, 764, 765, 766, 361, 939, 833, 186, 422, 772, 773, 774, 775, 776, 584, 778, 844, 780, 959, 967, 783, 784, 785, 437, 978, 840, 746, 709, 171, 688, 787, 794, 795, 796, 725, 273, 799, 70, 801, 856, 803, 804, 805, 403, 790, 100, 809, 491, 700, 444, 909, 301, 815, 816, 601, 557, 819, 34, 517, 842, 823, 824, 320, 826, 770, 828, 919, 894, 831, 121, 537, 834, 94, 836, 487, 653, 839, 699, 192, 202, 843, 482, 845, 846, 131, 848, 849, 75, 771, 884, 893, 854, 855, 259, 19, 660, 859, 851, 36, 808, 151, 360, 865, 502, 867, 885, 869, 253, 871, 483, 873, 874, 987, 876, 614, 878, 196, 886, 391, 971, 43, 62, 332, 443, 887, 888, 889, 890, 144, 821, 368, 546, 895, 284, 897, 461, 303, 228, 901, 344, 903, 904, 905, 906, 907, 586, 132, 382, 739, 525, 421, 159, 915, 83, 969, 474, 962, 673, 489, 267, 923, 516, 733, 926, 927, 928, 802, 220, 993, 119, 933, 599, 935, 936, 937, 275, 768, 326, 500, 53, 943, 944, 629, 946, 293, 948, 929, 270, 255, 615, 825, 567, 955, 956, 818, 958, 973, 960, 961, 76, 704, 397, 965, 394, 782, 86, 793, 373, 882, 392, 781, 550, 244, 109, 977, 309, 979, 208, 814, 910, 983, 475, 985, 133, 44, 988, 989, 990, 991, 636, 777, 994, 453, 996, 930, 173, 999, 1000]}