{"num_steps": 2000, "num_stays": 1, "time": 0.1568846790032694, "iter": 2000, "locally": false, "temperature": 2, "cooling": 0.3946380808164572, "distance": 357323571, "path": [1, 226, 3, 4, 5, 6, 589, 973, 9, 10, 168, 63, 13, 14, 15, 408, 17, 18, 362, 789, 327, 183, 23, 838, 407, 26, 27, 235, 96, 602, 31, 162, 148, 263, 174, 861, 37, 38, 39, 619, 899, 286, 883, 699, 45, 376, 677, 41, 687, 992, 51, 52, 942, 507, 706, 647, 334, 58, 59, 758, 61, 811, 744, 920, 65, 470, 67, 323, 791, 32, 518, 48, 73, 912, 850, 170, 512, 757, 30, 80, 8, 82, 986, 355, 85, 266, 646, 88, 89, 860, 91, 366, 93, 749, 95, 853, 97, 237, 881, 429, 101, 807, 103, 697, 105, 870, 627, 866, 820, 110, 111, 112, 479, 980, 115, 702, 117, 118, 503, 120, 420, 916, 123, 913, 22, 215, 812, 128, 129, 764, 108, 949, 424, 134, 348, 649, 137, 138, 139, 140, 141, 142, 555, 621, 145, 204, 147, 501, 719, 150, 648, 152, 466, 154, 155, 156, 157, 158, 622, 160, 231, 418, 902, 164, 165, 166, 167, 11, 169, 524, 952, 172, 998, 568, 772, 607, 177, 178, 917, 343, 984, 963, 975, 525, 185, 827, 187, 398, 49, 190, 544, 478, 674, 258, 195, 879, 197, 833, 199, 200, 708, 822, 203, 925, 283, 206, 207, 864, 650, 242, 211, 212, 721, 426, 451, 216, 981, 459, 219, 841, 432, 580, 223, 224, 745, 339, 603, 571, 843, 230, 713, 552, 233, 234, 504, 236, 98, 238, 239, 425, 947, 684, 970, 871, 245, 246, 705, 248, 249, 513, 251, 106, 133, 669, 74, 256, 884, 406, 255, 260, 554, 241, 218, 222, 810, 681, 244, 494, 904, 394, 271, 272, 875, 274, 146, 276, 277, 354, 756, 969, 281, 485, 205, 896, 285, 499, 180, 288, 289, 813, 291, 938, 381, 69, 295, 296, 945, 792, 301, 300, 210, 302, 390, 47, 472, 306, 957, 563, 71, 575, 447, 312, 313, 369, 315, 316, 317, 657, 319, 633, 321, 572, 124, 324, 325, 940, 21, 900, 329, 347, 453, 520, 423, 535, 335, 331, 505, 399, 612, 340, 341, 442, 287, 262, 125, 372, 330, 365, 556, 143, 292, 352, 353, 278, 84, 356, 357, 358, 151, 532, 858, 788, 656, 786, 247, 351, 692, 29, 383, 370, 371, 968, 613, 374, 676, 46, 377, 282, 379, 380, 163, 982, 914, 817, 385, 386, 387, 336, 389, 364, 191, 972, 393, 762, 743, 396, 964, 188, 465, 445, 462, 402, 806, 404, 718, 378, 25, 576, 409, 997, 690, 412, 413, 414, 179, 416, 417, 966, 419, 135, 68, 915, 333, 102, 509, 214, 400, 428, 645, 430, 189, 802, 829, 434, 847, 436, 298, 663, 728, 857, 578, 342, 880, 375, 346, 446, 515, 877, 460, 439, 310, 452, 299, 454, 638, 456, 55, 50, 349, 449, 395, 401, 463, 464, 549, 182, 467, 28, 469, 12, 471, 225, 473, 630, 322, 476, 477, 639, 113, 523, 198, 779, 254, 484, 194, 495, 435, 488, 921, 490, 667, 543, 493, 268, 486, 496, 497, 693, 403, 941, 33, 907, 734, 830, 337, 506, 213, 661, 240, 510, 632, 77, 250, 514, 311, 616, 305, 671, 694, 868, 521, 153, 433, 898, 832, 526, 527, 528, 529, 530, 531, 114, 533, 534, 57, 536, 769, 538, 539, 796, 541, 542, 492, 954, 545, 754, 547, 290, 257, 759, 94, 232, 553, 689, 79, 92, 609, 845, 559, 560, 561, 87, 264, 564, 175, 566, 307, 35, 569, 570, 711, 181, 573, 574, 126, 16, 865, 441, 2, 127, 581, 582, 252, 931, 585, 974, 587, 588, 7, 590, 936, 592, 593, 594, 217, 596, 597, 598, 760, 600, 605, 976, 227, 604, 384, 606, 176, 608, 66, 508, 611, 641, 243, 655, 99, 924, 617, 618, 40, 620, 72, 228, 623, 624, 468, 626, 934, 628, 297, 184, 658, 511, 953, 634, 24, 458, 637, 664, 995, 640, 562, 642, 314, 644, 862, 741, 56, 363, 308, 209, 651, 652, 691, 654, 717, 863, 318, 631, 659, 767, 610, 662, 438, 455, 280, 666, 265, 668, 872, 78, 440, 672, 411, 20, 891, 548, 304, 678, 679, 680, 427, 892, 579, 583, 685, 686, 431, 737, 932, 415, 670, 367, 922, 338, 695, 696, 104, 698, 350, 660, 701, 798, 703, 727, 359, 457, 707, 201, 683, 710, 345, 712, 161, 714, 715, 716, 448, 498, 149, 720, 54, 722, 723, 724, 107, 726, 522, 450, 675, 730, 731, 732, 294, 261, 735, 736, 729, 738, 911, 740, 918, 742, 480, 64, 682, 193, 747, 748, 835, 750, 751, 752, 753, 625, 755, 279, 635, 60, 908, 595, 761, 800, 763, 935, 765, 766, 361, 939, 481, 186, 422, 81, 773, 774, 775, 776, 584, 778, 844, 780, 959, 967, 783, 784, 785, 437, 978, 368, 1000, 709, 171, 688, 787, 794, 795, 540, 725, 273, 799, 70, 801, 856, 803, 804, 805, 42, 790, 100, 809, 491, 700, 444, 909, 643, 815, 816, 601, 557, 259, 34, 859, 842, 823, 824, 320, 826, 770, 828, 919, 894, 831, 121, 537, 834, 551, 328, 487, 653, 839, 116, 192, 202, 229, 482, 558, 846, 131, 848, 849, 75, 771, 122, 893, 854, 855, 819, 19, 388, 517, 851, 36, 808, 951, 360, 577, 502, 867, 885, 869, 253, 797, 483, 873, 874, 987, 876, 614, 878, 196, 886, 391, 971, 43, 62, 332, 443, 887, 888, 889, 890, 793, 821, 840, 546, 895, 284, 897, 461, 303, 410, 901, 344, 903, 269, 905, 906, 837, 586, 132, 382, 489, 519, 421, 159, 90, 83, 665, 474, 962, 673, 739, 267, 923, 516, 733, 926, 927, 928, 221, 220, 993, 119, 933, 599, 130, 591, 937, 275, 768, 326, 500, 53, 943, 944, 629, 946, 293, 948, 929, 270, 136, 615, 825, 567, 955, 956, 818, 144, 565, 960, 961, 76, 704, 397, 965, 950, 782, 86, 958, 373, 882, 392, 781, 550, 309, 109, 977, 405, 979, 208, 814, 910, 983, 475, 985, 836, 44, 988, 989, 990, 991, 636, 777, 994, 852, 996, 930, 173, 999, 746]}