{"num_steps": 100, "num_stays": 0, "time": 0.007777140999678522, "iter": 100, "locally": false, "temperature": 2, "cooling": 0.6486524615632605, "distance": 539687858, "path": [1, 2, 3, 4, 5, 6, 7, 8, 9, 10, 11, 12, 13, 14, 15, 576, 17, 18, 19, 20, 21, 22, 23, 838, 25, 26, 27, 28, 893, 30, 31, 32, 148, 976, 35, 36, 37, 38, 39, 40, 41, 42, 43, 44, 45, 46, 47, 48, 49, 50, 51, 52, 53, 54, 457, 56, 57, 58, 59, 60, 61, 62, 63, 64, 65, 470, 67, 68, 733, 70, 71, 72, 73, 74, 75, 76, 512, 24, 79, 80, 81, 82, 83, 84, 85, 266, 87, 88, 89, 90, 91, 92, 93, 94, 95, 96, 97, 98, 99, 100, 101, 102, 103, 104, 105, 106, 107, 108, 109, 110, 111, 112, 113, 114, 115, 702, 117, 118, 119, 120, 121, 122, 123, 124, 125, 575, 127, 128, 129, 130, 131, 132, 133, 134, 135, 259, 137, 138, 139, 140, 141, 142, 143, 144, 145, 146, 147, 33, 149, 150, 363, 152, 153, 154, 155, 156, 157, 158, 159, 160, 161, 162, 163, 164, 165, 166, 167, 168, 169, 170, 171, 172, 173, 174, 175, 176, 177, 178, 179, 180, 181, 182, 183, 184, 185, 186, 187, 188, 189, 190, 191, 192, 746, 258, 195, 196, 197, 198, 199, 200, 201, 842, 203, 204, 205, 206, 207, 208, 209, 210, 211, 212, 213, 214, 215, 216, 217, 218, 219, 220, 221, 222, 223, 224, 225, 226, 603, 228, 229, 230, 231, 232, 233, 234, 235, 236, 237, 238, 239, 509, 241, 242, 243, 244, 245, 246, 247, 248, 249, 250, 251, 252, 328, 669, 420, 256, 257, 194, 136, 260, 261, 262, 263, 264, 265, 86, 267, 494, 269, 270, 271, 272, 273, 274, 275, 276, 277, 278, 279, 280, 281, 406, 283, 284, 285, 286, 287, 288, 289, 290, 291, 292, 293, 294, 295, 296, 297, 298, 299, 300, 301, 302, 303, 304, 305, 306, 307, 308, 309, 310, 515, 312, 313, 314, 315, 316, 317, 318, 319, 320, 321, 322, 323, 324, 325, 326, 327, 253, 329, 330, 331, 332, 333, 334, 335, 852, 337, 338, 339, 340, 341, 442, 343, 344, 345, 346, 347, 348, 349, 350, 351, 352, 353, 354, 355, 356, 357, 358, 359, 360, 361, 362, 151, 364, 365, 366, 367, 368, 369, 370, 371, 372, 970, 374, 444, 376, 377, 282, 379, 380, 381, 382, 383, 384, 385, 386, 387, 388, 389, 390, 391, 972, 393, 394, 395, 396, 397, 398, 399, 400, 401, 402, 403, 404, 405, 378, 407, 408, 409, 997, 415, 412, 413, 414, 411, 416, 417, 418, 419, 255, 421, 422, 423, 424, 425, 426, 427, 428, 429, 430, 431, 432, 919, 434, 866, 436, 437, 438, 439, 440, 441, 342, 443, 375, 445, 446, 447, 448, 449, 450, 451, 452, 453, 454, 455, 456, 55, 458, 459, 460, 461, 462, 463, 464, 465, 466, 467, 468, 469, 66, 471, 472, 473, 918, 475, 476, 477, 478, 479, 480, 481, 482, 483, 484, 485, 486, 487, 488, 489, 490, 491, 492, 493, 268, 495, 496, 497, 498, 499, 500, 501, 502, 503, 504, 505, 506, 507, 508, 240, 510, 511, 77, 513, 514, 311, 516, 517, 518, 519, 520, 521, 522, 523, 524, 525, 526, 527, 528, 529, 530, 531, 532, 533, 534, 535, 536, 537, 538, 539, 540, 541, 542, 543, 544, 545, 546, 547, 548, 549, 759, 954, 552, 553, 554, 555, 556, 557, 558, 559, 560, 561, 562, 563, 564, 565, 566, 567, 568, 569, 570, 571, 572, 573, 574, 126, 16, 577, 578, 579, 580, 581, 582, 583, 993, 585, 908, 587, 588, 589, 590, 591, 592, 593, 594, 595, 596, 597, 598, 599, 600, 601, 602, 227, 604, 605, 606, 607, 608, 609, 610, 611, 612, 613, 717, 615, 616, 617, 618, 619, 620, 621, 622, 623, 624, 625, 626, 627, 628, 629, 630, 631, 632, 633, 634, 635, 636, 637, 638, 639, 640, 641, 642, 643, 644, 645, 646, 647, 648, 649, 650, 651, 652, 691, 654, 655, 656, 657, 658, 659, 660, 661, 662, 663, 664, 665, 666, 667, 668, 254, 670, 671, 672, 673, 674, 675, 676, 677, 678, 679, 680, 681, 682, 683, 684, 685, 686, 687, 688, 932, 690, 78, 692, 693, 694, 695, 696, 697, 698, 699, 336, 701, 116, 703, 727, 705, 706, 707, 708, 709, 710, 711, 712, 713, 714, 715, 716, 614, 718, 719, 720, 721, 722, 723, 724, 725, 726, 704, 728, 729, 730, 731, 732, 69, 734, 735, 736, 737, 738, 739, 740, 741, 742, 433, 744, 745, 193, 747, 748, 835, 750, 751, 752, 753, 754, 755, 756, 757, 758, 550, 760, 761, 762, 763, 764, 765, 766, 767, 768, 833, 770, 771, 772, 773, 774, 775, 776, 777, 778, 779, 780, 781, 782, 783, 784, 785, 786, 787, 788, 789, 790, 791, 792, 793, 794, 795, 796, 797, 798, 799, 800, 801, 802, 803, 804, 805, 806, 807, 808, 809, 810, 884, 812, 813, 814, 815, 816, 817, 818, 819, 820, 821, 822, 823, 824, 825, 826, 827, 828, 829, 830, 831, 832, 769, 834, 749, 836, 837, 653, 839, 840, 841, 202, 843, 844, 845, 846, 847, 848, 849, 850, 851, 700, 853, 854, 855, 856, 857, 858, 859, 860, 861, 862, 863, 864, 865, 435, 867, 868, 869, 900, 871, 872, 873, 874, 875, 876, 877, 878, 879, 880, 881, 882, 883, 811, 885, 886, 887, 888, 889, 890, 891, 892, 29, 894, 895, 896, 897, 898, 899, 870, 901, 902, 903, 904, 905, 906, 907, 586, 949, 910, 911, 912, 913, 914, 915, 916, 917, 474, 743, 920, 921, 922, 923, 924, 925, 926, 927, 928, 929, 930, 931, 689, 933, 934, 935, 936, 937, 938, 939, 940, 941, 942, 943, 944, 945, 946, 947, 948, 909, 950, 951, 952, 953, 551, 955, 956, 957, 958, 959, 960, 961, 962, 963, 964, 965, 966, 967, 968, 969, 373, 971, 392, 973, 974, 975, 34, 977, 978, 979, 980, 981, 982, 983, 984, 985, 986, 987, 988, 989, 990, 991, 992, 584, 994, 995, 996, 410, 998, 999, 1000]}