{"num_steps": 5000, "num_stays": 7, "time": 0.38566442400042433, "iter": 5000, "locally": false, "temperature": 2, "cooling": 0.3522121755231006, "distance": 287630480, "path": [632, 176, 3, 4, 804, 6, 589, 973, 698, 232, 168, 361, 881, 14, 203, 408, 17, 227, 362, 789, 327, 183, 23, 821, 407, 26, 949, 235, 96, 414, 204, 162, 127, 263, 725, 778, 37, 38, 39, 313, 460, 12, 883, 699, 45, 200, 331, 41, 687, 974, 51, 540, 975, 507, 706, 20, 701, 58, 59, 758, 61, 811, 744, 79, 65, 470, 2, 888, 838, 84, 518, 301, 73, 912, 300, 30, 32, 757, 649, 80, 441, 348, 986, 355, 780, 776, 281, 88, 165, 568, 238, 396, 93, 673, 95, 853, 450, 761, 201, 429, 101, 807, 103, 697, 712, 525, 627, 866, 820, 421, 806, 549, 479, 671, 345, 702, 117, 688, 493, 829, 420, 824, 146, 913, 22, 215, 812, 128, 946, 10, 108, 27, 535, 52, 82, 170, 915, 965, 139, 140, 592, 411, 364, 422, 145, 31, 147, 131, 719, 150, 648, 152, 466, 428, 155, 423, 304, 308, 622, 160, 225, 681, 286, 498, 102, 166, 167, 901, 445, 561, 952, 60, 998, 418, 191, 607, 177, 178, 405, 537, 984, 963, 775, 846, 185, 827, 187, 303, 563, 190, 544, 512, 874, 112, 195, 879, 197, 938, 40, 268, 708, 822, 15, 972, 283, 611, 755, 994, 621, 242, 211, 212, 721, 426, 451, 206, 981, 339, 630, 861, 432, 961, 960, 224, 745, 459, 603, 571, 843, 230, 105, 552, 233, 735, 726, 236, 98, 967, 391, 425, 294, 684, 857, 988, 332, 246, 311, 582, 249, 513, 251, 665, 863, 288, 378, 256, 884, 406, 255, 650, 70, 241, 509, 222, 335, 860, 322, 110, 9, 394, 475, 272, 752, 284, 123, 276, 277, 501, 877, 156, 716, 485, 210, 642, 285, 499, 438, 669, 637, 813, 126, 462, 381, 69, 295, 296, 945, 424, 109, 478, 336, 302, 390, 47, 472, 543, 957, 257, 71, 575, 447, 539, 619, 369, 315, 290, 317, 749, 488, 633, 321, 572, 124, 556, 661, 940, 21, 900, 652, 239, 599, 583, 969, 481, 810, 737, 181, 258, 395, 553, 341, 902, 28, 262, 125, 372, 683, 791, 449, 143, 492, 352, 353, 586, 670, 527, 357, 617, 654, 350, 858, 788, 656, 786, 247, 664, 42, 29, 380, 370, 371, 968, 613, 374, 676, 751, 377, 282, 293, 588, 163, 982, 914, 817, 324, 386, 387, 205, 248, 677, 137, 925, 921, 762, 209, 672, 538, 188, 343, 468, 483, 461, 841, 404, 935, 196, 25, 576, 409, 797, 796, 932, 413, 602, 179, 416, 417, 966, 419, 135, 474, 772, 732, 89, 218, 564, 587, 154, 645, 430, 189, 579, 120, 711, 847, 436, 638, 663, 679, 604, 454, 342, 216, 375, 346, 446, 515, 799, 351, 439, 310, 299, 524, 578, 437, 456, 471, 50, 793, 309, 506, 950, 574, 723, 840, 182, 467, 287, 469, 887, 55, 245, 382, 869, 347, 502, 477, 792, 113, 523, 198, 668, 911, 265, 194, 495, 435, 319, 393, 490, 667, 306, 802, 376, 486, 217, 880, 693, 100, 941, 33, 878, 767, 830, 892, 646, 480, 704, 240, 510, 1, 77, 250, 514, 856, 616, 305, 452, 970, 836, 521, 153, 433, 898, 8, 526, 334, 54, 529, 464, 531, 114, 727, 534, 57, 484, 734, 505, 854, 455, 541, 542, 366, 954, 545, 754, 476, 316, 49, 759, 764, 94, 850, 689, 920, 92, 609, 845, 899, 560, 980, 164, 779, 214, 175, 566, 307, 173, 569, 570, 434, 660, 816, 463, 68, 16, 865, 832, 503, 67, 581, 415, 252, 641, 798, 992, 763, 383, 7, 590, 936, 121, 199, 594, 496, 596, 739, 598, 356, 600, 605, 400, 18, 292, 384, 555, 226, 608, 66, 389, 978, 547, 243, 655, 99, 958, 19, 618, 631, 620, 72, 228, 623, 97, 169, 626, 934, 628, 297, 678, 658, 511, 953, 567, 24, 458, 731, 338, 995, 640, 562, 275, 314, 644, 862, 573, 56, 363, 158, 743, 651, 440, 402, 730, 717, 326, 318, 62, 659, 769, 610, 180, 662, 690, 280, 122, 186, 264, 872, 78, 606, 244, 142, 647, 580, 548, 157, 184, 951, 680, 427, 337, 756, 520, 685, 686, 431, 329, 753, 955, 358, 367, 489, 559, 923, 696, 138, 904, 532, 964, 842, 826, 593, 533, 359, 457, 707, 13, 508, 710, 48, 713, 118, 823, 890, 612, 448, 87, 149, 720, 528, 722, 220, 724, 119, 266, 728, 624, 794, 151, 289, 333, 947, 261, 803, 494, 729, 738, 718, 740, 918, 742, 916, 64, 682, 193, 747, 748, 835, 750, 46, 875, 412, 625, 207, 279, 635, 172, 908, 595, 291, 800, 976, 558, 765, 766, 63, 939, 639, 104, 771, 81, 773, 774, 942, 141, 584, 111, 844, 852, 959, 787, 783, 784, 785, 298, 497, 924, 1000, 709, 530, 161, 91, 675, 795, 134, 174, 273, 504, 554, 801, 705, 234, 5, 805, 692, 790, 403, 809, 491, 700, 733, 909, 643, 365, 741, 601, 259, 557, 34, 859, 760, 714, 213, 320, 585, 770, 828, 919, 894, 831, 695, 465, 834, 551, 328, 487, 653, 839, 116, 192, 202, 229, 482, 254, 870, 354, 848, 849, 75, 260, 666, 893, 312, 855, 819, 930, 388, 517, 851, 36, 344, 522, 360, 577, 931, 867, 782, 219, 253, 997, 833, 873, 674, 987, 876, 614, 907, 74, 886, 385, 971, 43, 703, 657, 443, 442, 323, 889, 715, 349, 115, 768, 546, 891, 274, 897, 536, 399, 410, 11, 808, 903, 269, 905, 906, 837, 278, 132, 473, 922, 106, 148, 159, 90, 83, 519, 221, 962, 231, 597, 267, 35, 516, 444, 926, 927, 928, 815, 171, 993, 107, 933, 453, 130, 944, 937, 896, 129, 133, 500, 53, 943, 591, 629, 398, 379, 948, 929, 270, 136, 615, 825, 871, 330, 956, 818, 691, 565, 223, 895, 76, 325, 397, 144, 401, 885, 86, 368, 373, 882, 392, 781, 550, 694, 237, 977, 917, 979, 208, 814, 910, 983, 271, 985, 868, 44, 634, 989, 990, 991, 636, 777, 864, 85, 996, 340, 736, 999, 746]}