{"num_steps": 750, "num_stays": 1, "time": 0.05933267899672501, "iter": 750, "locally": false, "temperature": 2, "cooling": 0.45298496773170366, "distance": 438713013, "path": [1, 741, 3, 4, 5, 6, 7, 565, 9, 10, 11, 63, 13, 14, 15, 576, 17, 18, 19, 20, 21, 183, 23, 838, 25, 26, 27, 235, 853, 351, 31, 32, 148, 602, 174, 861, 37, 38, 39, 40, 72, 286, 883, 44, 45, 376, 47, 48, 687, 636, 51, 52, 53, 721, 457, 56, 334, 58, 59, 758, 61, 62, 12, 744, 65, 470, 67, 323, 733, 762, 671, 41, 73, 912, 850, 76, 512, 757, 30, 80, 81, 82, 986, 84, 85, 266, 646, 88, 89, 90, 91, 92, 93, 749, 95, 96, 97, 98, 881, 100, 101, 424, 103, 697, 105, 106, 627, 108, 820, 110, 111, 112, 479, 114, 115, 702, 117, 118, 503, 120, 420, 916, 123, 913, 711, 451, 812, 128, 129, 130, 866, 949, 549, 134, 135, 909, 137, 138, 139, 140, 141, 142, 79, 891, 145, 791, 147, 33, 149, 150, 648, 152, 153, 154, 155, 156, 157, 158, 622, 160, 161, 162, 902, 164, 165, 166, 167, 168, 169, 170, 544, 172, 173, 568, 175, 607, 177, 178, 179, 287, 984, 963, 975, 519, 185, 186, 187, 188, 431, 190, 615, 478, 746, 258, 195, 879, 197, 198, 199, 200, 708, 822, 203, 925, 283, 206, 207, 360, 650, 242, 211, 212, 507, 214, 215, 216, 217, 459, 219, 220, 221, 222, 223, 224, 745, 226, 603, 228, 229, 230, 713, 232, 233, 234, 468, 236, 237, 238, 239, 425, 241, 684, 243, 797, 245, 246, 348, 248, 249, 513, 251, 244, 328, 669, 74, 256, 257, 194, 136, 260, 554, 947, 349, 264, 491, 968, 922, 494, 269, 270, 271, 272, 798, 274, 146, 276, 277, 278, 279, 665, 281, 406, 205, 896, 285, 499, 180, 288, 289, 290, 291, 292, 381, 69, 295, 296, 297, 298, 299, 300, 210, 302, 364, 304, 305, 306, 957, 127, 309, 575, 515, 312, 313, 639, 315, 316, 317, 657, 319, 320, 321, 572, 68, 324, 325, 326, 327, 253, 329, 330, 331, 868, 333, 535, 335, 852, 505, 338, 612, 340, 341, 442, 343, 262, 345, 346, 347, 365, 366, 350, 938, 352, 353, 354, 355, 356, 357, 358, 951, 980, 858, 917, 151, 786, 247, 263, 367, 29, 159, 370, 371, 372, 970, 374, 444, 46, 377, 282, 379, 380, 293, 910, 383, 605, 385, 386, 387, 336, 389, 390, 191, 972, 393, 394, 743, 396, 964, 398, 807, 400, 401, 402, 806, 404, 718, 378, 407, 408, 409, 997, 690, 412, 413, 414, 411, 416, 417, 966, 419, 359, 124, 422, 423, 102, 509, 426, 681, 428, 429, 430, 189, 432, 919, 434, 847, 436, 792, 663, 450, 857, 578, 342, 880, 375, 445, 446, 447, 614, 460, 439, 310, 452, 643, 454, 638, 456, 55, 458, 218, 449, 395, 462, 463, 464, 465, 522, 467, 28, 469, 66, 471, 517, 473, 630, 322, 476, 477, 369, 113, 433, 481, 844, 483, 484, 485, 495, 435, 488, 489, 490, 667, 492, 493, 268, 486, 496, 497, 498, 42, 941, 501, 487, 734, 894, 337, 506, 213, 508, 240, 510, 632, 77, 250, 514, 311, 516, 472, 518, 184, 520, 521, 466, 523, 461, 832, 526, 527, 528, 529, 530, 531, 532, 533, 534, 57, 536, 769, 538, 539, 540, 541, 542, 543, 954, 545, 504, 547, 649, 122, 759, 307, 552, 553, 689, 555, 556, 171, 558, 559, 560, 561, 562, 563, 564, 8, 566, 567, 35, 569, 570, 571, 181, 573, 574, 126, 16, 577, 441, 709, 580, 581, 582, 252, 931, 585, 974, 587, 588, 589, 590, 591, 592, 593, 594, 595, 596, 597, 598, 981, 600, 601, 976, 227, 604, 384, 606, 176, 608, 788, 610, 611, 87, 613, 655, 99, 924, 617, 618, 619, 620, 621, 410, 623, 624, 754, 626, 934, 628, 945, 399, 631, 511, 953, 634, 635, 50, 637, 664, 995, 640, 641, 642, 314, 644, 862, 339, 647, 363, 548, 209, 651, 652, 691, 654, 717, 656, 318, 658, 659, 767, 661, 662, 438, 455, 280, 666, 265, 668, 254, 78, 71, 672, 920, 674, 675, 676, 677, 678, 679, 680, 427, 892, 579, 725, 685, 686, 49, 437, 932, 415, 670, 692, 693, 694, 695, 696, 104, 698, 143, 388, 701, 116, 703, 727, 705, 706, 707, 201, 683, 710, 125, 712, 231, 714, 715, 716, 448, 405, 719, 720, 54, 722, 723, 724, 107, 726, 182, 728, 737, 730, 731, 732, 294, 261, 735, 736, 729, 738, 739, 740, 918, 742, 480, 64, 821, 193, 747, 748, 835, 750, 751, 752, 753, 625, 755, 756, 24, 60, 908, 760, 761, 800, 763, 764, 765, 766, 660, 939, 833, 770, 851, 772, 773, 774, 775, 776, 584, 778, 779, 780, 959, 782, 783, 784, 785, 303, 787, 840, 789, 2, 609, 688, 440, 794, 795, 796, 583, 273, 799, 70, 801, 856, 803, 804, 805, 403, 790, 808, 809, 810, 700, 308, 813, 301, 815, 816, 817, 557, 819, 109, 225, 842, 823, 824, 633, 826, 827, 828, 829, 830, 831, 121, 537, 834, 94, 836, 837, 653, 839, 699, 192, 202, 843, 482, 845, 846, 131, 848, 849, 75, 771, 884, 893, 854, 855, 929, 969, 361, 859, 860, 36, 645, 863, 864, 865, 502, 867, 885, 869, 900, 871, 872, 873, 874, 987, 876, 877, 878, 196, 886, 391, 882, 43, 811, 332, 443, 887, 888, 889, 890, 144, 682, 368, 546, 895, 284, 897, 898, 899, 22, 901, 344, 903, 904, 905, 906, 907, 586, 132, 382, 911, 525, 421, 914, 915, 83, 362, 474, 962, 673, 921, 267, 923, 616, 204, 926, 927, 928, 802, 841, 993, 119, 933, 599, 935, 936, 937, 275, 768, 940, 500, 942, 943, 944, 629, 946, 163, 948, 259, 950, 255, 952, 825, 551, 955, 956, 818, 958, 973, 960, 961, 524, 704, 397, 965, 418, 967, 86, 793, 373, 971, 392, 781, 550, 870, 34, 977, 978, 979, 208, 814, 982, 983, 475, 985, 133, 875, 988, 989, 990, 991, 992, 777, 994, 453, 996, 930, 998, 999, 1000]}