{"num_steps": 110, "num_stays": 0, "time": 3.2128932689993235, "iter": 110, "locally": true, "temperature": 0.6357954260094133, "cooling": 1, "distance": 69412, "path": [115, 120, 41, 71, 100, 48, 112, 68, 69, 72, 21, 98, 23, 45, 32, 11, 17, 15, 134, 53, 16, 22, 94, 88, 70, 66, 65, 34, 29, 132, 103, 76, 33, 101, 30, 121, 37, 5, 96, 14, 3, 123, 43, 128, 136, 46, 47, 6, 49, 67, 39, 52, 78, 107, 55, 9, 57, 7, 150, 62, 60, 91, 63, 4, 97, 75, 1, 130, 92, 19, 137, 79, 18, 102, 111, 99, 24, 84, 10, 58, 73, 82, 126, 116, 50, 85, 87, 61, 89, 31, 8, 28, 93, 25, 81, 51, 110, 77, 140, 135, 117, 127, 36, 104, 38, 106, 90, 113, 74, 59, 141, 109, 108, 114, 44, 144, 2, 143, 119, 56, 80, 122, 42, 133, 125, 145, 20, 86, 27, 35, 131, 105, 142, 148, 54, 40, 64, 138, 139, 129, 26, 124, 118, 95, 13, 146, 147, 83, 149, 12]}