{"num_steps": 100, "num_stays": 0, "time": 2.927402236000489, "iter": 100, "locally": true, "temperature": 0.6486524615632605, "cooling": 1, "distance": 72129, "path": [115, 120, 41, 71, 100, 48, 121, 68, 69, 72, 21, 150, 62, 45, 32, 11, 17, 15, 19, 53, 16, 22, 94, 88, 70, 66, 97, 34, 29, 30, 103, 76, 33, 101, 132, 112, 37, 5, 96, 14, 3, 123, 43, 128, 136, 46, 47, 6, 49, 67, 39, 52, 78, 107, 55, 9, 57, 7, 60, 23, 98, 91, 63, 4, 65, 75, 1, 130, 92, 134, 137, 79, 18, 102, 111, 99, 24, 84, 10, 58, 73, 82, 126, 95, 50, 85, 87, 61, 89, 31, 8, 28, 93, 25, 81, 51, 110, 77, 140, 135, 117, 109, 36, 104, 38, 106, 90, 113, 74, 59, 141, 127, 108, 114, 44, 144, 2, 143, 119, 56, 80, 122, 42, 133, 125, 145, 20, 86, 27, 35, 131, 148, 142, 105, 54, 40, 64, 138, 139, 129, 26, 124, 118, 116, 13, 146, 147, 83, 149, 12]}