{"num_steps": 1750, "num_stays": 0, "time": 218.81981566499599, "iter": 1750, "locally": true, "temperature": 2, "cooling": 0.40168637196502455, "distance": 81306, "path": [102, 134, 188, 182, 229, 239, 243, 244, 256, 317, 314, 285, 290, 302, 311, 347, 336, 301, 249, 248, 273, 292, 321, 339, 402, 420, 423, 414, 415, 416, 413, 399, 191, 104, 100, 93, 94, 133, 164, 186, 197, 233, 275, 283, 286, 261, 241, 215, 214, 247, 267, 289, 309, 352, 348, 359, 380, 374, 344, 250, 194, 183, 50, 41, 61, 62, 88, 274, 330, 512, 516, 523, 525, 524, 520, 515, 503, 361, 337, 354, 383, 390, 466, 457, 452, 386, 363, 353, 238, 69, 56, 67, 73, 110, 118, 160, 211, 219, 230, 260, 253, 254, 281, 349, 355, 360, 375, 372, 385, 411, 478, 483, 491, 504, 526, 528, 529, 530, 527, 514, 510, 509, 522, 500, 502, 492, 462, 454, 234, 212, 201, 200, 207, 205, 209, 323, 409, 429, 453, 444, 447, 456, 467, 431, 400, 296, 145, 96, 83, 85, 106, 340, 394, 393, 365, 345, 174, 154, 147, 162, 135, 129, 141, 167, 179, 176, 111, 12, 14, 11, 9, 8, 10, 13, 18, 25, 47, 59, 82, 126, 298, 333, 351, 362, 368, 346, 304, 287, 225, 37, 26, 28, 36, 60, 72, 84, 109, 120, 123, 170, 175, 181, 257, 397, 403, 408, 387, 342, 272, 263, 259, 269, 307, 373, 381, 424, 427, 417, 419, 418, 449, 488, 480, 476, 485, 489, 506, 507, 511, 517, 497, 432, 332, 246, 124, 79, 74, 71, 65, 54, 48, 38, 39, 58, 70, 68, 64, 49, 43, 44, 63, 66, 168, 270, 279, 284, 487, 499, 471, 486, 482, 325, 280, 255, 231, 237, 242, 236, 252, 262, 271, 297, 358, 425, 436, 439, 438, 468, 469, 470, 442, 396, 384, 370, 371, 329, 137, 128, 127, 122, 152, 440, 484, 505, 519, 531, 532, 463, 445, 410, 196, 185, 163, 112, 87, 53, 46, 42, 35, 33, 34, 32, 45, 178, 434, 448, 451, 460, 426, 430, 437, 435, 450, 458, 459, 455, 428, 395, 203, 189, 180, 138, 125, 81, 52, 51, 57, 55, 90, 153, 149, 158, 148, 155, 144, 130, 115, 108, 113, 114, 193, 224, 277, 294, 328, 364, 388, 391, 404, 405, 412, 475, 473, 472, 465, 464, 446, 184, 171, 116, 146, 159, 136, 131, 76, 92, 101, 139, 157, 251, 199, 117, 98, 95, 121, 142, 173, 378, 406, 421, 422, 401, 369, 350, 204, 177, 216, 218, 210, 221, 264, 291, 310, 306, 288, 276, 206, 161, 151, 150, 140, 77, 22, 20, 23, 29, 24, 30, 80, 89, 78, 75, 86, 119, 156, 166, 190, 226, 258, 313, 316, 318, 326, 343, 335, 268, 202, 165, 172, 217, 220, 278, 341, 331, 240, 222, 192, 295, 299, 303, 315, 322, 338, 366, 357, 319, 305, 282, 245, 227, 228, 223, 232, 308, 324, 334, 367, 379, 376, 382, 392, 433, 481, 490, 495, 474, 198, 40, 27, 21, 19, 16, 15, 17, 31, 91, 103, 195, 213, 235, 293, 356, 443, 479, 508, 518, 521, 513, 377, 266, 3, 4, 1, 2, 7, 6, 5, 187, 208, 320, 327, 389, 398, 441, 496, 493, 494, 501, 498, 477, 461, 407, 312, 300, 265, 169, 143, 132, 97, 99, 105, 107]}