{"num_steps": 750, "num_stays": 0, "time": 94.93316571799369, "iter": 750, "locally": true, "temperature": 2, "cooling": 0.45298496773170366, "distance": 96706, "path": [111, 188, 223, 235, 229, 217, 243, 244, 256, 317, 314, 285, 290, 302, 378, 406, 356, 232, 181, 154, 147, 282, 303, 305, 402, 423, 426, 416, 413, 414, 408, 272, 100, 94, 104, 115, 155, 163, 164, 186, 247, 323, 338, 357, 366, 322, 309, 215, 214, 233, 253, 260, 267, 328, 339, 380, 407, 418, 400, 334, 258, 174, 50, 41, 62, 61, 98, 251, 337, 512, 516, 527, 530, 529, 443, 390, 361, 347, 311, 354, 383, 479, 518, 515, 421, 386, 363, 353, 157, 95, 56, 103, 91, 118, 206, 252, 269, 259, 271, 289, 294, 292, 299, 350, 466, 457, 401, 369, 370, 365, 384, 486, 500, 522, 526, 528, 523, 525, 513, 514, 510, 471, 449, 454, 496, 493, 484, 279, 201, 177, 166, 179, 190, 205, 254, 277, 300, 429, 453, 444, 447, 456, 442, 428, 395, 321, 66, 71, 87, 83, 226, 478, 483, 491, 504, 411, 385, 187, 175, 135, 107, 105, 129, 198, 209, 224, 193, 84, 31, 10, 8, 7, 9, 11, 20, 42, 47, 59, 82, 287, 304, 346, 397, 403, 358, 325, 307, 203, 148, 46, 26, 28, 36, 65, 74, 85, 79, 120, 123, 170, 183, 204, 312, 373, 387, 399, 409, 342, 276, 263, 225, 185, 196, 333, 417, 427, 424, 351, 197, 144, 106, 97, 422, 446, 464, 472, 489, 507, 511, 524, 412, 396, 324, 168, 99, 72, 60, 63, 54, 53, 48, 38, 39, 58, 70, 68, 64, 43, 33, 30, 24, 29, 162, 245, 295, 432, 487, 499, 509, 502, 445, 405, 404, 255, 231, 237, 236, 219, 211, 230, 262, 298, 415, 425, 436, 439, 438, 468, 477, 481, 467, 440, 394, 393, 371, 349, 202, 137, 127, 122, 128, 320, 375, 505, 519, 531, 532, 463, 435, 419, 297, 216, 126, 133, 132, 119, 109, 73, 49, 34, 32, 35, 45, 55, 434, 451, 448, 460, 420, 430, 437, 431, 450, 455, 462, 459, 458, 374, 189, 191, 180, 158, 125, 81, 51, 52, 57, 90, 178, 210, 218, 242, 241, 270, 281, 273, 93, 108, 113, 114, 176, 200, 212, 234, 340, 344, 379, 388, 381, 391, 497, 508, 506, 485, 473, 465, 452, 184, 171, 116, 146, 159, 136, 131, 76, 92, 101, 139, 199, 239, 238, 117, 69, 88, 121, 142, 173, 330, 476, 475, 336, 293, 208, 194, 156, 124, 138, 153, 149, 221, 288, 306, 310, 291, 280, 264, 169, 161, 151, 141, 140, 22, 17, 14, 13, 25, 37, 44, 80, 89, 86, 75, 78, 110, 150, 167, 207, 246, 257, 308, 313, 332, 335, 343, 326, 284, 248, 249, 268, 274, 220, 278, 331, 341, 240, 222, 192, 318, 316, 296, 286, 275, 283, 315, 352, 364, 348, 319, 250, 152, 165, 172, 266, 301, 345, 367, 376, 362, 368, 382, 392, 410, 461, 490, 495, 474, 102, 40, 27, 21, 16, 15, 12, 5, 4, 3, 67, 182, 195, 213, 327, 377, 480, 488, 503, 517, 520, 521, 227, 228, 19, 6, 1, 2, 18, 23, 134, 329, 355, 360, 372, 389, 398, 441, 482, 492, 494, 501, 498, 469, 470, 433, 359, 265, 261, 160, 143, 145, 130, 112, 96, 77]}