{"num_steps": 250, "num_stays": 0, "time": 31.68733231299848, "iter": 250, "locally": true, "temperature": 2, "cooling": 0.5425514917581086, "distance": 148264, "path": [111, 245, 284, 326, 343, 251, 220, 278, 192, 317, 314, 243, 290, 311, 466, 480, 389, 68, 26, 42, 35, 118, 268, 401, 432, 478, 470, 399, 413, 397, 321, 190, 63, 66, 144, 186, 287, 247, 267, 108, 148, 219, 359, 379, 362, 338, 286, 205, 176, 160, 262, 191, 133, 319, 339, 400, 431, 456, 380, 305, 294, 265, 198, 67, 62, 122, 172, 337, 361, 523, 516, 529, 528, 492, 458, 440, 330, 217, 302, 347, 504, 509, 522, 499, 378, 353, 363, 386, 173, 120, 30, 29, 86, 102, 271, 252, 242, 259, 269, 304, 246, 292, 299, 464, 452, 421, 422, 390, 316, 313, 344, 407, 418, 496, 511, 503, 521, 525, 514, 526, 279, 318, 396, 384, 412, 505, 519, 188, 175, 193, 275, 215, 257, 226, 273, 411, 441, 403, 453, 439, 426, 370, 377, 518, 530, 261, 81, 47, 45, 94, 402, 494, 483, 510, 497, 479, 449, 365, 258, 140, 107, 105, 315, 322, 283, 233, 214, 177, 162, 10, 8, 14, 79, 58, 40, 54, 71, 97, 161, 296, 376, 408, 429, 414, 437, 430, 307, 225, 83, 60, 22, 28, 90, 82, 74, 99, 134, 174, 181, 170, 183, 204, 234, 373, 387, 416, 409, 342, 306, 230, 143, 106, 196, 405, 424, 445, 463, 433, 410, 158, 87, 96, 187, 274, 506, 472, 446, 487, 502, 482, 455, 395, 312, 209, 150, 124, 132, 125, 59, 53, 48, 15, 11, 69, 157, 139, 112, 52, 57, 25, 24, 20, 17, 248, 295, 385, 443, 515, 524, 442, 427, 423, 404, 351, 260, 221, 155, 164, 168, 156, 207, 323, 415, 425, 438, 436, 444, 468, 477, 481, 490, 454, 394, 371, 393, 349, 88, 142, 152, 101, 159, 345, 375, 508, 513, 531, 532, 346, 276, 291, 272, 163, 126, 114, 85, 75, 109, 70, 80, 51, 32, 37, 33, 100, 434, 451, 448, 460, 420, 417, 56, 41, 428, 450, 462, 459, 484, 501, 34, 36, 210, 231, 189, 72, 31, 43, 46, 55, 178, 180, 288, 297, 309, 249, 213, 232, 200, 138, 113, 185, 206, 135, 147, 250, 340, 374, 391, 388, 310, 218, 300, 507, 517, 488, 465, 473, 406, 98, 137, 116, 92, 146, 131, 103, 91, 123, 76, 95, 199, 239, 238, 117, 128, 165, 167, 151, 171, 354, 476, 485, 336, 61, 195, 194, 141, 169, 203, 153, 149, 216, 325, 381, 447, 435, 280, 237, 211, 241, 212, 154, 235, 202, 9, 7, 6, 298, 333, 328, 201, 78, 73, 119, 89, 21, 16, 39, 277, 254, 324, 308, 334, 332, 335, 184, 229, 471, 281, 303, 282, 327, 285, 244, 331, 341, 240, 222, 256, 461, 419, 289, 115, 104, 84, 129, 367, 364, 357, 352, 270, 127, 121, 266, 293, 301, 329, 348, 392, 382, 368, 366, 197, 65, 93, 467, 495, 498, 110, 49, 19, 27, 38, 44, 12, 5, 4, 3, 50, 182, 208, 227, 356, 383, 457, 475, 489, 520, 527, 512, 223, 228, 64, 13, 1, 2, 18, 23, 136, 320, 355, 372, 360, 350, 369, 398, 491, 500, 486, 493, 474, 469, 358, 255, 263, 179, 166, 224, 253, 130, 145, 264, 236, 77]}