{"num_steps": 20000, "num_stays": 246, "time": 1.492046221000237, "iter": 20000, "locally": false, "temperature": 2, "cooling": 0.3029205311307877, "distance": 165387, "path": [10, 12, 7, 67, 365, 374, 313, 355, 171, 117, 238, 446, 421, 464, 452, 386, 378, 331, 111, 105, 441, 471, 515, 511, 530, 528, 505, 498, 437, 447, 531, 501, 477, 410, 348, 362, 436, 453, 439, 358, 225, 315, 295, 332, 308, 201, 120, 109, 245, 270, 204, 212, 265, 366, 407, 445, 433, 427, 211, 23, 11, 20, 150, 141, 97, 208, 202, 165, 152, 123, 74, 144, 83, 241, 292, 324, 481, 510, 522, 455, 430, 391, 338, 309, 186, 132, 161, 168, 282, 357, 387, 429, 451, 434, 288, 104, 66, 63, 79, 68, 56, 98, 251, 69, 266, 454, 379, 352, 376, 435, 461, 489, 472, 485, 465, 290, 285, 88, 284, 279, 311, 240, 256, 330, 422, 232, 203, 272, 210, 264, 72, 80, 70, 159, 293, 506, 503, 532, 448, 388, 424, 335, 370, 322, 138, 149, 125, 81, 52, 59, 44, 47, 339, 486, 398, 519, 490, 467, 469, 312, 300, 215, 193, 214, 259, 267, 115, 130, 75, 116, 172, 183, 205, 367, 364, 438, 403, 269, 53, 35, 22, 234, 281, 227, 194, 275, 261, 106, 31, 19, 21, 28, 57, 77, 160, 156, 268, 184, 229, 320, 273, 108, 45, 177, 493, 495, 456, 474, 514, 507, 475, 513, 389, 360, 166, 179, 277, 334, 431, 482, 523, 491, 502, 496, 375, 372, 385, 411, 442, 400, 359, 162, 135, 167, 134, 86, 118, 129, 122, 222, 239, 220, 121, 101, 76, 103, 78, 119, 200, 65, 54, 60, 87, 36, 33, 1, 2, 13, 14, 4, 16, 42, 151, 190, 351, 417, 423, 404, 408, 414, 306, 263, 310, 287, 230, 420, 426, 397, 444, 380, 137, 128, 361, 390, 500, 494, 484, 483, 492, 470, 368, 323, 84, 174, 207, 198, 254, 224, 304, 255, 242, 189, 180, 257, 303, 328, 209, 169, 64, 38, 26, 9, 8, 191, 373, 405, 346, 94, 93, 51, 18, 15, 153, 425, 409, 413, 271, 102, 143, 145, 252, 419, 463, 301, 235, 188, 170, 248, 223, 432, 497, 479, 520, 524, 521, 246, 258, 316, 226, 107, 110, 91, 182, 95, 329, 318, 343, 529, 527, 508, 517, 526, 499, 383, 401, 393, 173, 127, 46, 48, 100, 218, 236, 221, 276, 325, 418, 428, 356, 199, 217, 336, 350, 139, 317, 353, 341, 473, 476, 525, 518, 487, 175, 90, 114, 82, 148, 113, 155, 164, 163, 30, 25, 32, 34, 49, 62, 61, 142, 213, 228, 250, 99, 85, 112, 126, 219, 289, 247, 124, 89, 58, 71, 55, 6, 5, 37, 40, 294, 286, 296, 321, 299, 249, 195, 131, 41, 50, 369, 466, 457, 509, 478, 412, 394, 371, 345, 340, 344, 396, 377, 480, 443, 363, 302, 192, 314, 244, 347, 157, 274, 504, 354, 337, 450, 468, 460, 416, 237, 216, 197, 253, 297, 342, 399, 415, 136, 92, 73, 27, 24, 29, 39, 96, 305, 319, 402, 392, 382, 333, 233, 206, 181, 187, 406, 488, 512, 516, 327, 395, 298, 231, 178, 158, 147, 154, 283, 260, 262, 384, 349, 326, 440, 462, 459, 449, 458, 381, 307, 280, 291, 43, 3, 278, 243, 146, 133, 196, 185, 140, 176, 17]}