{"num_steps": 200000, "num_stays": 2132, "time": 15.333837607000532, "iter": 200000, "locally": false, "temperature": 2, "cooling": 0.24577909941572276, "distance": 95022, "path": [14, 13, 29, 70, 102, 110, 223, 157, 199, 239, 290, 421, 464, 465, 452, 386, 363, 341, 353, 515, 520, 525, 523, 513, 527, 528, 519, 505, 456, 461, 481, 470, 469, 468, 463, 430, 438, 444, 460, 453, 414, 388, 324, 299, 284, 147, 123, 103, 134, 135, 190, 305, 374, 418, 407, 435, 437, 376, 57, 25, 23, 20, 24, 30, 73, 76, 116, 122, 137, 152, 89, 80, 84, 111, 200, 257, 396, 493, 494, 495, 433, 417, 357, 322, 300, 296, 338, 366, 439, 425, 429, 434, 448, 451, 409, 114, 71, 65, 49, 40, 56, 50, 101, 202, 266, 301, 400, 410, 419, 477, 490, 441, 475, 472, 473, 446, 354, 337, 251, 217, 220, 222, 192, 235, 249, 270, 185, 180, 158, 149, 130, 143, 160, 224, 316, 313, 308, 424, 423, 391, 381, 364, 352, 196, 148, 138, 125, 81, 47, 46, 44, 96, 380, 467, 501, 498, 531, 532, 447, 445, 359, 283, 233, 247, 186, 197, 124, 119, 131, 136, 183, 273, 321, 319, 339, 348, 315, 275, 161, 140, 86, 109, 120, 177, 198, 207, 167, 68, 31, 19, 16, 28, 39, 99, 156, 166, 162, 201, 234, 250, 227, 228, 295, 345, 393, 478, 500, 522, 530, 517, 511, 524, 516, 398, 349, 343, 365, 394, 449, 482, 486, 462, 454, 440, 375, 360, 372, 412, 428, 340, 344, 303, 246, 209, 205, 154, 175, 159, 293, 350, 356, 336, 274, 142, 91, 75, 78, 79, 83, 74, 63, 48, 43, 36, 5, 1, 2, 7, 11, 12, 21, 27, 58, 168, 294, 312, 420, 426, 404, 408, 403, 397, 358, 325, 351, 373, 405, 402, 392, 318, 213, 127, 128, 184, 229, 492, 474, 496, 484, 450, 254, 141, 118, 105, 107, 129, 151, 169, 225, 263, 276, 291, 272, 236, 252, 253, 211, 106, 38, 15, 9, 8, 18, 178, 210, 231, 191, 82, 59, 51, 52, 90, 153, 221, 413, 416, 415, 387, 362, 368, 382, 379, 367, 334, 281, 194, 188, 187, 232, 401, 497, 508, 518, 521, 512, 329, 326, 279, 245, 174, 181, 170, 182, 208, 335, 385, 411, 504, 509, 526, 510, 514, 499, 487, 332, 258, 132, 112, 133, 189, 218, 264, 288, 310, 306, 323, 309, 328, 88, 69, 98, 117, 238, 285, 278, 331, 378, 457, 506, 507, 489, 485, 476, 466, 204, 145, 163, 164, 144, 115, 104, 53, 37, 33, 32, 26, 41, 61, 62, 121, 92, 67, 77, 97, 85, 93, 100, 108, 113, 126, 87, 66, 60, 22, 6, 4, 3, 64, 214, 215, 277, 282, 292, 195, 165, 172, 171, 443, 479, 480, 488, 503, 529, 471, 371, 370, 355, 327, 330, 361, 422, 406, 347, 302, 314, 317, 256, 244, 240, 243, 311, 432, 491, 483, 502, 427, 436, 399, 342, 287, 297, 262, 271, 269, 259, 216, 203, 94, 54, 35, 34, 42, 45, 55, 155, 260, 298, 346, 333, 286, 226, 212, 248, 320, 377, 389, 390, 383, 369, 268, 193, 206, 219, 230, 261, 265, 241, 289, 307, 304, 395, 431, 455, 458, 459, 442, 384, 267, 255, 280, 237, 242, 146, 173, 139, 95, 179, 176, 150, 72, 17, 10]}