{"num_steps": 50000, "num_stays": 120, "time": 3.6665621760002978, "iter": 50000, "locally": false, "temperature": 2, "cooling": 0.27726898191482147, "distance": 127862, "path": [10, 12, 33, 90, 359, 374, 345, 332, 62, 117, 311, 290, 421, 464, 452, 386, 378, 331, 363, 489, 523, 525, 518, 513, 508, 510, 505, 498, 461, 469, 467, 481, 477, 430, 435, 376, 436, 439, 453, 415, 304, 315, 324, 284, 299, 188, 120, 109, 147, 174, 204, 270, 308, 456, 437, 445, 433, 418, 163, 55, 20, 14, 23, 107, 175, 146, 152, 165, 202, 123, 80, 84, 97, 151, 135, 295, 326, 478, 522, 487, 424, 402, 338, 309, 283, 241, 161, 168, 362, 416, 460, 429, 451, 434, 264, 94, 65, 63, 39, 40, 56, 50, 88, 157, 266, 301, 379, 382, 392, 463, 490, 480, 476, 472, 465, 473, 217, 69, 98, 173, 251, 240, 222, 220, 356, 248, 203, 180, 158, 149, 100, 64, 70, 213, 293, 327, 502, 532, 425, 444, 427, 348, 226, 246, 176, 138, 125, 81, 52, 46, 44, 79, 339, 344, 494, 519, 531, 470, 447, 407, 352, 215, 169, 214, 247, 225, 219, 150, 103, 92, 159, 245, 305, 367, 364, 357, 333, 230, 83, 68, 102, 234, 281, 273, 300, 275, 206, 106, 31, 19, 21, 28, 43, 54, 111, 177, 162, 201, 343, 329, 235, 227, 250, 292, 450, 474, 495, 483, 503, 507, 517, 511, 432, 360, 335, 136, 279, 365, 484, 482, 486, 491, 440, 454, 375, 372, 385, 412, 428, 396, 334, 277, 205, 190, 134, 86, 119, 207, 336, 354, 347, 401, 350, 101, 67, 75, 78, 124, 132, 74, 71, 48, 42, 25, 7, 2, 1, 13, 11, 5, 16, 27, 58, 200, 303, 417, 423, 426, 405, 414, 408, 399, 289, 271, 351, 420, 404, 397, 388, 282, 137, 128, 127, 122, 389, 492, 493, 501, 496, 442, 312, 233, 160, 89, 129, 118, 105, 224, 193, 276, 291, 210, 216, 269, 321, 328, 294, 254, 57, 38, 18, 9, 8, 189, 272, 307, 346, 178, 59, 22, 26, 30, 153, 448, 409, 403, 381, 288, 145, 186, 410, 419, 380, 313, 131, 194, 170, 183, 229, 369, 377, 516, 521, 520, 524, 349, 318, 316, 212, 154, 110, 91, 182, 228, 232, 384, 411, 441, 509, 530, 514, 526, 499, 383, 390, 76, 141, 115, 93, 104, 191, 218, 221, 236, 306, 325, 373, 257, 121, 139, 330, 422, 302, 256, 192, 353, 341, 485, 506, 527, 515, 475, 488, 166, 133, 126, 148, 113, 155, 164, 114, 53, 35, 32, 34, 36, 41, 61, 142, 95, 116, 73, 99, 130, 112, 87, 82, 108, 197, 144, 77, 85, 60, 15, 6, 4, 3, 47, 211, 286, 296, 258, 208, 249, 195, 172, 171, 320, 355, 466, 457, 529, 528, 471, 370, 371, 393, 340, 395, 398, 446, 406, 361, 239, 314, 317, 285, 243, 199, 238, 337, 443, 504, 500, 455, 468, 438, 413, 297, 259, 252, 237, 310, 358, 342, 323, 167, 156, 140, 37, 24, 29, 45, 51, 143, 319, 366, 368, 391, 387, 209, 179, 181, 187, 268, 497, 512, 479, 274, 223, 287, 242, 263, 267, 261, 265, 322, 260, 253, 262, 400, 431, 458, 462, 459, 449, 394, 298, 255, 280, 231, 66, 49, 278, 244, 184, 198, 196, 185, 96, 72, 17]}