{"num_steps": 500000, "num_stays": 1875, "time": 37.63459118300034, "iter": 500000, "locally": false, "temperature": 2, "cooling": 0.22861728480240465, "distance": 86723, "path": [10, 14, 17, 58, 75, 73, 69, 157, 251, 238, 406, 421, 464, 465, 452, 386, 363, 341, 353, 511, 517, 515, 523, 513, 527, 530, 519, 505, 501, 481, 477, 470, 469, 468, 437, 430, 460, 453, 444, 439, 404, 405, 402, 392, 286, 147, 123, 120, 134, 166, 207, 303, 334, 418, 435, 419, 382, 230, 113, 32, 25, 29, 24, 30, 67, 50, 116, 122, 152, 159, 89, 80, 84, 111, 168, 277, 374, 458, 474, 467, 456, 364, 352, 322, 309, 323, 333, 438, 436, 425, 429, 451, 448, 434, 409, 126, 71, 54, 49, 40, 56, 76, 146, 213, 232, 318, 380, 410, 433, 461, 492, 491, 475, 473, 472, 457, 422, 347, 239, 217, 192, 222, 220, 274, 229, 205, 186, 180, 158, 149, 155, 145, 169, 265, 308, 313, 316, 340, 359, 391, 381, 325, 298, 225, 148, 138, 125, 82, 66, 60, 83, 96, 400, 431, 490, 498, 531, 532, 463, 447, 445, 417, 304, 219, 211, 197, 140, 119, 103, 136, 170, 250, 273, 305, 319, 312, 328, 261, 150, 118, 110, 91, 109, 162, 177, 156, 167, 102, 21, 19, 31, 38, 39, 68, 135, 190, 200, 212, 234, 245, 249, 227, 228, 326, 454, 502, 500, 522, 529, 520, 524, 525, 512, 398, 349, 343, 365, 412, 449, 486, 482, 462, 459, 440, 375, 360, 372, 394, 393, 384, 344, 324, 282, 226, 201, 154, 175, 268, 293, 350, 336, 266, 235, 202, 131, 70, 77, 79, 72, 74, 65, 48, 43, 26, 6, 1, 2, 7, 12, 15, 22, 28, 97, 160, 348, 420, 423, 426, 414, 408, 403, 387, 358, 346, 351, 362, 368, 366, 339, 299, 137, 127, 128, 172, 301, 455, 484, 496, 493, 450, 209, 198, 141, 129, 107, 105, 151, 161, 260, 263, 276, 272, 242, 236, 252, 196, 185, 53, 23, 11, 9, 8, 18, 153, 210, 221, 191, 81, 59, 52, 51, 90, 178, 231, 399, 413, 416, 415, 397, 373, 376, 379, 367, 321, 258, 194, 188, 182, 223, 389, 497, 508, 518, 521, 516, 329, 295, 248, 204, 174, 181, 183, 187, 208, 335, 385, 411, 504, 509, 526, 510, 528, 499, 487, 332, 246, 132, 130, 133, 189, 218, 255, 291, 288, 307, 315, 294, 279, 142, 173, 139, 117, 199, 290, 278, 331, 378, 446, 506, 507, 489, 485, 476, 466, 377, 143, 164, 163, 144, 112, 47, 44, 37, 33, 36, 27, 41, 61, 62, 101, 92, 86, 78, 99, 85, 94, 104, 114, 115, 100, 93, 87, 63, 16, 5, 4, 3, 64, 193, 224, 254, 257, 270, 195, 165, 171, 184, 443, 479, 480, 488, 503, 514, 441, 371, 370, 355, 356, 330, 354, 361, 311, 302, 285, 314, 317, 256, 240, 244, 243, 337, 432, 471, 483, 478, 427, 424, 388, 342, 306, 297, 271, 262, 269, 259, 216, 203, 108, 46, 42, 35, 34, 45, 55, 57, 253, 267, 283, 296, 300, 292, 281, 284, 320, 327, 401, 390, 383, 369, 345, 241, 206, 233, 247, 215, 214, 275, 287, 289, 338, 357, 407, 495, 494, 442, 428, 396, 395, 310, 280, 237, 264, 121, 98, 95, 88, 179, 176, 124, 106, 20, 13]}