{"num_steps": 10000, "num_stays": 16, "time": 0.754780906000633, "iter": 10000, "locally": false, "temperature": 2, "cooling": 0.32571378934955336, "distance": 196787, "path": [24, 12, 21, 67, 228, 495, 441, 213, 223, 117, 238, 243, 421, 386, 485, 446, 378, 369, 111, 161, 299, 516, 515, 507, 530, 528, 502, 367, 437, 468, 531, 501, 481, 261, 319, 362, 436, 453, 439, 291, 32, 16, 295, 332, 308, 273, 120, 109, 245, 270, 227, 166, 265, 366, 351, 445, 433, 427, 255, 23, 19, 20, 269, 141, 97, 105, 320, 202, 101, 174, 186, 144, 346, 218, 241, 316, 461, 510, 522, 459, 388, 391, 410, 297, 130, 132, 176, 312, 234, 357, 387, 429, 451, 434, 180, 83, 22, 93, 79, 68, 116, 157, 251, 220, 278, 396, 364, 352, 384, 456, 477, 490, 472, 452, 465, 290, 244, 128, 266, 370, 268, 240, 256, 330, 355, 398, 263, 231, 210, 264, 259, 60, 70, 172, 383, 503, 390, 532, 448, 430, 423, 329, 350, 305, 313, 149, 81, 125, 90, 59, 44, 47, 474, 486, 487, 356, 450, 467, 469, 322, 107, 215, 209, 214, 323, 271, 54, 66, 80, 121, 95, 139, 62, 339, 379, 438, 403, 178, 53, 25, 30, 212, 393, 204, 257, 275, 230, 106, 31, 14, 7, 28, 104, 242, 162, 156, 134, 184, 98, 326, 281, 133, 45, 33, 491, 484, 498, 447, 519, 511, 508, 513, 389, 360, 258, 179, 277, 334, 431, 407, 523, 529, 505, 462, 372, 375, 385, 411, 500, 493, 344, 315, 135, 140, 160, 150, 118, 129, 50, 222, 192, 69, 122, 152, 76, 103, 58, 123, 200, 155, 96, 189, 151, 168, 40, 1, 2, 13, 8, 4, 72, 42, 365, 175, 340, 417, 419, 404, 405, 368, 306, 289, 191, 185, 338, 420, 426, 397, 444, 380, 250, 432, 361, 354, 442, 455, 494, 483, 492, 470, 414, 381, 207, 205, 194, 198, 254, 300, 304, 211, 138, 203, 225, 292, 303, 282, 193, 169, 64, 38, 26, 9, 10, 284, 373, 408, 310, 298, 57, 51, 18, 15, 153, 425, 409, 413, 73, 102, 74, 216, 252, 424, 463, 293, 235, 131, 170, 248, 232, 336, 497, 406, 520, 524, 345, 246, 328, 376, 190, 119, 110, 91, 56, 229, 335, 318, 374, 454, 488, 475, 517, 518, 496, 327, 401, 88, 142, 127, 34, 48, 100, 307, 276, 221, 236, 288, 418, 440, 471, 311, 285, 199, 201, 183, 317, 353, 363, 473, 476, 525, 526, 187, 226, 65, 114, 82, 148, 113, 108, 164, 196, 158, 46, 36, 35, 115, 197, 208, 173, 422, 341, 137, 99, 85, 112, 143, 283, 287, 253, 206, 89, 78, 71, 55, 3, 5, 37, 177, 294, 286, 296, 321, 324, 249, 195, 136, 41, 182, 377, 466, 457, 499, 478, 412, 394, 371, 165, 343, 359, 400, 521, 480, 443, 464, 302, 239, 314, 217, 61, 159, 274, 489, 506, 337, 449, 435, 460, 416, 237, 145, 87, 247, 267, 342, 399, 333, 146, 92, 86, 27, 43, 29, 39, 49, 77, 84, 402, 392, 382, 325, 233, 124, 181, 188, 479, 527, 512, 514, 301, 395, 219, 272, 94, 163, 147, 154, 309, 260, 262, 348, 349, 171, 428, 509, 504, 482, 458, 126, 280, 415, 358, 11, 6, 347, 331, 279, 75, 63, 52, 167, 224, 17]}