{"num_steps": 1000000, "num_stays": 963, "time": 74.28136246100075, "iter": 1000000, "locally": false, "temperature": 2, "cooling": 0.21714720951637906, "distance": 80899, "path": [10, 14, 17, 70, 67, 50, 69, 157, 251, 238, 347, 446, 464, 465, 452, 386, 363, 341, 353, 511, 517, 520, 515, 524, 525, 522, 519, 505, 495, 490, 481, 470, 469, 468, 437, 430, 460, 453, 444, 439, 404, 405, 388, 366, 296, 162, 147, 177, 200, 246, 254, 303, 334, 380, 407, 410, 392, 155, 126, 32, 25, 29, 24, 30, 40, 56, 122, 127, 116, 92, 86, 110, 84, 111, 193, 328, 433, 461, 477, 467, 431, 400, 352, 322, 309, 351, 381, 438, 436, 425, 429, 451, 448, 434, 409, 230, 130, 97, 80, 75, 103, 131, 146, 195, 227, 318, 374, 450, 474, 494, 492, 491, 466, 476, 472, 473, 475, 421, 240, 222, 192, 220, 239, 274, 229, 179, 164, 148, 149, 158, 185, 186, 197, 261, 265, 313, 316, 344, 339, 348, 338, 323, 307, 242, 180, 138, 125, 113, 108, 114, 144, 233, 379, 418, 501, 498, 531, 532, 463, 447, 445, 417, 289, 267, 247, 161, 151, 166, 123, 154, 234, 250, 273, 292, 319, 312, 300, 224, 176, 167, 135, 156, 134, 109, 119, 118, 102, 58, 21, 19, 31, 38, 39, 49, 64, 78, 91, 120, 204, 245, 248, 249, 295, 332, 440, 502, 500, 529, 530, 527, 513, 516, 512, 432, 398, 355, 349, 371, 449, 486, 482, 462, 459, 454, 412, 372, 375, 393, 394, 384, 340, 324, 282, 257, 226, 212, 187, 182, 293, 350, 336, 266, 235, 213, 159, 129, 99, 79, 72, 60, 63, 48, 43, 26, 6, 1, 2, 7, 12, 15, 22, 28, 87, 115, 325, 420, 423, 426, 397, 403, 408, 387, 358, 346, 362, 373, 368, 357, 321, 281, 152, 137, 128, 202, 329, 455, 458, 496, 493, 484, 209, 198, 150, 140, 107, 105, 160, 169, 253, 260, 276, 272, 263, 259, 225, 196, 133, 23, 20, 11, 9, 8, 18, 153, 210, 221, 191, 81, 59, 52, 51, 90, 178, 231, 399, 413, 416, 415, 414, 391, 376, 364, 367, 359, 305, 270, 232, 223, 301, 401, 497, 508, 518, 521, 523, 389, 268, 194, 181, 174, 175, 170, 183, 188, 228, 335, 441, 504, 509, 526, 528, 514, 510, 370, 365, 345, 143, 145, 163, 203, 218, 237, 264, 297, 304, 315, 258, 279, 142, 173, 139, 117, 199, 217, 278, 331, 378, 406, 489, 506, 507, 485, 457, 422, 383, 190, 132, 106, 112, 53, 46, 44, 37, 33, 36, 27, 41, 61, 62, 101, 76, 73, 89, 77, 85, 96, 83, 94, 100, 93, 71, 65, 54, 16, 5, 4, 3, 68, 168, 205, 207, 201, 208, 165, 172, 171, 184, 443, 479, 480, 488, 503, 499, 487, 411, 385, 360, 356, 330, 337, 354, 311, 302, 285, 314, 317, 256, 244, 243, 290, 361, 390, 471, 483, 478, 427, 424, 402, 342, 310, 288, 269, 262, 252, 236, 216, 189, 82, 47, 42, 35, 34, 45, 55, 57, 104, 275, 283, 286, 294, 308, 299, 284, 320, 327, 369, 377, 343, 326, 277, 241, 215, 214, 206, 211, 219, 271, 287, 298, 333, 382, 419, 435, 456, 442, 428, 396, 395, 306, 291, 280, 255, 121, 98, 95, 88, 136, 141, 124, 74, 66, 13]}