{"num_steps": 100000, "num_stays": 99, "time": 7.386924920000638, "iter": 100000, "locally": false, "temperature": 2, "cooling": 0.2605762364791912, "distance": 109649, "path": [14, 12, 15, 99, 205, 282, 213, 235, 95, 173, 220, 422, 446, 464, 452, 386, 378, 341, 331, 515, 524, 525, 512, 513, 516, 528, 519, 498, 470, 469, 467, 481, 477, 468, 463, 417, 436, 439, 453, 460, 381, 357, 324, 284, 281, 175, 123, 109, 147, 198, 209, 254, 395, 456, 445, 435, 433, 418, 57, 26, 20, 23, 25, 30, 91, 146, 152, 165, 137, 92, 80, 84, 107, 129, 135, 166, 374, 478, 522, 483, 424, 392, 366, 322, 275, 161, 168, 376, 373, 416, 429, 434, 451, 448, 415, 82, 71, 63, 49, 40, 56, 50, 101, 202, 266, 301, 379, 410, 419, 437, 490, 457, 475, 472, 473, 465, 337, 69, 98, 199, 238, 222, 192, 217, 354, 249, 185, 180, 158, 149, 94, 132, 140, 295, 320, 385, 491, 532, 425, 444, 420, 348, 339, 155, 148, 138, 125, 81, 47, 46, 44, 85, 319, 344, 501, 505, 531, 461, 447, 407, 367, 215, 233, 211, 197, 230, 143, 124, 103, 136, 188, 273, 321, 359, 364, 352, 252, 262, 141, 150, 102, 120, 131, 194, 258, 277, 224, 64, 31, 19, 16, 28, 39, 70, 156, 177, 162, 200, 234, 248, 223, 228, 245, 316, 442, 474, 494, 502, 530, 511, 517, 521, 527, 355, 349, 343, 332, 384, 449, 482, 486, 458, 440, 454, 375, 360, 372, 412, 428, 396, 334, 303, 246, 190, 134, 86, 119, 159, 369, 356, 383, 336, 274, 142, 73, 75, 78, 77, 83, 66, 65, 48, 43, 33, 5, 2, 1, 7, 10, 13, 21, 27, 58, 207, 294, 312, 423, 426, 405, 414, 408, 397, 304, 298, 333, 358, 404, 402, 382, 340, 345, 127, 128, 184, 229, 492, 493, 496, 484, 450, 315, 169, 160, 105, 89, 118, 110, 167, 247, 276, 288, 271, 263, 242, 225, 328, 300, 193, 60, 24, 8, 9, 18, 153, 210, 237, 191, 189, 59, 51, 55, 90, 178, 221, 409, 403, 399, 387, 351, 309, 388, 427, 380, 313, 299, 250, 183, 187, 350, 401, 497, 508, 518, 520, 523, 335, 326, 279, 212, 154, 181, 170, 182, 227, 268, 327, 411, 441, 509, 526, 510, 514, 499, 487, 232, 174, 151, 112, 115, 114, 259, 272, 264, 310, 306, 323, 338, 257, 88, 139, 330, 239, 290, 285, 240, 353, 363, 485, 506, 507, 489, 476, 466, 270, 241, 164, 186, 163, 144, 126, 104, 53, 35, 34, 32, 36, 41, 61, 62, 121, 116, 67, 97, 106, 87, 93, 100, 108, 113, 133, 130, 96, 54, 11, 6, 4, 3, 79, 214, 286, 296, 305, 292, 208, 195, 172, 171, 293, 479, 488, 480, 503, 529, 471, 370, 371, 365, 318, 308, 347, 421, 406, 361, 278, 314, 317, 256, 244, 243, 302, 311, 443, 504, 500, 495, 430, 438, 413, 342, 287, 269, 216, 218, 291, 297, 325, 196, 74, 38, 37, 42, 29, 45, 52, 219, 289, 362, 368, 391, 346, 226, 201, 204, 329, 377, 389, 390, 432, 398, 122, 76, 206, 236, 203, 261, 265, 253, 260, 267, 283, 400, 431, 455, 459, 462, 393, 394, 307, 255, 280, 231, 145, 68, 251, 117, 157, 179, 176, 111, 72, 22, 17]}