{"num_steps": 300, "num_stays": 4, "time": 0.024685758002306102, "iter": 300, "locally": false, "temperature": 2, "cooling": 0.5253547573363655, "distance": 16314, "path": [32, 49, 20, 39, 27, 26, 13, 43, 4, 33, 11, 12, 28, 46, 16, 44, 1, 42, 30, 47, 52, 14, 51, 48, 18, 3, 15, 24, 5, 6, 25, 40, 36, 34, 31, 23, 50, 29, 17, 8, 41, 7, 2, 21, 22, 19, 45, 10, 9, 35, 37, 38]}