{"num_steps": 50, "num_stays": 12, "time": 0.004427738000231329, "iter": 50, "locally": false, "temperature": 2, "cooling": 0.7592546078319506, "distance": 22079, "path": [32, 50, 20, 33, 27, 26, 35, 39, 4, 43, 11, 12, 16, 46, 28, 48, 23, 42, 40, 34, 52, 14, 51, 31, 18, 41, 25, 24, 5, 6, 15, 30, 29, 47, 44, 19, 21, 22, 7, 8, 3, 2, 17, 1, 49, 36, 45, 10, 9, 13, 37, 38]}