{"num_steps": 200, "num_stays": 28, "time": 0.017940136000106577, "iter": 200, "locally": false, "temperature": 2, "cooling": 0.5651561245618274, "distance": 18104, "path": [32, 50, 20, 43, 27, 26, 13, 39, 4, 33, 11, 12, 28, 46, 16, 44, 23, 42, 30, 47, 52, 14, 51, 48, 18, 41, 15, 24, 5, 6, 25, 40, 36, 34, 31, 19, 21, 29, 7, 3, 8, 2, 17, 1, 22, 49, 45, 10, 9, 35, 37, 38]}