{"num_steps": 20, "num_stays": 0, "time": 0.0018631530001584906, "iter": 20, "locally": false, "temperature": 2, "cooling": 0.9705463594460175, "distance": 24066, "path": [32, 3, 43, 33, 27, 46, 34, 39, 45, 20, 11, 12, 16, 26, 25, 48, 23, 42, 40, 35, 52, 14, 51, 31, 18, 41, 28, 24, 5, 36, 15, 30, 29, 47, 44, 19, 21, 49, 7, 8, 50, 2, 17, 1, 22, 6, 4, 10, 9, 13, 37, 38]}