{"num_steps": 2500, "num_stays": 63, "time": 0.16182221100461902, "iter": 2500, "locally": false, "temperature": 2, "cooling": 0.38339414200081295, "distance": 104025, "path": [9, 33, 76, 142, 93, 108, 40, 2, 116, 121, 112, 29, 30, 101, 39, 117, 63, 6, 92, 8, 42, 13, 103, 147, 78, 100, 14, 52, 107, 120, 113, 75, 70, 137, 127, 114, 144, 148, 72, 84, 24, 104, 99, 102, 111, 16, 95, 146, 126, 5, 3, 43, 46, 150, 45, 22, 19, 149, 123, 96, 37, 44, 64, 54, 82, 50, 85, 68, 134, 53, 130, 69, 25, 67, 119, 26, 66, 124, 4, 97, 49, 138, 131, 58, 61, 20, 125, 87, 51, 21, 36, 74, 109, 98, 28, 105, 122, 80, 56, 65, 79, 15, 32, 55, 57, 27, 77, 17, 59, 18, 38, 23, 86, 12, 60, 90, 143, 139, 73, 132, 48, 71, 41, 7, 135, 140, 34, 128, 136, 81, 145, 110, 1, 118, 129, 94, 88, 106, 10, 141, 11, 47, 91, 89, 133, 31, 62, 35, 115, 83]}