{"num_steps": 15000, "num_stays": 17, "time": 0.9580436460018973, "iter": 15000, "locally": false, "temperature": 2, "cooling": 0.311982018706988, "distance": 67204, "path": [107, 33, 76, 13, 69, 81, 73, 44, 116, 101, 112, 29, 3, 46, 132, 83, 49, 6, 92, 64, 82, 126, 95, 96, 78, 52, 48, 14, 30, 50, 138, 122, 16, 70, 22, 53, 19, 106, 79, 18, 24, 104, 111, 102, 99, 131, 68, 146, 103, 37, 5, 136, 115, 47, 1, 63, 28, 25, 121, 39, 147, 85, 40, 54, 2, 114, 144, 108, 58, 133, 8, 42, 89, 31, 118, 124, 26, 129, 4, 65, 66, 90, 130, 93, 61, 125, 51, 87, 11, 21, 74, 59, 141, 127, 10, 75, 56, 80, 143, 119, 113, 109, 23, 60, 20, 150, 45, 17, 15, 32, 91, 98, 110, 77, 62, 35, 27, 9, 7, 34, 100, 71, 41, 55, 12, 149, 123, 43, 128, 120, 117, 57, 139, 97, 137, 94, 88, 134, 84, 38, 36, 72, 148, 105, 142, 67, 86, 145, 140, 135]}