{"num_steps": 1750, "num_stays": 2, "time": 0.11359137500403449, "iter": 1750, "locally": false, "temperature": 2, "cooling": 0.40168637196502455, "distance": 110252, "path": [9, 33, 76, 142, 93, 108, 40, 2, 116, 121, 112, 29, 30, 101, 39, 69, 63, 6, 92, 8, 42, 13, 126, 147, 78, 100, 14, 52, 107, 120, 23, 70, 66, 137, 127, 114, 144, 148, 72, 84, 24, 102, 99, 104, 111, 16, 95, 103, 146, 44, 140, 43, 46, 150, 45, 22, 106, 86, 123, 96, 37, 5, 64, 54, 82, 50, 85, 20, 134, 53, 130, 117, 87, 67, 119, 26, 139, 97, 4, 90, 49, 138, 131, 58, 61, 135, 125, 25, 51, 59, 36, 74, 109, 98, 28, 105, 122, 80, 56, 65, 79, 15, 32, 55, 57, 27, 77, 17, 21, 18, 38, 113, 12, 149, 60, 124, 143, 75, 73, 136, 48, 71, 34, 7, 145, 3, 41, 128, 132, 81, 68, 110, 1, 118, 129, 94, 88, 19, 10, 141, 11, 47, 91, 89, 133, 31, 62, 35, 115, 83]}