{"num_steps": 100, "num_stays": 3, "time": 0.006509685001219623, "iter": 100, "locally": false, "temperature": 2, "cooling": 0.6486524615632605, "distance": 202030, "path": [15, 64, 76, 17, 93, 57, 142, 45, 30, 121, 95, 51, 103, 52, 120, 58, 118, 67, 32, 8, 24, 85, 78, 41, 126, 100, 14, 101, 74, 147, 92, 139, 70, 18, 115, 49, 54, 29, 55, 81, 113, 87, 79, 104, 59, 119, 134, 5, 116, 135, 40, 12, 132, 140, 108, 60, 127, 86, 123, 96, 37, 114, 124, 13, 3, 105, 136, 71, 111, 66, 56, 145, 7, 20, 63, 75, 144, 94, 133, 90, 11, 35, 33, 125, 39, 83, 43, 150, 28, 42, 68, 91, 131, 98, 106, 146, 88, 22, 110, 65, 16, 84, 10, 109, 53, 27, 77, 44, 25, 137, 122, 117, 9, 149, 128, 4, 143, 31, 148, 107, 48, 46, 34, 89, 50, 82, 61, 1, 2, 112, 23, 62, 99, 36, 129, 97, 69, 6, 102, 21, 26, 47, 72, 130, 80, 19, 138, 73, 141, 38]}