{"num_steps": 110, "num_stays": 0, "time": 3.1201682330029143, "iter": 110, "locally": true, "temperature": 2, "cooling": 0.6357954260094133, "distance": 69048, "path": [115, 120, 41, 71, 100, 48, 132, 87, 131, 72, 21, 98, 23, 45, 15, 11, 17, 127, 36, 38, 24, 94, 22, 16, 70, 66, 97, 34, 29, 112, 103, 76, 33, 101, 121, 30, 37, 5, 96, 14, 3, 123, 43, 128, 136, 46, 47, 6, 49, 67, 39, 52, 78, 107, 55, 9, 57, 7, 150, 62, 60, 91, 63, 4, 65, 75, 1, 130, 92, 134, 137, 10, 84, 102, 111, 18, 88, 53, 19, 69, 73, 82, 126, 116, 50, 85, 68, 133, 89, 31, 8, 28, 93, 25, 81, 51, 110, 77, 140, 135, 117, 109, 99, 104, 79, 106, 90, 113, 74, 59, 141, 32, 108, 114, 44, 144, 2, 143, 119, 56, 80, 122, 42, 61, 125, 145, 20, 86, 27, 35, 58, 105, 142, 148, 54, 40, 64, 138, 139, 129, 26, 124, 118, 95, 13, 146, 147, 83, 149, 12]}