{"num_steps": 500, "num_stays": 21, "time": 0.0348664880002616, "iter": 500, "locally": false, "temperature": 0.4824236873665897, "cooling": 1, "distance": 15010, "path": [6, 49, 22, 1, 32, 3, 41, 8, 9, 10, 33, 11, 13, 52, 25, 12, 44, 50, 42, 7, 21, 16, 5, 24, 46, 26, 27, 28, 29, 30, 20, 23, 35, 34, 39, 36, 37, 38, 40, 45, 19, 17, 2, 31, 18, 15, 47, 14, 4, 48, 43, 51]}