{"num_steps": 1250, "num_stays": 31, "time": 0.08377121699959389, "iter": 1250, "locally": false, "temperature": 0.42061002871312153, "cooling": 1, "distance": 13287, "path": [4, 49, 1, 22, 32, 19, 41, 8, 9, 10, 51, 11, 14, 52, 27, 12, 30, 2, 42, 7, 21, 24, 15, 5, 46, 25, 28, 26, 29, 16, 20, 50, 35, 34, 36, 39, 37, 38, 40, 45, 3, 17, 23, 31, 18, 44, 47, 13, 6, 48, 43, 33]}