{"num_steps": 250, "num_stays": 9, "time": 0.01676453799882438, "iter": 250, "locally": false, "temperature": 0.5425514917581086, "cooling": 1, "distance": 15896, "path": [6, 49, 3, 18, 32, 22, 19, 8, 9, 10, 33, 11, 13, 52, 25, 16, 44, 21, 31, 7, 42, 12, 4, 24, 46, 26, 27, 28, 29, 30, 20, 23, 39, 34, 35, 36, 37, 38, 40, 45, 41, 17, 2, 50, 1, 14, 47, 15, 5, 48, 43, 51]}