{"num_steps": 100, "num_stays": 5, "time": 0.006533732001116732, "iter": 100, "locally": false, "temperature": 0.6486524615632605, "cooling": 1, "distance": 19244, "path": [1, 7, 3, 18, 49, 33, 19, 8, 9, 10, 11, 12, 13, 14, 25, 16, 42, 21, 31, 43, 4, 22, 23, 24, 48, 26, 27, 28, 29, 30, 2, 32, 6, 34, 35, 36, 37, 38, 40, 45, 41, 17, 20, 44, 39, 52, 47, 15, 5, 50, 46, 51]}