{"num_steps": 5000, "num_stays": 166, "time": 0.3247195809999539, "iter": 5000, "locally": false, "temperature": 0.3522121755231006, "cooling": 1, "distance": 10479, "path": [4, 6, 44, 49, 45, 19, 41, 8, 9, 10, 51, 11, 52, 14, 13, 27, 30, 2, 7, 42, 21, 23, 16, 46, 25, 12, 28, 26, 47, 29, 50, 20, 34, 35, 36, 37, 48, 24, 40, 32, 3, 17, 18, 31, 22, 1, 39, 38, 5, 15, 43, 33]}