{"num_steps": 750, "num_stays": 9, "time": 0.05110294200130738, "iter": 750, "locally": false, "temperature": 0.45298496773170366, "cooling": 1, "distance": 14114, "path": [4, 49, 1, 22, 32, 19, 41, 8, 9, 10, 51, 11, 14, 52, 25, 12, 44, 2, 42, 7, 21, 24, 5, 15, 46, 28, 27, 26, 29, 30, 20, 23, 35, 34, 39, 36, 37, 38, 40, 45, 3, 17, 50, 31, 18, 16, 47, 13, 6, 48, 43, 33]}