{"num_steps": 1500, "num_stays": 14, "time": 0.10001191400078824, "iter": 1500, "locally": false, "temperature": 0.4101412716225879, "cooling": 1, "distance": 12807, "path": [4, 24, 1, 22, 32, 19, 41, 8, 9, 10, 51, 11, 14, 52, 27, 26, 30, 42, 2, 7, 21, 49, 15, 5, 46, 25, 28, 12, 29, 16, 20, 50, 35, 34, 36, 39, 37, 38, 40, 45, 3, 17, 18, 31, 23, 44, 47, 13, 48, 6, 43, 33]}