{"num_steps": 2000, "num_stays": 58, "time": 0.13542168099957053, "iter": 2000, "locally": false, "temperature": 0.3946380808164572, "cooling": 1, "distance": 12507, "path": [4, 46, 1, 22, 32, 19, 41, 8, 9, 10, 51, 11, 14, 52, 27, 13, 30, 42, 2, 7, 21, 49, 15, 5, 24, 48, 12, 28, 29, 16, 20, 50, 35, 34, 36, 39, 37, 38, 40, 45, 3, 17, 18, 31, 23, 44, 47, 26, 25, 6, 43, 33]}