{"num_steps": 110, "num_stays": 1, "time": 0.008586345000367146, "iter": 110, "locally": false, "temperature": 0.6357954260094133, "cooling": 1, "distance": 17874, "path": [50, 20, 3, 4, 5, 6, 19, 8, 9, 52, 27, 26, 13, 14, 15, 16, 41, 18, 7, 2, 21, 22, 1, 24, 25, 12, 47, 28, 29, 30, 31, 32, 40, 43, 35, 36, 37, 38, 39, 49, 17, 42, 23, 44, 46, 45, 34, 48, 33, 10, 51, 11]}