{"num_steps": 100, "num_stays": 3, "time": 0.007609006999700796, "iter": 100, "locally": false, "temperature": 0.6486524615632605, "cooling": 1, "distance": 17973, "path": [50, 20, 3, 4, 5, 6, 19, 8, 9, 52, 27, 26, 13, 14, 15, 16, 41, 18, 7, 2, 21, 22, 34, 24, 25, 12, 47, 28, 29, 30, 31, 32, 40, 43, 35, 36, 37, 38, 39, 49, 17, 42, 23, 44, 46, 45, 1, 48, 33, 10, 51, 11]}