{"num_steps": 5000, "num_stays": 5, "time": 0.39631832799932454, "iter": 5000, "locally": false, "temperature": 2, "cooling": 0.3522121755231006, "distance": 292263401, "path": [606, 65, 453, 818, 121, 530, 263, 602, 401, 159, 926, 907, 178, 623, 824, 378, 827, 220, 473, 437, 132, 383, 599, 936, 156, 288, 482, 928, 590, 123, 363, 719, 745, 499, 268, 131, 352, 765, 34, 680, 226, 496, 168, 778, 95, 771, 538, 42, 96, 996, 714, 107, 867, 106, 973, 822, 878, 245, 854, 686, 931, 682, 458, 271, 966, 658, 360, 567, 600, 18, 176, 880, 242, 55, 193, 66, 449, 695, 678, 811, 556, 743, 120, 696, 920, 497, 464, 315, 574, 200, 655, 633, 844, 477, 723, 956, 953, 255, 259, 155, 51, 579, 99, 10, 231, 494, 885, 542, 284, 381, 480, 184, 461, 100, 782, 91, 712, 853, 48, 157, 406, 952, 397, 531, 24, 122, 800, 747, 626, 693, 870, 490, 194, 568, 998, 974, 544, 179, 405, 283, 264, 957, 454, 536, 964, 337, 965, 917, 256, 182, 524, 971, 213, 209, 327, 577, 187, 371, 185, 586, 160, 802, 26, 130, 888, 328, 890, 701, 550, 921, 656, 269, 244, 444, 969, 359, 993, 357, 289, 489, 445, 645, 784, 673, 975, 25, 815, 803, 731, 429, 848, 843, 742, 105, 276, 753, 432, 699, 241, 195, 958, 995, 474, 11, 559, 637, 239, 367, 282, 560, 786, 948, 553, 148, 740, 305, 356, 944, 563, 672, 310, 817, 829, 532, 902, 186, 668, 103, 113, 808, 233, 116, 919, 565, 366, 942, 174, 892, 679, 882, 329, 331, 321, 650, 172, 279, 235, 146, 949, 479, 959, 76, 728, 659, 997, 727, 236, 300, 299, 688, 624, 573, 278, 17, 393, 98, 629, 372, 493, 533, 409, 591, 40, 505, 32, 711, 138, 376, 472, 85, 702, 757, 585, 392, 819, 280, 513, 470, 717, 485, 660, 281, 82, 583, 322, 460, 86, 613, 575, 350, 549, 247, 610, 421, 661, 69, 175, 135, 483, 297, 5, 364, 411, 642, 527, 847, 110, 950, 50, 519, 354, 75, 181, 234, 724, 522, 232, 319, 685, 149, 617, 572, 516, 962, 654, 677, 419, 715, 92, 330, 463, 954, 295, 639, 81, 776, 104, 240, 340, 684, 171, 118, 899, 503, 592, 646, 908, 443, 202, 991, 59, 897, 351, 365, 517, 41, 251, 904, 304, 63, 662, 373, 539, 389, 938, 90, 457, 805, 611, 681, 663, 8, 801, 277, 382, 265, 597, 455, 492, 698, 488, 864, 400, 979, 210, 836, 555, 140, 621, 937, 342, 512, 561, 287, 420, 605, 923, 198, 225, 212, 554, 721, 430, 739, 820, 946, 413, 630, 167, 947, 887, 9, 770, 433, 986, 387, 447, 164, 145, 484, 767, 262, 285, 219, 988, 143, 548, 873, 23, 38, 939, 355, 644, 796, 612, 87, 933, 729, 205, 601, 441, 422, 930, 632, 152, 943, 941, 785, 837, 404, 215, 706, 984, 410, 30, 738, 657, 74, 670, 895, 147, 891, 398, 136, 293, 221, 813, 53, 93, 675, 812, 963, 403, 12, 751, 498, 166, 736, 427, 989, 448, 961, 311, 243, 604, 214, 222, 792, 967, 31, 188, 872, 28, 990, 588, 254, 294, 35, 925, 841, 716, 791, 529, 687, 789, 918, 607, 72, 783, 593, 158, 204, 416, 290, 547, 125, 781, 438, 760, 428, 543, 552, 507, 7, 985, 408, 306, 840, 927, 823, 334, 20, 370, 620, 64, 798, 43, 759, 916, 518, 598, 834, 230, 415, 486, 756, 708, 446, 501, 217, 391, 520, 436, 713, 348, 248, 651, 386, 129, 733, 380, 475, 344, 889, 772, 735, 114, 257, 238, 874, 249, 571, 910, 133, 270, 876, 994, 734, 298, 218, 361, 101, 199, 970, 379, 581, 169, 384, 608, 703, 541, 396, 863, 309, 37, 346, 981, 426, 804, 705, 909, 13, 537, 191, 108, 578, 732, 292, 858, 467, 296, 250, 27, 60, 407, 332, 741, 62, 787, 582, 84, 273, 94, 671, 207, 338, 999, 261, 88, 725, 128, 795, 871, 615, 540, 336, 465, 861, 640, 594, 903, 402, 162, 850, 951, 302, 638, 424, 810, 377, 709, 636, 744, 762, 61, 983, 893, 849, 353, 450, 635, 431, 825, 987, 828, 879, 117, 112, 773, 898, 534, 842, 566, 349, 839, 978, 111, 481, 722, 1000, 343, 754, 189, 525, 323, 929, 665, 126, 137, 456, 102, 16, 1, 664, 763, 466, 312, 275, 514, 992, 368, 865, 325, 395, 955, 163, 119, 21, 896, 576, 190, 648, 52, 19, 845, 683, 70, 860, 227, 968, 46, 894, 777, 982, 960, 206, 667, 161, 500, 476, 4, 272, 45, 551, 980, 619, 641, 170, 478, 935, 196, 521, 307, 258, 653, 434, 291, 439, 29, 737, 362, 197, 914, 266, 511, 49, 859, 977, 237, 180, 77, 704, 838, 414, 208, 487, 509, 856, 869, 308, 375, 6, 508, 425, 68, 56, 564, 183, 976, 252, 418, 22, 224, 788, 326, 79, 451, 223, 647, 697, 718, 755, 886, 780, 345, 440, 922, 506, 471, 793, 618, 730, 569, 318, 676, 857, 855, 694, 452, 627, 201, 39, 631, 173, 628, 764, 807, 580, 596, 616, 707, 901, 816, 412, 911, 267, 833, 545, 468, 341, 749, 852, 779, 246, 866, 335, 141, 423, 906, 3, 934, 286, 333, 799, 274, 700, 710, 211, 557, 44, 748, 814, 691, 758, 851, 881, 826, 562, 153, 228, 603, 253, 97, 150, 459, 515, 945, 768, 313, 109, 462, 67, 809, 846, 692, 831, 73, 78, 790, 303, 124, 587, 595, 913, 794, 546, 752, 203, 570, 2, 151, 862, 649, 495, 766, 47, 192, 690, 652, 316, 127, 912, 388, 905, 57, 666, 324, 797, 260, 806, 614, 832, 634, 139, 835, 900, 154, 884, 229, 510, 385, 301, 589, 33, 775, 165, 883, 58, 643, 609, 347, 746, 726, 369, 761, 36, 875, 924, 523, 972, 15, 774, 317, 625, 80, 314, 535, 830, 320, 435, 394, 142, 390, 177, 442, 504, 14, 674, 940, 134, 399, 622, 669, 491, 877, 89, 469, 915, 374, 144, 932, 216, 821, 83, 528, 750, 71, 502, 584, 720, 339, 417, 769, 868, 558, 689, 526, 54, 115, 358]}