{"num_steps": 100000, "num_stays": 131, "time": 7.676372963000176, "iter": 100000, "locally": false, "temperature": 2, "cooling": 0.2605762364791912, "distance": 141407804, "path": [716, 724, 334, 316, 691, 476, 808, 881, 837, 410, 589, 573, 268, 262, 409, 882, 788, 261, 412, 867, 437, 39, 303, 626, 419, 692, 267, 975, 719, 737, 984, 764, 776, 822, 707, 457, 675, 363, 436, 957, 214, 783, 638, 38, 161, 713, 621, 208, 96, 970, 120, 965, 111, 885, 486, 228, 125, 260, 466, 49, 748, 859, 159, 617, 758, 174, 163, 917, 164, 200, 64, 43, 930, 249, 331, 980, 210, 16, 575, 199, 636, 31, 977, 181, 53, 483, 36, 831, 282, 582, 527, 302, 209, 723, 470, 818, 360, 255, 196, 858, 494, 974, 855, 840, 720, 592, 518, 779, 639, 611, 998, 775, 461, 933, 901, 383, 100, 485, 949, 157, 407, 711, 796, 821, 149, 687, 138, 904, 756, 158, 849, 308, 733, 504, 726, 286, 309, 307, 107, 597, 146, 565, 533, 544, 727, 150, 202, 441, 240, 207, 817, 829, 763, 992, 142, 689, 377, 318, 365, 451, 113, 802, 983, 2, 631, 328, 890, 291, 892, 825, 364, 18, 312, 690, 251, 751, 888, 947, 167, 950, 475, 768, 342, 549, 814, 731, 877, 910, 746, 95, 580, 430, 586, 596, 215, 93, 298, 670, 456, 553, 1000, 816, 851, 171, 469, 628, 618, 99, 994, 66, 786, 140, 183, 197, 513, 931, 865, 734, 345, 94, 452, 832, 811, 162, 124, 584, 911, 13, 873, 927, 805, 735, 11, 955, 213, 747, 122, 642, 71, 996, 368, 193, 806, 777, 532, 145, 72, 982, 906, 349, 406, 871, 422, 659, 797, 952, 610, 292, 248, 10, 616, 932, 630, 17, 245, 433, 448, 603, 493, 535, 585, 495, 629, 514, 259, 857, 269, 566, 579, 226, 538, 385, 767, 154, 396, 541, 30, 555, 680, 63, 361, 872, 90, 526, 271, 999, 19, 247, 24, 743, 695, 114, 868, 819, 935, 367, 6, 444, 993, 4, 903, 86, 760, 557, 325, 991, 678, 577, 401, 458, 242, 791, 875, 234, 358, 712, 264, 454, 91, 283, 838, 388, 693, 92, 665, 683, 344, 606, 46, 330, 463, 5, 667, 673, 393, 98, 824, 612, 677, 270, 985, 669, 920, 148, 51, 155, 320, 178, 604, 386, 879, 793, 244, 221, 637, 151, 717, 823, 699, 770, 389, 894, 184, 118, 415, 50, 923, 359, 752, 490, 853, 381, 382, 27, 8, 81, 548, 810, 697, 698, 26, 515, 800, 45, 42, 528, 511, 76, 280, 141, 190, 372, 967, 633, 420, 874, 7, 554, 189, 212, 790, 537, 961, 895, 820, 843, 313, 909, 58, 912, 61, 958, 257, 908, 942, 755, 679, 561, 521, 136, 85, 964, 339, 644, 916, 143, 542, 48, 520, 222, 332, 355, 205, 862, 238, 104, 738, 253, 988, 780, 937, 387, 666, 397, 28, 622, 525, 928, 278, 795, 450, 706, 861, 564, 277, 455, 781, 898, 552, 276, 742, 147, 246, 674, 976, 517, 227, 89, 721, 218, 941, 135, 272, 35, 54, 127, 102, 581, 404, 766, 784, 981, 206, 973, 546, 960, 807, 319, 543, 765, 128, 489, 722, 654, 67, 936, 176, 468, 522, 371, 73, 252, 405, 241, 69, 833, 201, 590, 939, 160, 194, 290, 417, 550, 648, 398, 547, 623, 703, 153, 123, 918, 352, 812, 583, 75, 963, 265, 794, 168, 732, 418, 789, 186, 757, 534, 467, 774, 219, 435, 416, 745, 112, 23, 204, 217, 446, 284, 501, 834, 108, 627, 536, 959, 852, 488, 571, 169, 187, 804, 574, 572, 78, 68, 370, 845, 601, 655, 591, 576, 117, 826, 741, 919, 684, 860, 231, 354, 429, 14, 646, 391, 953, 321, 632, 718, 708, 317, 97, 459, 392, 296, 696, 503, 362, 232, 578, 426, 216, 700, 761, 473, 22, 607, 60, 131, 295, 856, 256, 842, 688, 400, 844, 905, 925, 759, 366, 787, 443, 740, 995, 350, 744, 305, 828, 130, 414, 529, 311, 230, 913, 972, 662, 997, 180, 619, 198, 785, 413, 710, 569, 402, 883, 924, 273, 82, 304, 771, 335, 235, 327, 480, 462, 938, 951, 948, 568, 945, 353, 432, 223, 373, 285, 505, 250, 275, 878, 314, 52, 182, 348, 524, 32, 944, 570, 59, 379, 519, 254, 126, 156, 545, 497, 106, 347, 374, 929, 880, 588, 841, 830, 728, 324, 77, 914, 769, 893, 634, 614, 884, 620, 641, 115, 989, 376, 798, 152, 562, 266, 615, 512, 438, 556, 540, 421, 850, 165, 341, 962, 772, 516, 558, 351, 62, 427, 177, 37, 424, 20, 55, 440, 836, 704, 567, 510, 539, 478, 605, 656, 21, 624, 608, 896, 499, 736, 110, 835, 551, 714, 237, 594, 987, 600, 635, 44, 340, 329, 449, 560, 979, 83, 336, 990, 725, 322, 471, 442, 899, 839, 445, 166, 863, 613, 425, 133, 116, 685, 523, 101, 15, 477, 423, 41, 897, 375, 502, 274, 801, 866, 105, 647, 188, 886, 971, 664, 29, 65, 239, 506, 915, 453, 730, 653, 809, 676, 709, 70, 464, 203, 969, 753, 369, 195, 84, 978, 465, 56, 191, 739, 132, 507, 668, 848, 103, 481, 870, 782, 323, 705, 663, 306, 645, 598, 946, 891, 778, 263, 602, 509, 889, 333, 815, 813, 887, 968, 803, 12, 966, 439, 694, 25, 487, 289, 3, 491, 411, 170, 47, 649, 749, 484, 729, 384, 74, 773, 224, 346, 492, 129, 869, 343, 827, 609, 500, 211, 846, 643, 144, 288, 847, 661, 79, 337, 593, 428, 792, 301, 119, 956, 934, 173, 394, 1, 300, 57, 864, 192, 229, 652, 121, 357, 326, 338, 431, 279, 876, 900, 310, 172, 671, 686, 682, 356, 139, 658, 479, 854, 447, 40, 299, 651, 281, 496, 33, 175, 474, 954, 559, 715, 9, 922, 233, 315, 88, 482, 754, 185, 403, 434, 531, 390, 940, 640, 625, 80, 657, 243, 378, 907, 986, 702, 595, 87, 34, 762, 660, 293, 137, 587, 134, 530, 926, 399, 225, 408, 460, 220, 508, 258, 294, 109, 179, 395, 650, 672, 750, 902, 563, 921, 472, 287, 236, 681, 943, 498, 297, 701, 599, 799, 380]}