{"num_steps": 500000, "num_stays": 197, "time": 38.384999815999436, "iter": 500000, "locally": false, "temperature": 2, "cooling": 0.22861728480240465, "distance": 108283682, "path": [676, 889, 618, 637, 956, 371, 941, 881, 278, 928, 39, 359, 158, 925, 204, 593, 844, 869, 525, 975, 837, 437, 482, 341, 67, 126, 502, 225, 160, 939, 833, 451, 776, 585, 216, 128, 93, 564, 918, 607, 131, 963, 779, 518, 424, 908, 992, 208, 96, 714, 528, 138, 656, 741, 591, 409, 640, 182, 321, 200, 31, 519, 252, 119, 880, 793, 621, 682, 658, 452, 122, 690, 854, 249, 331, 980, 439, 66, 479, 832, 806, 557, 689, 816, 483, 53, 211, 517, 938, 186, 582, 79, 184, 421, 650, 987, 642, 608, 196, 141, 400, 819, 982, 906, 217, 283, 113, 792, 802, 732, 195, 322, 461, 273, 497, 383, 735, 88, 62, 72, 885, 855, 149, 226, 579, 269, 821, 427, 493, 595, 168, 308, 733, 530, 660, 162, 309, 263, 597, 82, 146, 346, 986, 30, 296, 842, 255, 279, 340, 360, 505, 285, 763, 859, 54, 701, 693, 92, 526, 221, 617, 121, 691, 2, 569, 328, 818, 209, 406, 145, 364, 18, 636, 305, 877, 326, 888, 929, 920, 405, 923, 945, 712, 998, 814, 239, 491, 910, 440, 465, 891, 861, 596, 311, 430, 866, 801, 413, 456, 35, 156, 403, 181, 846, 813, 947, 487, 316, 672, 42, 917, 836, 513, 389, 678, 991, 865, 16, 94, 345, 686, 575, 760, 563, 503, 674, 911, 927, 790, 13, 705, 323, 293, 137, 529, 532, 64, 76, 312, 49, 140, 356, 199, 777, 539, 944, 680, 566, 840, 940, 825, 624, 21, 292, 952, 620, 260, 601, 592, 17, 103, 721, 670, 423, 455, 448, 433, 245, 907, 787, 738, 320, 266, 651, 857, 687, 695, 114, 213, 561, 150, 190, 767, 154, 339, 878, 826, 657, 533, 14, 870, 573, 410, 751, 61, 999, 19, 758, 902, 740, 612, 47, 170, 337, 134, 722, 845, 444, 272, 4, 903, 86, 731, 470, 723, 379, 59, 197, 588, 254, 351, 318, 827, 460, 5, 63, 129, 354, 778, 504, 839, 933, 665, 599, 653, 234, 185, 220, 46, 330, 463, 6, 638, 38, 214, 304, 568, 244, 271, 419, 985, 710, 966, 661, 570, 868, 702, 268, 104, 942, 688, 531, 958, 151, 173, 357, 717, 394, 699, 395, 828, 951, 894, 118, 948, 286, 485, 639, 10, 265, 981, 382, 206, 27, 8, 319, 81, 520, 698, 697, 26, 438, 499, 466, 635, 447, 900, 757, 534, 633, 858, 521, 348, 967, 797, 115, 7, 761, 212, 873, 189, 473, 961, 895, 820, 843, 554, 242, 58, 110, 55, 879, 130, 677, 555, 248, 727, 372, 387, 136, 85, 625, 718, 644, 392, 253, 898, 48, 335, 536, 407, 542, 773, 862, 238, 541, 495, 916, 417, 550, 512, 610, 152, 681, 399, 867, 752, 630, 537, 223, 507, 706, 276, 363, 15, 810, 784, 381, 627, 765, 552, 95, 56, 246, 124, 897, 955, 307, 474, 754, 782, 187, 901, 831, 863, 84, 860, 909, 949, 235, 393, 957, 546, 973, 222, 123, 960, 543, 742, 946, 361, 464, 365, 654, 950, 791, 176, 468, 522, 993, 516, 808, 805, 589, 719, 984, 429, 872, 490, 188, 228, 125, 290, 112, 396, 547, 243, 153, 824, 98, 781, 771, 191, 352, 353, 913, 101, 578, 685, 194, 768, 34, 789, 397, 385, 524, 219, 459, 143, 317, 97, 745, 355, 759, 366, 443, 446, 284, 501, 834, 277, 108, 988, 332, 416, 488, 571, 375, 135, 370, 574, 508, 78, 68, 358, 489, 919, 720, 937, 275, 80, 52, 679, 391, 527, 50, 978, 726, 203, 231, 404, 494, 953, 299, 386, 755, 384, 435, 708, 780, 467, 874, 515, 673, 853, 707, 807, 426, 700, 785, 313, 298, 22, 201, 60, 436, 477, 306, 766, 535, 486, 989, 472, 641, 262, 205, 959, 629, 703, 822, 544, 747, 965, 99, 577, 183, 414, 622, 432, 450, 215, 663, 905, 756, 28, 349, 457, 590, 616, 912, 631, 402, 730, 887, 133, 342, 177, 224, 492, 157, 684, 581, 102, 462, 480, 415, 274, 218, 105, 586, 795, 155, 259, 914, 324, 964, 287, 117, 576, 886, 615, 250, 896, 43, 892, 24, 142, 270, 847, 458, 11, 545, 476, 106, 347, 709, 628, 509, 247, 411, 930, 659, 728, 77, 971, 202, 57, 634, 300, 884, 32, 798, 711, 796, 428, 280, 655, 256, 562, 51, 376, 111, 605, 602, 159, 850, 165, 70, 962, 73, 367, 343, 856, 764, 713, 645, 598, 565, 935, 83, 291, 120, 567, 704, 510, 666, 829, 830, 422, 871, 817, 1, 207, 373, 997, 800, 811, 325, 744, 237, 594, 748, 511, 600, 431, 671, 329, 449, 172, 979, 931, 302, 327, 549, 179, 241, 442, 471, 90, 775, 401, 553, 167, 425, 936, 294, 41, 523, 91, 454, 972, 232, 295, 976, 584, 20, 267, 932, 668, 675, 583, 301, 538, 40, 192, 29, 65, 890, 506, 453, 915, 809, 559, 344, 683, 883, 166, 227, 369, 969, 848, 496, 107, 418, 116, 753, 739, 132, 147, 812, 230, 647, 580, 198, 175, 33, 315, 303, 737, 75, 161, 667, 783, 794, 264, 109, 899, 838, 736, 374, 380, 799, 815, 12, 803, 968, 469, 669, 551, 835, 25, 3, 289, 334, 823, 995, 743, 882, 398, 729, 484, 749, 774, 74, 852, 169, 603, 37, 548, 69, 412, 851, 500, 609, 875, 716, 643, 924, 1000, 692, 174, 725, 478, 921, 281, 762, 288, 251, 983, 934, 144, 45, 632, 893, 614, 864, 769, 229, 996, 148, 746, 338, 694, 210, 240, 44, 876, 441, 193, 368, 560, 786, 970, 139, 164, 664, 734, 310, 994, 662, 180, 788, 23, 89, 261, 558, 954, 36, 724, 9, 715, 922, 804, 100, 772, 171, 475, 377, 841, 696, 904, 514, 236, 604, 314, 648, 649, 378, 623, 420, 178, 646, 619, 587, 282, 498, 163, 362, 87, 943, 611, 849, 481, 408, 926, 233, 258, 572, 606, 445, 297, 434, 770, 71, 750, 652, 977, 350, 257, 974, 556, 336, 540, 390, 990, 127, 388, 626, 613, 333]}