{"num_steps": 20000, "num_stays": 32, "time": 1.5763189449999118, "iter": 20000, "locally": false, "temperature": 2, "cooling": 0.3029205311307877, "distance": 199343433, "path": [606, 922, 334, 818, 316, 508, 106, 359, 927, 175, 926, 153, 178, 822, 824, 755, 821, 343, 88, 437, 313, 413, 683, 924, 156, 936, 482, 785, 590, 737, 546, 27, 776, 112, 52, 22, 801, 765, 177, 423, 214, 783, 768, 667, 607, 673, 949, 208, 96, 652, 714, 149, 867, 101, 973, 745, 878, 620, 854, 49, 539, 958, 221, 271, 966, 836, 360, 567, 600, 18, 994, 115, 741, 285, 193, 980, 977, 695, 687, 199, 575, 743, 186, 827, 53, 516, 754, 726, 127, 337, 885, 796, 480, 491, 723, 956, 279, 255, 259, 155, 51, 579, 99, 270, 860, 725, 844, 834, 284, 848, 195, 273, 461, 933, 307, 91, 939, 712, 48, 157, 868, 711, 111, 531, 24, 987, 406, 555, 940, 124, 849, 168, 778, 568, 850, 503, 20, 73, 705, 308, 161, 957, 645, 648, 964, 299, 896, 441, 249, 266, 524, 971, 636, 226, 995, 471, 341, 67, 464, 451, 113, 802, 5, 813, 888, 328, 890, 777, 601, 280, 180, 865, 164, 429, 969, 736, 35, 628, 289, 791, 445, 779, 784, 283, 130, 379, 173, 470, 731, 668, 191, 430, 891, 105, 276, 753, 198, 962, 241, 701, 693, 261, 474, 11, 559, 637, 618, 990, 904, 560, 786, 140, 498, 179, 142, 305, 356, 734, 45, 94, 310, 340, 505, 955, 462, 998, 39, 881, 873, 808, 383, 100, 137, 256, 562, 633, 532, 642, 894, 828, 329, 331, 321, 76, 373, 740, 391, 72, 269, 677, 581, 83, 728, 659, 614, 679, 378, 290, 248, 688, 965, 976, 410, 17, 342, 433, 629, 535, 493, 533, 409, 832, 452, 364, 32, 718, 556, 376, 472, 570, 521, 21, 757, 774, 749, 392, 260, 699, 419, 456, 700, 454, 839, 126, 58, 947, 86, 247, 138, 350, 612, 114, 510, 145, 935, 855, 497, 135, 483, 258, 440, 291, 120, 621, 953, 991, 133, 401, 90, 519, 923, 989, 181, 234, 724, 371, 108, 319, 685, 833, 847, 388, 92, 110, 654, 70, 167, 715, 816, 330, 463, 954, 984, 69, 381, 98, 104, 324, 300, 87, 815, 669, 453, 974, 646, 905, 908, 268, 547, 948, 59, 899, 351, 174, 251, 929, 983, 999, 209, 183, 527, 917, 931, 389, 184, 50, 790, 911, 589, 37, 346, 60, 352, 277, 382, 15, 542, 455, 697, 698, 972, 771, 428, 979, 210, 25, 747, 544, 386, 937, 339, 348, 561, 842, 420, 170, 856, 554, 189, 212, 473, 721, 946, 739, 820, 843, 457, 630, 660, 950, 730, 569, 617, 486, 986, 398, 615, 511, 207, 136, 640, 534, 57, 228, 988, 143, 548, 578, 810, 38, 417, 355, 205, 495, 952, 397, 680, 780, 759, 959, 830, 499, 930, 884, 47, 592, 525, 928, 837, 7, 215, 706, 246, 518, 30, 738, 117, 571, 670, 616, 147, 742, 245, 484, 610, 458, 176, 171, 93, 675, 647, 220, 185, 12, 118, 442, 297, 421, 427, 235, 713, 436, 224, 443, 253, 960, 222, 295, 932, 586, 543, 477, 28, 840, 244, 553, 294, 489, 367, 574, 805, 322, 978, 549, 919, 918, 95, 869, 733, 611, 158, 204, 416, 550, 787, 781, 604, 438, 760, 656, 627, 552, 961, 363, 583, 301, 523, 853, 807, 365, 897, 293, 197, 744, 64, 967, 435, 644, 916, 467, 598, 597, 264, 638, 217, 756, 320, 446, 501, 565, 75, 764, 963, 536, 603, 488, 651, 798, 129, 63, 370, 599, 68, 78, 772, 735, 655, 727, 576, 296, 512, 275, 880, 517, 770, 395, 481, 354, 408, 218, 361, 23, 811, 31, 594, 238, 169, 74, 97, 459, 541, 862, 588, 938, 102, 663, 707, 426, 216, 323, 804, 13, 537, 311, 232, 265, 89, 529, 396, 767, 729, 400, 404, 492, 407, 332, 366, 317, 681, 892, 116, 162, 513, 671, 690, 577, 841, 879, 812, 230, 160, 336, 871, 997, 540, 123, 465, 861, 766, 889, 903, 402, 883, 36, 951, 302, 82, 515, 335, 898, 838, 357, 282, 678, 61, 877, 225, 564, 353, 450, 43, 431, 806, 122, 632, 657, 219, 243, 826, 182, 202, 387, 566, 349, 415, 582, 286, 84, 722, 475, 318, 851, 187, 444, 211, 920, 665, 692, 696, 921, 62, 825, 1, 664, 763, 312, 666, 858, 514, 85, 800, 494, 325, 411, 992, 281, 925, 882, 141, 40, 190, 422, 538, 213, 107, 1000, 55, 626, 272, 476, 46, 558, 684, 982, 393, 206, 26, 263, 500, 631, 4, 119, 563, 172, 682, 662, 641, 605, 478, 829, 196, 608, 152, 906, 653, 358, 835, 439, 29, 237, 362, 661, 914, 635, 44, 704, 16, 449, 368, 479, 77, 857, 902, 414, 254, 814, 793, 109, 166, 674, 375, 863, 377, 425, 845, 485, 794, 490, 573, 231, 792, 304, 81, 732, 418, 369, 639, 223, 432, 507, 306, 236, 886, 154, 345, 551, 65, 506, 338, 121, 239, 887, 643, 809, 676, 709, 327, 257, 194, 719, 201, 941, 344, 19, 746, 128, 795, 580, 596, 132, 895, 274, 10, 412, 103, 870, 909, 545, 468, 309, 150, 852, 945, 56, 866, 913, 163, 602, 859, 751, 934, 968, 333, 613, 901, 993, 347, 288, 557, 240, 447, 487, 691, 910, 717, 42, 703, 623, 907, 874, 448, 125, 591, 262, 773, 520, 981, 131, 298, 41, 227, 522, 716, 846, 985, 831, 710, 758, 159, 148, 434, 944, 720, 593, 424, 8, 752, 278, 374, 2, 151, 394, 649, 708, 769, 797, 192, 229, 996, 509, 823, 326, 3, 748, 634, 876, 864, 893, 658, 66, 686, 970, 672, 139, 694, 900, 466, 200, 250, 817, 385, 146, 872, 33, 775, 165, 803, 469, 9, 609, 460, 6, 315, 267, 761, 303, 875, 403, 252, 789, 788, 819, 624, 625, 80, 314, 372, 292, 942, 585, 702, 619, 390, 34, 762, 504, 14, 203, 587, 134, 399, 622, 530, 242, 782, 233, 572, 912, 915, 144, 975, 496, 79, 650, 528, 750, 71, 502, 584, 595, 188, 384, 287, 943, 405, 689, 526, 54, 799, 380]}