{"num_steps": 1000000, "num_stays": 95, "time": 77.09582833799959, "iter": 1000000, "locally": false, "temperature": 2, "cooling": 0.21714720951637906, "distance": 97983222, "path": [676, 730, 631, 956, 912, 782, 315, 13, 212, 267, 456, 404, 595, 72, 925, 593, 530, 752, 274, 525, 837, 175, 359, 341, 67, 126, 418, 225, 10, 939, 833, 451, 776, 533, 216, 128, 246, 946, 918, 607, 131, 454, 794, 518, 424, 811, 356, 786, 208, 96, 632, 40, 250, 727, 387, 182, 964, 190, 324, 854, 120, 859, 838, 793, 880, 388, 991, 917, 682, 49, 704, 994, 567, 249, 331, 980, 439, 694, 164, 140, 511, 636, 171, 827, 875, 500, 211, 358, 282, 480, 79, 577, 184, 99, 411, 43, 930, 624, 620, 884, 819, 592, 885, 989, 856, 283, 113, 792, 802, 732, 775, 322, 461, 273, 497, 383, 735, 323, 982, 23, 720, 756, 935, 226, 680, 855, 391, 427, 204, 158, 14, 481, 408, 369, 293, 309, 162, 660, 342, 146, 764, 949, 986, 824, 409, 842, 202, 279, 876, 44, 505, 285, 557, 270, 701, 159, 221, 58, 626, 693, 920, 947, 691, 2, 569, 3, 818, 513, 747, 145, 364, 18, 977, 931, 394, 326, 888, 929, 966, 617, 401, 116, 839, 471, 692, 239, 491, 910, 823, 93, 353, 739, 352, 596, 866, 580, 22, 189, 873, 901, 156, 924, 133, 813, 374, 618, 334, 316, 672, 836, 528, 45, 305, 902, 24, 650, 621, 16, 94, 345, 832, 575, 325, 841, 725, 589, 790, 927, 911, 881, 897, 998, 137, 50, 529, 397, 499, 122, 510, 200, 31, 237, 806, 777, 940, 269, 579, 619, 556, 257, 422, 659, 21, 797, 952, 292, 601, 260, 641, 611, 849, 639, 663, 423, 455, 433, 852, 467, 907, 378, 268, 702, 280, 651, 494, 687, 695, 711, 974, 152, 512, 640, 718, 767, 154, 238, 236, 657, 585, 733, 573, 410, 498, 271, 61, 999, 19, 251, 209, 142, 582, 527, 170, 337, 549, 722, 489, 318, 887, 4, 903, 86, 731, 470, 877, 509, 241, 879, 174, 297, 166, 845, 816, 476, 370, 808, 622, 926, 412, 41, 307, 445, 791, 176, 716, 234, 185, 220, 46, 330, 463, 705, 160, 945, 301, 712, 84, 517, 55, 751, 985, 710, 419, 288, 186, 47, 296, 942, 755, 320, 141, 965, 389, 814, 173, 357, 717, 723, 699, 395, 828, 951, 286, 938, 948, 362, 231, 583, 638, 381, 981, 382, 206, 27, 8, 834, 319, 520, 698, 697, 784, 681, 532, 690, 635, 447, 900, 757, 385, 633, 196, 521, 348, 858, 561, 844, 928, 7, 761, 537, 554, 473, 223, 507, 895, 843, 630, 242, 526, 110, 244, 118, 327, 570, 821, 868, 967, 372, 615, 136, 85, 625, 339, 644, 708, 74, 448, 988, 898, 536, 407, 542, 443, 219, 649, 541, 495, 550, 417, 916, 886, 591, 262, 399, 354, 753, 670, 413, 801, 820, 961, 706, 147, 363, 15, 810, 26, 548, 123, 765, 552, 95, 891, 457, 375, 674, 584, 502, 474, 754, 941, 187, 11, 195, 263, 978, 923, 860, 393, 713, 304, 673, 707, 973, 222, 627, 960, 543, 564, 56, 361, 482, 464, 654, 950, 475, 846, 468, 135, 516, 371, 100, 805, 870, 103, 719, 984, 737, 69, 228, 874, 125, 290, 738, 703, 547, 243, 30, 98, 153, 188, 214, 861, 191, 742, 913, 101, 578, 38, 477, 768, 115, 788, 608, 524, 534, 648, 459, 143, 355, 97, 745, 317, 366, 759, 773, 446, 284, 501, 81, 277, 108, 48, 332, 416, 488, 571, 6, 851, 804, 574, 258, 78, 809, 35, 863, 990, 612, 544, 52, 80, 937, 741, 51, 540, 568, 909, 778, 485, 203, 905, 406, 953, 299, 398, 623, 384, 435, 392, 749, 781, 245, 645, 957, 853, 546, 807, 426, 60, 198, 313, 298, 721, 201, 700, 436, 232, 306, 766, 535, 486, 493, 908, 400, 822, 205, 959, 629, 787, 178, 266, 213, 995, 677, 740, 563, 87, 872, 105, 311, 230, 465, 217, 906, 646, 349, 921, 415, 758, 983, 934, 402, 709, 628, 815, 177, 224, 771, 335, 565, 503, 581, 102, 684, 919, 504, 976, 668, 795, 586, 647, 155, 248, 1, 728, 882, 826, 117, 287, 576, 275, 610, 896, 997, 138, 421, 661, 59, 379, 831, 365, 272, 106, 508, 347, 68, 522, 958, 247, 678, 744, 662, 829, 77, 971, 255, 864, 634, 300, 825, 555, 32, 259, 798, 428, 386, 562, 655, 514, 796, 840, 111, 605, 119, 54, 850, 553, 70, 962, 367, 558, 261, 303, 235, 346, 598, 515, 157, 857, 438, 800, 600, 466, 312, 76, 64, 180, 830, 538, 871, 817, 914, 207, 373, 666, 992, 539, 763, 987, 760, 594, 748, 199, 686, 310, 368, 329, 449, 172, 560, 42, 130, 183, 894, 179, 127, 405, 442, 227, 90, 933, 599, 167, 92, 1000, 936, 75, 523, 91, 972, 963, 265, 295, 129, 848, 867, 975, 932, 218, 590, 685, 194, 892, 321, 431, 25, 29, 890, 506, 487, 915, 333, 559, 344, 683, 643, 689, 955, 726, 168, 308, 496, 124, 107, 20, 675, 812, 132, 276, 215, 450, 430, 432, 785, 278, 33, 437, 869, 429, 490, 161, 667, 783, 779, 597, 109, 899, 254, 736, 613, 380, 425, 799, 12, 803, 968, 469, 669, 551, 835, 65, 328, 289, 453, 440, 944, 743, 150, 862, 729, 484, 780, 774, 253, 169, 603, 492, 37, 82, 264, 88, 5, 545, 460, 36, 653, 403, 377, 165, 252, 163, 134, 281, 28, 478, 587, 602, 121, 151, 637, 144, 229, 192, 57, 614, 893, 769, 865, 996, 148, 746, 338, 714, 658, 240, 360, 340, 441, 193, 671, 66, 210, 970, 139, 979, 664, 734, 479, 452, 642, 656, 149, 62, 89, 343, 73, 993, 609, 724, 9, 715, 53, 483, 444, 772, 954, 294, 351, 462, 531, 114, 256, 679, 604, 314, 396, 112, 878, 104, 420, 688, 472, 566, 34, 789, 302, 414, 197, 696, 943, 17, 969, 63, 616, 39, 233, 922, 572, 606, 181, 847, 434, 770, 71, 750, 652, 291, 350, 83, 904, 376, 336, 390, 762, 588, 519, 458, 665, 883, 889]}