{"num_steps": 1750, "num_stays": 7, "time": 0.14035288899958687, "iter": 1750, "locally": false, "temperature": 2, "cooling": 0.40168637196502455, "distance": 370301233, "path": [508, 819, 453, 841, 610, 530, 263, 602, 67, 850, 481, 143, 178, 346, 824, 436, 412, 7, 5, 437, 132, 383, 599, 162, 434, 288, 775, 175, 590, 783, 911, 719, 745, 167, 388, 168, 352, 765, 811, 680, 226, 969, 131, 268, 95, 206, 538, 42, 96, 996, 714, 88, 867, 108, 217, 472, 455, 332, 854, 686, 931, 682, 618, 735, 966, 395, 360, 817, 600, 18, 758, 880, 242, 689, 458, 66, 449, 695, 678, 34, 556, 743, 757, 979, 920, 993, 464, 315, 574, 200, 655, 633, 844, 130, 723, 594, 560, 255, 259, 155, 51, 579, 270, 157, 429, 40, 885, 104, 284, 945, 480, 184, 951, 233, 869, 91, 712, 663, 400, 136, 406, 312, 397, 687, 582, 684, 800, 747, 626, 693, 701, 490, 194, 568, 998, 861, 777, 858, 746, 452, 74, 957, 939, 536, 112, 337, 965, 917, 256, 900, 262, 971, 422, 285, 57, 577, 187, 371, 498, 622, 160, 191, 632, 513, 888, 328, 487, 517, 798, 921, 656, 628, 244, 444, 754, 216, 815, 357, 289, 968, 509, 336, 784, 673, 297, 524, 201, 803, 660, 527, 848, 827, 742, 105, 276, 753, 432, 699, 609, 195, 793, 995, 474, 11, 559, 637, 706, 367, 282, 953, 786, 307, 163, 148, 727, 305, 356, 944, 563, 415, 310, 893, 829, 532, 982, 762, 231, 103, 647, 808, 100, 972, 834, 874, 704, 942, 384, 681, 182, 266, 329, 291, 321, 650, 92, 279, 249, 146, 382, 479, 970, 76, 728, 659, 997, 64, 16, 300, 299, 390, 376, 283, 278, 17, 518, 98, 385, 427, 493, 107, 409, 591, 905, 575, 952, 677, 642, 624, 644, 21, 702, 547, 585, 902, 185, 280, 892, 111, 134, 981, 731, 254, 82, 583, 322, 460, 54, 237, 636, 350, 549, 717, 751, 421, 661, 116, 928, 135, 805, 975, 785, 770, 411, 529, 860, 177, 110, 47, 333, 271, 961, 75, 904, 281, 239, 818, 232, 319, 404, 564, 188, 572, 883, 941, 620, 744, 419, 258, 58, 56, 606, 954, 295, 639, 81, 776, 542, 240, 836, 122, 623, 197, 799, 821, 592, 646, 23, 443, 202, 991, 59, 897, 247, 365, 227, 41, 251, 181, 304, 63, 662, 373, 140, 389, 938, 851, 567, 726, 724, 351, 171, 8, 801, 932, 949, 265, 342, 878, 492, 698, 207, 937, 372, 716, 156, 340, 555, 539, 621, 864, 597, 859, 561, 749, 420, 605, 923, 489, 215, 33, 554, 721, 430, 739, 820, 359, 413, 630, 713, 234, 887, 736, 308, 433, 986, 387, 447, 32, 145, 484, 767, 980, 209, 511, 914, 907, 117, 410, 653, 38, 454, 355, 822, 796, 612, 617, 933, 729, 205, 664, 601, 213, 679, 512, 152, 943, 962, 737, 837, 894, 225, 543, 984, 989, 30, 292, 657, 287, 670, 895, 147, 891, 703, 773, 293, 870, 813, 53, 93, 675, 812, 505, 403, 958, 9, 978, 166, 903, 769, 593, 448, 354, 311, 243, 604, 386, 222, 615, 930, 31, 790, 546, 28, 990, 588, 362, 294, 35, 457, 696, 86, 791, 396, 544, 789, 918, 866, 483, 123, 873, 906, 204, 60, 296, 327, 125, 781, 438, 760, 428, 301, 552, 507, 976, 121, 408, 925, 840, 849, 261, 334, 20, 692, 502, 374, 565, 43, 759, 916, 651, 865, 919, 230, 635, 810, 756, 708, 501, 446, 114, 83, 520, 378, 499, 879, 248, 741, 214, 129, 733, 380, 475, 344, 889, 809, 519, 856, 12, 238, 550, 186, 571, 459, 133, 99, 876, 994, 734, 482, 218, 361, 985, 199, 959, 379, 581, 169, 603, 608, 398, 541, 967, 863, 309, 418, 494, 596, 426, 804, 705, 909, 13, 113, 37, 106, 578, 366, 477, 179, 467, 290, 250, 375, 416, 407, 245, 473, 62, 862, 614, 84, 273, 94, 71, 611, 665, 999, 685, 881, 725, 128, 795, 871, 648, 540, 645, 465, 586, 324, 172, 221, 402, 936, 298, 461, 302, 638, 424, 6, 377, 709, 364, 711, 740, 61, 1000, 557, 264, 353, 450, 672, 431, 825, 987, 828, 246, 548, 964, 779, 898, 534, 842, 566, 158, 124, 65, 52, 974, 722, 983, 343, 496, 598, 525, 323, 929, 338, 126, 137, 456, 138, 634, 1, 441, 763, 466, 164, 275, 190, 992, 24, 189, 325, 658, 955, 553, 119, 652, 896, 576, 80, 641, 688, 940, 845, 683, 497, 668, 101, 198, 46, 55, 531, 392, 235, 802, 667, 161, 500, 476, 4, 272, 45, 551, 25, 654, 792, 170, 478, 935, 196, 521, 948, 70, 947, 210, 331, 192, 29, 393, 89, 90, 988, 882, 219, 49, 832, 977, 562, 180, 77, 176, 838, 414, 912, 890, 445, 619, 782, 963, 27, 558, 463, 425, 68, 224, 149, 183, 220, 252, 78, 22, 761, 788, 326, 528, 451, 223, 537, 697, 718, 755, 886, 780, 120, 440, 922, 506, 816, 257, 193, 730, 569, 318, 676, 857, 855, 694, 787, 627, 39, 934, 631, 173, 269, 764, 807, 580, 913, 616, 707, 901, 471, 843, 363, 267, 768, 545, 468, 341, 339, 852, 10, 573, 607, 335, 141, 417, 738, 3, 715, 286, 50, 899, 274, 771, 710, 211, 522, 44, 910, 814, 691, 732, 584, 533, 826, 613, 153, 228, 174, 253, 97, 150, 748, 515, 381, 470, 313, 109, 462, 401, 772, 846, 370, 831, 73, 439, 950, 303, 839, 587, 349, 485, 794, 853, 752, 203, 570, 2, 151, 348, 649, 495, 766, 833, 48, 690, 154, 526, 127, 208, 778, 872, 345, 666, 640, 797, 306, 806, 368, 26, 115, 139, 835, 79, 260, 884, 229, 510, 629, 488, 589, 212, 159, 165, 516, 956, 643, 241, 347, 405, 72, 369, 960, 36, 875, 924, 523, 69, 15, 774, 317, 625, 514, 314, 535, 830, 320, 435, 394, 142, 87, 847, 442, 504, 14, 674, 19, 946, 399, 926, 669, 491, 877, 908, 469, 915, 358, 144, 277, 423, 503, 391, 102, 750, 671, 973, 118, 720, 927, 700, 595, 868, 486, 823, 316, 85, 236, 330]}