{"num_steps": 17500, "num_stays": 36, "time": 1.385257466999974, "iter": 17500, "locally": false, "temperature": 2, "cooling": 0.30706022220630486, "distance": 209070637, "path": [606, 922, 334, 818, 316, 508, 106, 359, 927, 175, 926, 153, 178, 822, 824, 755, 821, 343, 88, 437, 313, 413, 683, 924, 156, 936, 482, 928, 590, 737, 546, 27, 776, 769, 269, 22, 801, 765, 177, 423, 214, 783, 768, 667, 607, 301, 52, 208, 96, 652, 714, 107, 867, 101, 973, 745, 878, 620, 854, 49, 539, 958, 221, 271, 966, 440, 360, 567, 600, 18, 994, 115, 741, 285, 193, 980, 977, 695, 149, 811, 575, 743, 186, 827, 53, 516, 365, 726, 127, 337, 885, 796, 114, 828, 723, 956, 279, 255, 259, 155, 51, 579, 99, 270, 252, 725, 844, 834, 284, 848, 195, 273, 461, 116, 307, 91, 939, 853, 48, 157, 868, 995, 397, 531, 24, 987, 406, 555, 940, 124, 872, 168, 778, 568, 850, 503, 20, 73, 705, 308, 161, 957, 645, 317, 964, 299, 896, 441, 249, 635, 524, 971, 636, 226, 855, 471, 341, 67, 464, 451, 113, 802, 5, 813, 888, 328, 890, 777, 601, 280, 180, 494, 164, 429, 969, 736, 660, 628, 289, 791, 445, 779, 784, 673, 130, 379, 173, 470, 731, 668, 191, 430, 891, 105, 276, 753, 198, 962, 241, 701, 693, 261, 474, 11, 559, 637, 618, 617, 904, 560, 786, 140, 498, 179, 142, 305, 356, 734, 45, 94, 310, 817, 505, 992, 462, 998, 39, 881, 873, 808, 233, 100, 137, 256, 562, 633, 532, 642, 894, 491, 329, 331, 321, 76, 373, 740, 391, 72, 949, 677, 581, 83, 728, 659, 614, 679, 378, 290, 248, 688, 965, 573, 410, 17, 188, 433, 629, 535, 493, 533, 409, 832, 452, 364, 32, 711, 556, 376, 472, 570, 521, 21, 757, 774, 749, 392, 260, 699, 419, 485, 700, 454, 283, 985, 58, 947, 86, 247, 138, 350, 612, 684, 510, 145, 935, 306, 497, 135, 483, 258, 836, 291, 120, 621, 953, 148, 133, 710, 90, 519, 923, 989, 181, 234, 724, 371, 108, 319, 685, 399, 847, 388, 92, 110, 654, 70, 167, 715, 816, 330, 463, 954, 295, 69, 381, 98, 104, 324, 340, 87, 171, 915, 453, 974, 646, 905, 908, 268, 547, 744, 59, 899, 351, 174, 251, 929, 983, 999, 209, 183, 527, 917, 931, 389, 184, 50, 790, 911, 589, 37, 346, 60, 352, 277, 382, 15, 542, 455, 697, 698, 972, 400, 428, 979, 210, 25, 747, 892, 386, 937, 339, 348, 561, 842, 420, 170, 856, 554, 189, 212, 473, 721, 946, 739, 820, 843, 457, 630, 489, 950, 887, 569, 840, 486, 986, 398, 615, 511, 207, 136, 640, 534, 634, 657, 988, 143, 548, 265, 810, 38, 959, 355, 205, 495, 952, 111, 680, 780, 644, 417, 830, 499, 930, 884, 47, 592, 525, 785, 837, 7, 215, 706, 565, 518, 30, 738, 117, 571, 670, 616, 147, 742, 245, 484, 610, 458, 176, 920, 93, 675, 647, 220, 185, 12, 418, 442, 297, 421, 427, 235, 713, 436, 224, 443, 125, 960, 222, 984, 932, 586, 543, 477, 28, 990, 244, 553, 294, 35, 367, 574, 41, 322, 582, 549, 919, 918, 95, 869, 909, 611, 158, 204, 416, 550, 787, 781, 604, 438, 760, 656, 627, 552, 961, 128, 583, 82, 523, 712, 807, 851, 897, 293, 197, 948, 64, 967, 435, 759, 916, 467, 598, 597, 264, 638, 217, 756, 320, 446, 501, 246, 75, 764, 963, 536, 603, 488, 651, 798, 129, 63, 358, 599, 68, 78, 772, 735, 655, 727, 238, 296, 512, 275, 880, 517, 770, 395, 481, 354, 408, 218, 361, 23, 199, 31, 594, 576, 169, 74, 97, 459, 541, 862, 588, 938, 102, 663, 707, 426, 216, 558, 804, 13, 537, 311, 232, 578, 732, 529, 396, 767, 729, 112, 404, 492, 407, 332, 366, 648, 43, 544, 933, 162, 513, 671, 312, 577, 841, 879, 812, 230, 160, 194, 871, 997, 540, 336, 465, 861, 766, 910, 903, 402, 883, 602, 951, 302, 839, 515, 335, 163, 838, 357, 282, 678, 61, 877, 225, 564, 353, 450, 681, 431, 806, 122, 466, 228, 219, 243, 703, 141, 202, 387, 566, 349, 415, 978, 286, 84, 722, 475, 318, 754, 187, 941, 211, 815, 665, 692, 789, 921, 62, 825, 1, 664, 763, 479, 666, 858, 514, 85, 800, 865, 325, 411, 955, 281, 925, 882, 182, 40, 190, 152, 538, 213, 687, 1000, 55, 626, 272, 476, 46, 323, 480, 982, 393, 206, 26, 263, 500, 631, 4, 119, 563, 172, 682, 662, 641, 605, 478, 829, 196, 608, 422, 906, 653, 370, 835, 439, 29, 237, 362, 661, 914, 266, 44, 704, 16, 449, 368, 690, 77, 857, 902, 414, 254, 814, 793, 109, 166, 674, 375, 863, 377, 425, 845, 456, 363, 490, 976, 231, 792, 304, 81, 10, 118, 369, 639, 223, 432, 507, 718, 236, 886, 154, 345, 551, 65, 506, 338, 121, 239, 730, 643, 716, 676, 709, 327, 257, 123, 719, 201, 444, 344, 19, 746, 794, 795, 580, 596, 132, 298, 274, 89, 412, 103, 870, 733, 545, 468, 309, 150, 852, 945, 56, 866, 913, 898, 991, 859, 751, 934, 968, 333, 613, 901, 993, 347, 288, 557, 240, 447, 487, 691, 889, 717, 42, 826, 623, 907, 874, 448, 253, 591, 262, 773, 520, 981, 131, 895, 805, 227, 522, 809, 846, 126, 831, 401, 758, 159, 36, 434, 944, 720, 593, 424, 8, 752, 278, 374, 2, 151, 394, 649, 708, 771, 797, 192, 229, 996, 509, 823, 326, 3, 748, 57, 876, 864, 893, 658, 66, 686, 970, 672, 139, 694, 900, 632, 200, 250, 300, 385, 146, 849, 33, 775, 165, 803, 469, 9, 609, 460, 6, 315, 267, 761, 303, 875, 403, 860, 696, 788, 819, 624, 625, 80, 314, 372, 292, 942, 585, 702, 619, 390, 34, 762, 504, 14, 203, 587, 134, 833, 622, 530, 242, 782, 383, 572, 912, 669, 144, 975, 496, 79, 650, 528, 750, 71, 502, 584, 595, 342, 384, 287, 943, 405, 689, 526, 54, 799, 380]}