{"num_steps": 500, "num_stays": 205, "time": 12.035181576997275, "iter": 500, "locally": true, "temperature": 2, "cooling": 0.4824236873665897, "distance": 54246, "path": [127, 59, 141, 17, 15, 35, 120, 46, 29, 112, 121, 146, 103, 52, 3, 43, 123, 149, 55, 83, 34, 107, 30, 71, 41, 136, 128, 115, 131, 47, 137, 94, 70, 129, 26, 124, 118, 119, 97, 19, 106, 134, 53, 66, 65, 4, 143, 54, 96, 78, 5, 37, 147, 2, 40, 64, 144, 114, 44, 50, 116, 13, 76, 33, 73, 69, 113, 38, 24, 18, 79, 90, 92, 8, 139, 75, 49, 6, 63, 1, 93, 28, 58, 51, 20, 12, 27, 86, 150, 62, 60, 11, 21, 72, 84, 10, 130, 142, 105, 148, 133, 138, 108, 61, 125, 140, 135, 81, 25, 67, 42, 122, 88, 16, 22, 56, 80, 31, 89, 132, 14, 100, 48, 101, 39, 95, 126, 82, 68, 85, 117, 9, 7, 57, 145, 87, 77, 110, 23, 98, 91, 45, 109, 32, 74, 36, 104, 111, 102, 99]}