{"num_steps": 2000, "num_stays": 84, "time": 0.140783469996677, "iter": 2000, "locally": false, "temperature": 2, "cooling": 0.3946380808164572, "distance": 12071, "path": [46, 48, 5, 15, 6, 4, 43, 8, 9, 10, 33, 28, 26, 47, 16, 18, 3, 17, 7, 2, 42, 23, 1, 35, 27, 13, 52, 14, 29, 30, 21, 31, 22, 32, 36, 39, 37, 24, 38, 40, 41, 19, 45, 49, 20, 50, 44, 34, 25, 51, 11, 12]}