{"num_steps": 1250, "num_stays": 81, "time": 0.09194110699900193, "iter": 1250, "locally": false, "temperature": 2, "cooling": 0.42061002871312153, "distance": 12982, "path": [46, 48, 24, 5, 15, 4, 43, 8, 9, 10, 33, 26, 27, 47, 16, 23, 3, 18, 2, 7, 42, 17, 1, 39, 12, 13, 52, 14, 29, 30, 21, 31, 22, 32, 35, 36, 37, 6, 38, 40, 41, 19, 45, 49, 20, 50, 44, 34, 25, 28, 11, 51]}