{"num_steps": 500, "num_stays": 0, "time": 0.03526502499880735, "iter": 500, "locally": false, "temperature": 2, "cooling": 0.4824236873665897, "distance": 14626, "path": [32, 23, 44, 4, 24, 15, 43, 8, 9, 10, 33, 26, 27, 47, 16, 49, 19, 18, 7, 42, 2, 17, 31, 46, 25, 13, 52, 14, 29, 30, 21, 22, 1, 34, 35, 36, 37, 48, 38, 3, 41, 45, 40, 39, 20, 50, 6, 5, 12, 28, 51, 11]}