{"num_steps": 1500, "num_stays": 41, "time": 0.10808353399988846, "iter": 1500, "locally": false, "temperature": 2, "cooling": 0.4101412716225879, "distance": 12398, "path": [46, 48, 5, 6, 15, 4, 43, 8, 9, 10, 33, 12, 26, 47, 16, 23, 3, 17, 7, 2, 42, 18, 1, 39, 27, 13, 52, 14, 29, 30, 21, 31, 22, 32, 35, 36, 37, 24, 38, 40, 41, 19, 45, 49, 20, 50, 44, 34, 25, 28, 11, 51]}