{"num_steps": 750, "num_stays": 38, "time": 0.05650859299930744, "iter": 750, "locally": false, "temperature": 2, "cooling": 0.45298496773170366, "distance": 14002, "path": [46, 34, 44, 5, 4, 15, 43, 8, 9, 10, 33, 26, 27, 47, 16, 32, 45, 18, 2, 7, 42, 17, 1, 49, 25, 13, 52, 14, 29, 30, 21, 31, 22, 23, 35, 36, 37, 48, 38, 3, 41, 19, 40, 39, 20, 50, 24, 6, 12, 28, 51, 11]}