{"num_steps": 250, "num_stays": 2, "time": 0.01660222799910116, "iter": 250, "locally": false, "temperature": 2, "cooling": 0.5425514917581086, "distance": 16729, "path": [22, 2, 44, 4, 24, 40, 43, 8, 9, 10, 11, 13, 47, 14, 16, 49, 19, 18, 17, 42, 21, 7, 31, 46, 25, 26, 52, 27, 29, 30, 23, 32, 1, 34, 35, 36, 37, 38, 48, 3, 41, 45, 15, 39, 20, 50, 6, 5, 12, 28, 51, 33]}