{"num_steps": 5000, "num_stays": 286, "time": 0.34461944999929983, "iter": 5000, "locally": false, "temperature": 2, "cooling": 0.3522121755231006, "distance": 11866, "path": [46, 24, 5, 15, 6, 4, 43, 8, 9, 10, 33, 28, 26, 47, 16, 18, 3, 17, 7, 2, 42, 21, 31, 44, 27, 13, 52, 14, 29, 30, 23, 22, 1, 49, 36, 39, 37, 48, 38, 40, 41, 19, 45, 32, 20, 50, 35, 34, 25, 51, 11, 12]}