{"num_steps": 1000, "num_stays": 7, "time": 0.07335177099957946, "iter": 1000, "locally": false, "temperature": 2, "cooling": 0.4341689026682404, "distance": 13466, "path": [46, 34, 24, 5, 15, 4, 43, 8, 9, 10, 33, 26, 27, 47, 16, 32, 45, 18, 2, 7, 42, 17, 1, 39, 12, 13, 52, 14, 29, 30, 21, 31, 22, 23, 35, 36, 37, 48, 38, 40, 41, 19, 3, 49, 20, 50, 44, 6, 25, 28, 11, 51]}