{"num_steps": 100, "num_stays": 0, "time": 0.006571903999429196, "iter": 100, "locally": false, "temperature": 2, "cooling": 0.6486524615632605, "distance": 18635, "path": [22, 2, 3, 4, 43, 6, 24, 8, 9, 10, 11, 47, 13, 14, 15, 49, 17, 18, 19, 42, 21, 7, 31, 46, 25, 26, 27, 28, 29, 30, 23, 32, 1, 34, 35, 36, 37, 38, 16, 44, 41, 45, 5, 39, 20, 50, 12, 48, 40, 33, 51, 52]}