{"num_steps": 500, "num_stays": 18, "time": 0.03910338399873581, "iter": 500, "locally": false, "temperature": 0.4824236873665897, "cooling": 0.4824236873665897, "distance": 266279, "path": [1, 2, 3, 4, 5, 6, 7, 8, 9, 10, 11, 12, 13, 14, 15, 16, 17, 18, 19, 20, 23, 22, 21, 24, 31, 26, 27, 28, 29, 30, 25, 32, 33, 34, 35, 36, 37, 38, 39, 40, 41, 42, 43, 44, 45, 46, 47, 48, 49, 50, 51, 52, 53, 54, 55, 56, 57, 210, 59, 60, 61, 62, 63, 64, 65, 66, 191, 68, 69, 70, 71, 72, 73, 74, 75, 218, 190, 78, 79, 80, 81, 82, 83, 84, 85, 86, 314, 88, 89, 90, 91, 92, 93, 94, 95, 139, 255, 98, 99, 100, 101, 102, 325, 104, 247, 106, 107, 123, 147, 110, 142, 112, 113, 114, 115, 376, 228, 146, 119, 199, 121, 122, 108, 124, 125, 126, 127, 128, 129, 130, 211, 132, 77, 134, 135, 136, 137, 138, 58, 140, 141, 111, 143, 144, 145, 118, 158, 148, 149, 150, 151, 152, 179, 154, 155, 156, 157, 109, 159, 181, 161, 162, 163, 164, 165, 166, 167, 160, 169, 222, 171, 172, 173, 174, 175, 268, 274, 178, 153, 180, 168, 182, 183, 265, 185, 305, 187, 188, 189, 133, 67, 192, 316, 362, 195, 196, 197, 198, 120, 200, 201, 202, 203, 193, 205, 206, 96, 208, 209, 207, 294, 212, 213, 214, 215, 216, 333, 76, 219, 220, 221, 170, 223, 224, 225, 226, 227, 117, 229, 230, 231, 232, 233, 234, 235, 236, 237, 238, 239, 240, 353, 278, 243, 244, 245, 246, 291, 248, 249, 250, 251, 386, 330, 311, 285, 256, 257, 258, 259, 260, 261, 262, 263, 264, 184, 266, 267, 176, 269, 270, 271, 287, 273, 177, 275, 276, 277, 242, 279, 280, 281, 282, 283, 103, 97, 286, 254, 288, 289, 290, 105, 292, 293, 131, 368, 296, 297, 298, 310, 300, 301, 302, 303, 304, 186, 306, 307, 453, 309, 299, 272, 312, 338, 87, 315, 217, 317, 318, 319, 370, 321, 322, 323, 324, 284, 326, 327, 328, 372, 390, 458, 332, 204, 334, 335, 336, 337, 313, 339, 340, 341, 342, 343, 344, 345, 346, 347, 329, 349, 350, 351, 352, 364, 354, 355, 356, 357, 358, 359, 360, 361, 194, 363, 241, 365, 366, 367, 295, 369, 320, 371, 348, 373, 374, 450, 116, 485, 505, 379, 380, 381, 382, 383, 384, 385, 252, 387, 388, 389, 253, 391, 392, 393, 394, 395, 396, 397, 398, 399, 400, 444, 402, 403, 404, 405, 406, 407, 408, 409, 410, 411, 412, 413, 414, 415, 416, 417, 418, 419, 420, 421, 422, 423, 424, 425, 426, 427, 428, 448, 430, 431, 522, 433, 434, 435, 447, 437, 438, 439, 440, 441, 442, 443, 401, 445, 446, 436, 429, 449, 375, 476, 452, 532, 454, 455, 456, 457, 331, 459, 460, 461, 462, 463, 464, 465, 466, 467, 468, 469, 470, 471, 472, 473, 474, 475, 451, 477, 478, 479, 480, 481, 482, 483, 484, 377, 486, 487, 488, 489, 490, 492, 491, 493, 494, 495, 496, 497, 498, 499, 500, 501, 502, 503, 504, 378, 506, 507, 508, 509, 510, 511, 512, 513, 514, 515, 516, 517, 518, 519, 520, 521, 432, 523, 524, 525, 526, 527, 528, 529, 530, 531, 308]}