{"num_steps": 1000, "num_stays": 1, "time": 0.07801543299865443, "iter": 1000, "locally": false, "temperature": 0.4341689026682404, "cooling": 0.4341689026682404, "distance": 242203, "path": [1, 2, 3, 4, 5, 6, 7, 8, 9, 10, 11, 12, 13, 14, 15, 16, 17, 18, 19, 20, 23, 22, 55, 24, 31, 26, 27, 28, 29, 30, 25, 32, 33, 34, 35, 36, 37, 38, 39, 40, 41, 42, 43, 44, 45, 46, 47, 48, 49, 50, 51, 52, 53, 54, 21, 56, 57, 210, 59, 60, 61, 62, 154, 64, 65, 66, 191, 68, 69, 70, 71, 72, 73, 74, 75, 218, 86, 78, 79, 80, 81, 82, 83, 84, 85, 190, 268, 88, 255, 90, 91, 119, 93, 94, 95, 303, 89, 98, 99, 100, 101, 102, 112, 104, 247, 106, 107, 123, 147, 110, 142, 325, 113, 114, 115, 376, 228, 146, 406, 199, 121, 122, 108, 124, 125, 126, 127, 128, 129, 130, 211, 132, 77, 134, 162, 136, 92, 138, 58, 140, 141, 111, 143, 144, 145, 118, 158, 148, 149, 150, 151, 152, 179, 63, 155, 156, 157, 235, 159, 181, 161, 135, 163, 164, 165, 166, 167, 160, 169, 349, 171, 172, 173, 174, 175, 314, 274, 178, 153, 180, 168, 182, 183, 131, 109, 188, 187, 305, 189, 133, 283, 192, 316, 445, 195, 270, 197, 87, 120, 200, 201, 202, 203, 193, 205, 206, 170, 208, 209, 207, 294, 324, 213, 214, 215, 216, 264, 76, 105, 410, 221, 96, 397, 291, 225, 226, 227, 117, 229, 230, 231, 232, 233, 234, 185, 236, 237, 238, 239, 240, 353, 278, 243, 244, 245, 219, 224, 248, 249, 250, 251, 386, 330, 311, 285, 256, 308, 258, 290, 260, 261, 262, 263, 333, 184, 313, 267, 176, 269, 196, 271, 287, 273, 177, 275, 276, 277, 242, 212, 280, 281, 282, 67, 103, 97, 286, 254, 288, 289, 259, 246, 292, 300, 265, 368, 296, 297, 298, 310, 293, 301, 302, 139, 304, 186, 272, 307, 453, 309, 299, 306, 312, 338, 198, 315, 217, 317, 318, 319, 370, 321, 322, 323, 279, 284, 326, 327, 380, 372, 390, 458, 332, 204, 334, 335, 336, 337, 266, 339, 340, 341, 401, 343, 344, 345, 346, 329, 347, 222, 350, 351, 352, 364, 354, 355, 356, 357, 362, 359, 360, 295, 194, 470, 241, 365, 366, 367, 361, 369, 320, 371, 348, 373, 374, 450, 116, 485, 505, 379, 328, 381, 382, 383, 384, 385, 252, 387, 388, 358, 253, 391, 392, 393, 394, 395, 396, 223, 398, 399, 400, 444, 402, 403, 404, 405, 137, 407, 408, 409, 220, 411, 412, 413, 414, 415, 416, 417, 418, 419, 420, 432, 491, 423, 424, 425, 426, 427, 463, 448, 430, 431, 522, 433, 434, 435, 447, 437, 438, 439, 440, 441, 442, 443, 342, 389, 446, 436, 429, 449, 375, 476, 452, 473, 454, 455, 456, 457, 331, 459, 460, 461, 462, 428, 464, 465, 466, 467, 468, 469, 363, 471, 472, 532, 474, 475, 451, 477, 478, 479, 480, 481, 482, 483, 484, 377, 486, 487, 488, 489, 490, 492, 498, 493, 494, 495, 496, 497, 422, 499, 500, 501, 502, 503, 504, 378, 506, 507, 508, 509, 510, 511, 512, 513, 514, 515, 516, 517, 518, 519, 520, 521, 421, 523, 524, 525, 526, 527, 528, 529, 530, 531, 257]}