{"num_steps": 5000, "num_stays": 20, "time": 0.3824180479932693, "iter": 5000, "locally": false, "temperature": 0.3522121755231006, "cooling": 0.3522121755231006, "distance": 179056, "path": [1, 2, 3, 4, 5, 6, 7, 8, 9, 10, 11, 12, 13, 14, 15, 16, 19, 18, 17, 20, 23, 22, 37, 24, 31, 26, 39, 28, 30, 29, 25, 32, 33, 34, 35, 43, 36, 38, 27, 40, 41, 42, 46, 44, 45, 55, 47, 48, 210, 90, 51, 52, 53, 54, 71, 63, 57, 104, 59, 60, 61, 62, 92, 64, 65, 66, 269, 138, 287, 70, 21, 72, 130, 203, 280, 272, 110, 85, 79, 145, 81, 82, 83, 84, 134, 190, 68, 230, 255, 306, 106, 155, 93, 94, 86, 170, 245, 56, 75, 102, 49, 100, 112, 264, 247, 206, 107, 123, 147, 188, 146, 212, 113, 114, 252, 376, 228, 199, 406, 412, 229, 122, 89, 150, 125, 149, 189, 159, 88, 120, 97, 132, 77, 137, 165, 268, 154, 99, 58, 140, 141, 129, 197, 144, 87, 118, 158, 148, 216, 219, 151, 162, 179, 176, 119, 142, 349, 250, 234, 181, 161, 135, 160, 164, 196, 169, 167, 299, 281, 139, 171, 172, 173, 98, 184, 505, 241, 178, 153, 180, 174, 182, 183, 131, 109, 78, 303, 258, 211, 133, 69, 192, 443, 266, 195, 175, 115, 74, 73, 200, 254, 156, 80, 193, 205, 91, 187, 208, 209, 246, 321, 384, 360, 214, 215, 116, 101, 76, 105, 325, 221, 288, 310, 291, 237, 292, 227, 335, 121, 127, 128, 232, 95, 143, 185, 236, 225, 238, 239, 302, 353, 278, 243, 244, 108, 124, 224, 248, 249, 235, 251, 386, 314, 311, 220, 318, 308, 359, 294, 242, 373, 262, 263, 50, 270, 313, 333, 191, 96, 126, 271, 103, 67, 177, 275, 323, 267, 186, 410, 470, 277, 282, 293, 350, 355, 345, 257, 168, 289, 259, 207, 226, 300, 265, 368, 399, 297, 298, 309, 383, 301, 481, 329, 304, 276, 260, 307, 416, 218, 163, 296, 312, 338, 357, 370, 217, 240, 256, 319, 346, 397, 233, 198, 279, 284, 213, 327, 343, 372, 398, 478, 431, 380, 379, 117, 336, 371, 471, 339, 340, 274, 330, 332, 344, 286, 315, 157, 347, 390, 283, 351, 352, 479, 354, 389, 356, 337, 459, 295, 326, 273, 194, 201, 334, 365, 366, 367, 432, 369, 320, 261, 223, 152, 374, 328, 322, 364, 415, 445, 450, 482, 382, 305, 324, 166, 342, 387, 388, 358, 253, 391, 418, 428, 394, 395, 396, 475, 222, 290, 400, 469, 402, 403, 404, 405, 111, 348, 408, 504, 331, 486, 467, 413, 414, 409, 429, 417, 392, 419, 420, 449, 491, 423, 424, 407, 426, 427, 463, 448, 430, 531, 490, 477, 362, 435, 447, 437, 438, 439, 440, 441, 442, 316, 202, 385, 446, 436, 453, 451, 464, 476, 452, 473, 454, 455, 456, 381, 231, 434, 460, 461, 484, 393, 375, 465, 466, 341, 285, 317, 363, 361, 422, 532, 474, 425, 444, 433, 458, 485, 480, 519, 492, 483, 462, 377, 411, 503, 488, 489, 522, 468, 498, 493, 494, 495, 496, 526, 401, 499, 500, 501, 502, 487, 421, 378, 506, 507, 508, 509, 510, 511, 512, 516, 530, 515, 513, 517, 518, 523, 520, 521, 472, 457, 524, 525, 497, 527, 528, 529, 514, 204, 136]}