{"num_steps": 2000, "num_stays": 2, "time": 0.15505769799347036, "iter": 2000, "locally": false, "temperature": 0.3946380808164572, "cooling": 0.3946380808164572, "distance": 218093, "path": [1, 2, 3, 4, 5, 6, 7, 8, 9, 10, 11, 12, 13, 14, 15, 16, 19, 18, 17, 20, 23, 22, 36, 24, 31, 26, 27, 28, 29, 30, 25, 32, 33, 34, 35, 55, 37, 38, 39, 40, 41, 42, 43, 44, 45, 46, 47, 48, 49, 189, 51, 52, 53, 54, 21, 63, 57, 210, 59, 60, 61, 62, 154, 64, 65, 66, 191, 68, 103, 70, 71, 72, 73, 74, 280, 309, 86, 110, 79, 203, 81, 82, 83, 84, 85, 190, 75, 129, 255, 90, 91, 155, 93, 94, 95, 187, 89, 98, 99, 100, 264, 102, 112, 104, 247, 106, 107, 123, 147, 78, 142, 196, 113, 114, 115, 376, 228, 146, 406, 341, 121, 122, 245, 124, 125, 126, 216, 128, 88, 130, 97, 132, 77, 116, 165, 268, 92, 138, 58, 140, 141, 111, 143, 144, 145, 118, 158, 148, 149, 150, 151, 162, 179, 56, 119, 156, 157, 235, 159, 181, 161, 135, 163, 164, 212, 166, 167, 299, 281, 349, 171, 172, 173, 174, 175, 504, 274, 178, 153, 180, 168, 182, 183, 131, 109, 188, 303, 305, 211, 133, 283, 192, 316, 379, 195, 270, 197, 87, 120, 200, 201, 202, 80, 193, 205, 206, 170, 208, 209, 207, 294, 324, 213, 214, 215, 127, 101, 76, 105, 325, 221, 269, 397, 291, 225, 292, 227, 117, 229, 230, 234, 232, 134, 252, 185, 236, 237, 238, 239, 240, 353, 278, 243, 244, 108, 219, 224, 248, 249, 250, 251, 386, 457, 311, 285, 318, 308, 293, 399, 260, 373, 262, 263, 50, 184, 313, 267, 176, 96, 306, 271, 287, 67, 177, 275, 276, 333, 242, 410, 470, 277, 282, 273, 350, 385, 345, 254, 288, 289, 259, 246, 226, 300, 265, 368, 323, 297, 298, 310, 258, 301, 449, 139, 304, 186, 272, 307, 453, 218, 160, 261, 312, 338, 357, 370, 217, 317, 256, 319, 346, 321, 322, 296, 279, 284, 326, 327, 431, 372, 398, 478, 332, 204, 241, 335, 336, 337, 266, 339, 340, 199, 330, 343, 344, 286, 315, 329, 347, 222, 69, 351, 352, 485, 354, 389, 356, 198, 362, 359, 360, 295, 194, 136, 334, 365, 366, 367, 361, 369, 320, 371, 475, 152, 374, 450, 233, 364, 505, 445, 328, 381, 382, 383, 384, 169, 231, 387, 388, 358, 253, 391, 392, 428, 394, 395, 396, 223, 390, 290, 400, 444, 402, 403, 404, 405, 137, 407, 408, 415, 220, 411, 412, 413, 414, 409, 416, 417, 418, 419, 420, 432, 491, 423, 424, 425, 426, 427, 463, 448, 430, 531, 490, 433, 459, 435, 447, 437, 438, 439, 440, 441, 442, 443, 342, 355, 446, 436, 429, 469, 464, 476, 452, 473, 454, 455, 456, 401, 331, 434, 460, 461, 484, 393, 375, 465, 466, 467, 492, 302, 363, 471, 472, 532, 474, 348, 451, 477, 458, 479, 480, 481, 482, 483, 462, 377, 486, 487, 488, 489, 522, 468, 498, 493, 494, 495, 496, 497, 422, 499, 500, 501, 502, 503, 314, 378, 506, 507, 508, 509, 510, 511, 512, 513, 530, 515, 516, 517, 518, 523, 520, 521, 421, 519, 524, 525, 526, 527, 528, 529, 514, 380, 257]}