{"num_steps": 1250, "num_stays": 0, "time": 420.56107814799907, "iter": 1250, "locally": true, "temperature": 0.42061002871312153, "cooling": 1, "distance": 113088990, "path": [956, 889, 730, 676, 234, 875, 73, 810, 698, 807, 761, 873, 13, 212, 451, 663, 283, 925, 892, 830, 21, 292, 898, 284, 501, 206, 536, 905, 336, 120, 291, 677, 570, 34, 696, 503, 837, 975, 670, 218, 71, 42, 714, 139, 345, 704, 567, 854, 49, 994, 70, 318, 791, 1000, 110, 208, 96, 672, 602, 847, 59, 379, 859, 509, 491, 818, 4, 903, 2, 487, 209, 702, 907, 852, 169, 629, 703, 243, 603, 433, 764, 82, 146, 850, 61, 121, 326, 242, 22, 507, 706, 132, 564, 295, 255, 202, 524, 407, 48, 15, 578, 101, 363, 465, 93, 246, 457, 860, 919, 684, 789, 944, 743, 612, 695, 940, 904, 83, 744, 763, 806, 31, 594, 650, 174, 405, 442, 849, 129, 276, 961, 895, 473, 189, 315, 782, 88, 163, 184, 678, 828, 142, 247, 894, 984, 552, 742, 946, 779, 420, 104, 112, 396, 547, 738, 268, 493, 158, 725, 109, 84, 162, 309, 978, 923, 982, 787, 378, 942, 788, 910, 440, 823, 118, 327, 720, 641, 178, 117, 657, 190, 952, 183, 468, 827, 258, 46, 483, 522, 777, 18, 364, 557, 415, 50, 462, 581, 987, 511, 447, 360, 57, 767, 154, 339, 238, 44, 66, 694, 210, 778, 198, 586, 223, 432, 843, 554, 537, 370, 220, 53, 161, 667, 477, 712, 945, 490, 216, 105, 647, 866, 580, 675, 128, 986, 878, 886, 236, 604, 314, 98, 824, 153, 125, 245, 781, 275, 193, 249, 329, 356, 16, 865, 760, 213, 656, 32, 555, 259, 651, 141, 492, 515, 224, 645, 266, 655, 150, 260, 166, 489, 722, 89, 927, 298, 313, 785, 278, 39, 928, 589, 517, 297, 252, 814, 717, 334, 316, 506, 357, 288, 263, 168, 485, 231, 856, 535, 472, 798, 817, 728, 152, 188, 949, 518, 306, 792, 590, 700, 201, 361, 801, 630, 7, 790, 137, 951, 130, 159, 617, 419, 251, 19, 934, 631, 569, 3, 328, 439, 980, 560, 786, 731, 239, 877, 186, 990, 740, 99, 902, 770, 244, 665, 936, 156, 303, 705, 870, 481, 719, 311, 352, 353, 107, 746, 338, 758, 471, 932, 721, 413, 267, 881, 754, 5, 497, 383, 371, 100, 516, 135, 475, 176, 815, 799, 924, 377, 950, 519, 943, 205, 541, 219, 649, 648, 718, 387, 858, 373, 600, 164, 979, 431, 240, 900, 182, 842, 562, 386, 582, 302, 119, 54, 736, 880, 322, 732, 20, 482, 410, 573, 593, 908, 400, 115, 155, 428, 796, 79, 577, 421, 661, 549, 802, 113, 833, 160, 354, 429, 430, 450, 215, 988, 332, 435, 625, 614, 441, 331, 172, 449, 652, 414, 588, 382, 834, 319, 543, 765, 913, 960, 277, 108, 627, 91, 616, 911, 11, 6, 330, 922, 347, 572, 606, 185, 403, 846, 803, 380, 883, 12, 171, 558, 187, 941, 735, 545, 461, 273, 901, 367, 954, 444, 272, 653, 181, 151, 173, 214, 673, 957, 783, 264, 17, 323, 851, 772, 993, 724, 809, 9, 559, 715, 344, 683, 289, 453, 723, 394, 977, 538, 512, 727, 514, 280, 688, 381, 981, 697, 520, 123, 426, 454, 265, 831, 689, 351, 838, 480, 563, 995, 299, 300, 534, 136, 85, 615, 967, 372, 964, 959, 774, 448, 446, 27, 8, 26, 548, 346, 713, 976, 504, 935, 149, 579, 556, 90, 775, 660, 619, 855, 821, 391, 756, 680, 566, 111, 840, 337, 62, 646, 51, 687, 800, 539, 397, 376, 668, 820, 795, 423, 533, 585, 776, 262, 427, 87, 529, 568, 909, 733, 308, 399, 69, 194, 768, 597, 766, 844, 47, 885, 23, 989, 72, 974, 819, 248, 250, 608, 196, 348, 521, 633, 279, 876, 864, 634, 624, 561, 679, 320, 409, 80, 52, 937, 751, 710, 628, 709, 402, 691, 769, 893, 40, 192, 321, 312, 76, 620, 544, 862, 729, 644, 484, 392, 708, 488, 571, 384, 30, 296, 741, 681, 868, 114, 857, 825, 422, 659, 871, 829, 666, 466, 200, 452, 686, 682, 140, 94, 368, 671, 310, 587, 134, 478, 605, 527, 540, 390, 531, 350, 411, 965, 24, 389, 958, 793, 458, 526, 58, 920, 144, 915, 270, 197, 841, 794, 973, 222, 707, 853, 304, 37, 177, 784, 546, 963, 972, 613, 374, 626, 897, 235, 342, 424, 674, 124, 584, 175, 33, 233, 106, 508, 78, 68, 931, 305, 513, 699, 133, 716, 36, 463, 574, 808, 861, 191, 147, 739, 939, 639, 349, 921, 930, 896, 997, 662, 43, 145, 494, 711, 204, 14, 203, 467, 495, 916, 780, 749, 640, 385, 971, 77, 757, 416, 143, 355, 459, 317, 745, 97, 366, 443, 542, 773, 759, 74, 417, 550, 253, 455, 157, 335, 565, 771, 598, 393, 404, 362, 286, 341, 67, 654, 962, 863, 401, 445, 365, 845, 816, 609, 500, 476, 804, 805, 408, 10, 60, 607, 918, 891, 56, 35, 643, 333, 887, 968, 813, 388, 102, 755, 822, 398, 576, 287, 826, 591, 610, 797, 180, 64, 664, 551, 835, 25, 29, 395, 899, 839, 116, 307, 41, 418, 195, 343, 474, 261, 848, 103, 969, 737, 75, 301, 595, 170, 226, 269, 811, 992, 510, 635, 914, 324, 1, 592, 217, 530, 867, 869, 753, 63, 225, 611, 207, 632, 229, 45, 996, 621, 237, 642, 499, 122, 884, 601, 991, 470, 65, 86, 890, 748, 636, 505, 285, 690, 325, 179, 282, 498, 127, 241, 938, 948, 762, 28, 281, 496, 752, 525, 230, 596, 812, 95, 81, 874, 228, 486, 906, 955, 358, 460, 211, 464, 502, 412, 926, 274, 437, 375, 998, 726, 293, 933, 294, 126, 553, 165, 879, 138, 406, 438, 953, 532, 747, 434, 966, 669, 469, 425, 167, 599, 693, 92, 985, 947, 912, 888, 227, 583, 523, 131, 436, 232, 685, 692, 271, 221, 55, 701, 254, 38, 638, 872, 456, 359, 622, 369, 528, 917, 970, 836, 750, 983, 637, 618, 257, 623, 290, 882, 256, 340, 658, 734, 479, 832, 575, 199, 148, 999, 929]}