{"num_steps": 2000, "num_stays": 0, "time": 672.3725087649946, "iter": 2000, "locally": true, "temperature": 0.3946380808164572, "cooling": 1, "distance": 96304229, "path": [669, 889, 730, 676, 234, 653, 794, 810, 698, 807, 761, 873, 13, 212, 849, 17, 231, 535, 601, 884, 620, 797, 446, 284, 501, 27, 771, 493, 257, 904, 944, 995, 789, 563, 841, 503, 837, 975, 670, 218, 71, 750, 836, 917, 979, 664, 345, 479, 452, 994, 832, 164, 970, 714, 786, 208, 96, 672, 395, 434, 509, 823, 910, 239, 491, 3, 4, 903, 569, 289, 141, 290, 907, 378, 787, 629, 467, 852, 603, 455, 713, 82, 146, 55, 271, 221, 110, 831, 22, 276, 706, 132, 95, 891, 150, 512, 544, 407, 48, 8, 123, 101, 564, 465, 93, 246, 216, 160, 611, 28, 605, 579, 269, 940, 695, 612, 213, 397, 744, 763, 636, 806, 760, 305, 59, 405, 442, 726, 198, 507, 961, 895, 473, 189, 315, 782, 323, 282, 130, 661, 421, 142, 247, 894, 984, 552, 742, 228, 986, 30, 104, 112, 396, 547, 243, 268, 472, 87, 725, 415, 84, 955, 309, 162, 660, 978, 349, 217, 906, 134, 302, 183, 79, 577, 186, 336, 114, 822, 117, 657, 178, 170, 899, 471, 875, 53, 220, 500, 609, 120, 18, 364, 557, 118, 948, 581, 197, 987, 600, 340, 44, 279, 767, 154, 339, 238, 240, 66, 210, 694, 733, 668, 820, 223, 432, 843, 554, 537, 851, 772, 6, 343, 663, 685, 75, 583, 490, 128, 105, 647, 866, 580, 675, 424, 874, 738, 886, 236, 604, 314, 98, 824, 153, 125, 245, 781, 80, 193, 249, 329, 682, 16, 237, 594, 777, 800, 438, 259, 555, 32, 681, 492, 515, 224, 598, 949, 844, 595, 529, 50, 90, 775, 20, 616, 785, 313, 298, 39, 278, 928, 175, 758, 251, 19, 814, 717, 334, 316, 506, 453, 173, 151, 121, 485, 203, 14, 856, 641, 651, 817, 728, 260, 688, 188, 342, 597, 945, 590, 700, 201, 361, 801, 630, 7, 790, 137, 109, 498, 297, 617, 419, 966, 61, 934, 631, 2, 328, 818, 439, 980, 560, 42, 470, 731, 877, 828, 678, 184, 770, 209, 958, 859, 318, 950, 365, 496, 408, 225, 481, 719, 872, 311, 230, 322, 388, 736, 244, 850, 413, 721, 932, 267, 881, 754, 5, 497, 383, 100, 371, 516, 135, 475, 176, 815, 799, 924, 377, 791, 519, 684, 878, 541, 219, 649, 648, 718, 640, 385, 207, 635, 567, 704, 447, 360, 900, 300, 971, 77, 43, 902, 379, 119, 54, 701, 159, 880, 445, 464, 589, 410, 926, 486, 115, 908, 400, 155, 428, 819, 990, 570, 327, 588, 549, 802, 113, 833, 939, 737, 596, 430, 215, 450, 988, 332, 774, 625, 876, 441, 331, 172, 449, 310, 711, 788, 834, 319, 81, 960, 913, 765, 543, 108, 277, 627, 578, 359, 33, 88, 463, 330, 922, 508, 572, 606, 185, 403, 846, 803, 883, 12, 813, 171, 816, 545, 735, 941, 187, 461, 273, 901, 367, 954, 993, 272, 827, 358, 522, 779, 214, 673, 957, 783, 264, 474, 11, 444, 46, 258, 724, 809, 559, 9, 715, 344, 683, 487, 357, 723, 394, 532, 299, 538, 292, 952, 514, 386, 548, 26, 697, 520, 15, 426, 454, 265, 923, 252, 254, 879, 951, 414, 677, 892, 624, 534, 136, 85, 615, 967, 372, 842, 623, 169, 448, 898, 206, 382, 981, 381, 346, 764, 235, 281, 921, 478, 587, 943, 34, 696, 762, 226, 149, 821, 391, 855, 680, 935, 111, 840, 566, 337, 376, 83, 811, 992, 539, 656, 720, 129, 795, 586, 792, 533, 585, 776, 262, 989, 23, 982, 62, 404, 778, 399, 69, 712, 194, 768, 306, 518, 766, 593, 427, 72, 885, 47, 974, 868, 825, 21, 608, 196, 524, 202, 57, 614, 255, 864, 634, 757, 190, 679, 320, 409, 275, 52, 937, 751, 710, 628, 709, 402, 691, 769, 893, 40, 192, 229, 632, 324, 250, 387, 862, 729, 644, 484, 392, 708, 488, 571, 749, 780, 205, 703, 755, 741, 280, 152, 248, 422, 659, 871, 829, 76, 312, 510, 49, 854, 94, 734, 658, 368, 671, 431, 743, 556, 619, 527, 582, 540, 390, 531, 350, 411, 965, 99, 389, 270, 602, 242, 526, 665, 58, 793, 838, 102, 286, 362, 423, 973, 222, 707, 853, 304, 177, 37, 784, 546, 972, 963, 667, 161, 301, 976, 504, 998, 124, 897, 674, 584, 911, 927, 233, 106, 347, 78, 68, 599, 693, 936, 1000, 133, 716, 181, 370, 574, 808, 352, 812, 147, 739, 451, 158, 592, 796, 494, 896, 997, 662, 180, 830, 266, 702, 942, 296, 420, 959, 495, 916, 384, 182, 964, 521, 633, 348, 435, 416, 355, 143, 459, 317, 97, 745, 366, 443, 542, 773, 759, 74, 417, 550, 253, 433, 157, 536, 335, 565, 645, 393, 860, 227, 166, 689, 67, 654, 962, 341, 70, 156, 468, 36, 211, 460, 483, 476, 804, 805, 705, 295, 60, 607, 918, 363, 457, 35, 643, 968, 333, 887, 380, 288, 847, 857, 882, 591, 576, 287, 826, 398, 727, 561, 858, 505, 139, 551, 835, 25, 29, 699, 174, 517, 307, 41, 116, 418, 195, 89, 261, 303, 103, 848, 969, 354, 10, 639, 905, 646, 756, 51, 687, 953, 930, 666, 373, 914, 1, 798, 204, 530, 867, 869, 753, 63, 870, 925, 64, 285, 321, 466, 575, 621, 865, 642, 499, 122, 690, 325, 991, 513, 65, 86, 890, 977, 748, 511, 31, 199, 291, 24, 179, 938, 127, 163, 480, 462, 919, 568, 909, 308, 429, 56, 353, 861, 191, 946, 91, 38, 477, 375, 732, 722, 489, 845, 558, 73, 573, 752, 525, 274, 412, 107, 293, 263, 839, 933, 294, 126, 553, 165, 241, 740, 138, 406, 747, 145, 440, 326, 144, 956, 469, 374, 613, 425, 167, 92, 985, 912, 947, 888, 929, 626, 436, 131, 523, 232, 638, 283, 168, 401, 863, 692, 458, 351, 502, 482, 456, 437, 622, 369, 996, 528, 652, 148, 338, 983, 637, 618, 915, 562, 256, 655, 610, 200, 686, 140, 356, 45, 650, 931, 746, 999, 920]}