{"num_steps": 2500, "num_stays": 8, "time": 0.1762888169978396, "iter": 2500, "locally": false, "temperature": 2, "cooling": 0.38339414200081295, "distance": 267963, "path": [24, 178, 280, 54, 441, 251, 473, 371, 22, 41, 238, 243, 157, 406, 466, 330, 432, 369, 52, 42, 35, 492, 515, 507, 472, 528, 319, 283, 351, 423, 493, 501, 456, 407, 277, 362, 426, 453, 414, 11, 32, 344, 496, 370, 340, 400, 201, 134, 154, 332, 334, 166, 265, 298, 445, 437, 227, 92, 176, 45, 93, 307, 233, 312, 151, 64, 281, 489, 240, 372, 197, 104, 108, 388, 339, 316, 329, 510, 522, 352, 261, 348, 461, 297, 130, 193, 284, 249, 101, 343, 299, 430, 451, 447, 418, 346, 186, 97, 143, 68, 116, 268, 285, 220, 278, 396, 152, 250, 417, 481, 477, 428, 375, 508, 290, 465, 244, 317, 468, 324, 305, 117, 256, 274, 355, 190, 379, 387, 210, 264, 259, 60, 49, 102, 383, 464, 385, 498, 260, 391, 494, 389, 377, 88, 402, 216, 81, 47, 148, 94, 126, 82, 150, 401, 487, 356, 449, 467, 469, 140, 107, 231, 315, 296, 211, 225, 96, 79, 84, 121, 127, 139, 62, 337, 360, 415, 287, 237, 53, 36, 30, 514, 509, 475, 270, 141, 175, 221, 83, 189, 7, 28, 90, 214, 162, 109, 75, 120, 98, 326, 8, 4, 18, 431, 395, 495, 448, 404, 519, 503, 530, 345, 301, 294, 258, 257, 398, 532, 410, 381, 523, 524, 531, 462, 380, 439, 502, 411, 500, 482, 273, 125, 177, 209, 160, 132, 118, 129, 50, 222, 192, 173, 56, 226, 123, 142, 146, 156, 73, 170, 33, 20, 105, 168, 71, 1, 2, 12, 111, 181, 474, 499, 393, 322, 308, 392, 359, 433, 248, 241, 306, 219, 21, 14, 300, 420, 425, 397, 444, 484, 347, 378, 488, 497, 349, 313, 311, 483, 486, 470, 416, 434, 427, 228, 182, 187, 364, 252, 276, 323, 272, 19, 286, 292, 303, 224, 366, 169, 55, 51, 66, 9, 10, 413, 373, 408, 310, 29, 288, 138, 23, 15, 242, 429, 207, 174, 91, 144, 34, 37, 368, 438, 463, 293, 235, 131, 114, 471, 459, 229, 354, 386, 511, 363, 195, 204, 357, 376, 25, 16, 110, 135, 159, 103, 335, 318, 374, 321, 361, 202, 517, 518, 442, 382, 480, 421, 446, 58, 115, 46, 100, 267, 304, 106, 200, 67, 183, 440, 199, 390, 266, 205, 246, 269, 198, 69, 529, 516, 476, 525, 526, 95, 234, 188, 180, 149, 203, 164, 230, 289, 338, 158, 48, 40, 325, 275, 271, 328, 353, 422, 341, 223, 99, 85, 112, 63, 333, 342, 253, 206, 89, 39, 70, 119, 3, 38, 113, 295, 161, 215, 262, 450, 245, 184, 136, 232, 128, 72, 191, 485, 457, 521, 478, 412, 394, 365, 122, 279, 419, 309, 208, 491, 443, 520, 302, 239, 331, 217, 61, 165, 147, 336, 506, 320, 454, 435, 460, 436, 74, 26, 87, 65, 185, 218, 399, 409, 172, 327, 86, 27, 43, 44, 13, 247, 77, 78, 254, 384, 455, 291, 263, 31, 57, 137, 479, 527, 512, 513, 367, 163, 59, 5, 133, 458, 350, 282, 212, 17, 196, 403, 490, 171, 194, 213, 504, 505, 124, 167, 405, 424, 358, 255, 6, 179, 314, 452, 76, 80, 145, 155, 236, 153]}