{"num_steps": 2000, "num_stays": 2, "time": 0.1415537079956266, "iter": 2000, "locally": false, "temperature": 2, "cooling": 0.3946380808164572, "distance": 282908, "path": [24, 216, 280, 54, 441, 251, 473, 371, 22, 41, 238, 243, 157, 485, 466, 330, 440, 523, 52, 42, 35, 492, 515, 507, 472, 528, 319, 283, 351, 423, 493, 395, 350, 407, 277, 445, 426, 453, 414, 11, 32, 344, 496, 456, 391, 400, 68, 134, 316, 343, 334, 166, 265, 298, 362, 437, 227, 92, 176, 77, 93, 307, 233, 312, 151, 6, 281, 356, 240, 372, 197, 104, 108, 388, 339, 454, 329, 510, 522, 352, 261, 495, 461, 297, 113, 193, 284, 188, 101, 332, 299, 430, 451, 447, 418, 346, 186, 97, 143, 201, 318, 268, 285, 220, 278, 396, 152, 250, 417, 481, 477, 484, 375, 508, 290, 465, 244, 317, 468, 324, 305, 117, 256, 274, 355, 124, 379, 387, 210, 264, 259, 60, 49, 102, 383, 464, 385, 498, 45, 340, 494, 389, 377, 88, 402, 178, 81, 47, 148, 94, 126, 82, 367, 401, 487, 336, 449, 467, 469, 140, 107, 231, 315, 296, 211, 225, 96, 79, 175, 121, 165, 128, 62, 337, 360, 415, 287, 237, 53, 36, 30, 514, 509, 291, 325, 142, 84, 221, 83, 189, 7, 28, 90, 214, 162, 109, 75, 120, 98, 254, 196, 4, 163, 431, 501, 416, 448, 404, 519, 503, 530, 345, 301, 294, 258, 257, 398, 532, 410, 381, 369, 524, 531, 462, 380, 439, 403, 411, 500, 482, 273, 125, 177, 209, 160, 132, 118, 129, 50, 222, 192, 173, 56, 226, 123, 141, 146, 156, 174, 40, 10, 20, 105, 168, 295, 1, 2, 12, 111, 181, 474, 499, 393, 322, 308, 392, 359, 433, 248, 241, 306, 219, 21, 14, 323, 420, 425, 397, 444, 428, 347, 378, 488, 497, 349, 313, 311, 483, 486, 470, 242, 434, 427, 228, 182, 187, 364, 252, 276, 300, 272, 19, 286, 292, 303, 224, 366, 169, 55, 51, 66, 9, 33, 413, 373, 408, 310, 29, 288, 138, 23, 15, 348, 450, 207, 73, 91, 144, 34, 37, 368, 438, 463, 293, 235, 131, 114, 171, 459, 229, 354, 386, 511, 122, 361, 204, 357, 376, 25, 16, 206, 135, 159, 103, 335, 116, 374, 321, 195, 202, 517, 518, 442, 382, 480, 421, 446, 58, 115, 46, 100, 267, 304, 106, 200, 67, 183, 432, 199, 390, 266, 205, 246, 269, 198, 69, 529, 516, 476, 525, 526, 95, 234, 249, 180, 149, 203, 71, 230, 289, 338, 158, 48, 170, 270, 275, 271, 328, 353, 422, 341, 223, 99, 63, 112, 85, 333, 342, 253, 110, 89, 39, 70, 119, 3, 38, 130, 164, 161, 215, 262, 429, 245, 184, 136, 232, 139, 263, 191, 406, 457, 521, 478, 412, 394, 365, 363, 384, 419, 309, 208, 491, 443, 520, 302, 239, 331, 217, 61, 127, 147, 502, 506, 320, 154, 435, 460, 436, 64, 26, 87, 65, 185, 218, 399, 409, 172, 327, 86, 27, 43, 44, 13, 247, 260, 78, 326, 279, 455, 475, 72, 31, 57, 137, 479, 527, 512, 513, 150, 153, 59, 5, 133, 458, 370, 282, 212, 17, 8, 489, 490, 471, 194, 213, 504, 505, 190, 167, 405, 424, 358, 255, 74, 179, 314, 452, 76, 80, 145, 155, 236, 18]}