{"num_steps": 12500, "num_stays": 111, "time": 0.8626910649982165, "iter": 12500, "locally": false, "temperature": 2, "cooling": 0.31801073142728103, "distance": 183269, "path": [10, 12, 21, 67, 228, 340, 299, 213, 171, 117, 238, 331, 421, 464, 485, 446, 378, 369, 111, 161, 441, 516, 515, 507, 530, 528, 505, 474, 437, 468, 531, 501, 461, 261, 319, 362, 436, 453, 439, 291, 32, 72, 295, 332, 308, 273, 120, 109, 245, 270, 227, 234, 265, 366, 351, 445, 433, 427, 255, 23, 8, 20, 150, 141, 97, 105, 326, 165, 152, 174, 74, 132, 269, 241, 218, 384, 481, 510, 522, 504, 430, 391, 410, 267, 271, 144, 151, 312, 282, 357, 387, 429, 451, 434, 298, 83, 22, 93, 79, 68, 116, 172, 251, 220, 278, 400, 379, 352, 316, 447, 477, 455, 472, 452, 465, 290, 244, 128, 266, 350, 347, 240, 256, 330, 355, 398, 324, 272, 210, 264, 143, 155, 70, 159, 301, 503, 506, 532, 448, 388, 423, 329, 370, 305, 263, 149, 81, 125, 90, 59, 44, 47, 367, 486, 487, 471, 450, 467, 469, 322, 224, 215, 209, 214, 323, 307, 115, 66, 75, 122, 95, 139, 208, 339, 364, 438, 403, 94, 53, 25, 30, 212, 281, 204, 257, 275, 230, 106, 31, 19, 7, 28, 104, 242, 315, 156, 73, 184, 98, 320, 84, 133, 45, 33, 493, 495, 498, 456, 519, 511, 508, 513, 389, 360, 166, 179, 277, 334, 431, 407, 523, 529, 502, 462, 375, 372, 385, 411, 500, 454, 344, 162, 135, 140, 134, 86, 118, 129, 50, 222, 192, 69, 121, 101, 76, 103, 58, 205, 200, 189, 54, 60, 87, 77, 40, 1, 2, 13, 14, 4, 16, 42, 107, 226, 484, 417, 419, 404, 405, 414, 306, 287, 191, 185, 338, 420, 426, 397, 444, 380, 250, 432, 361, 354, 442, 490, 494, 483, 492, 470, 368, 381, 207, 123, 194, 198, 254, 300, 304, 211, 138, 203, 225, 292, 303, 258, 193, 169, 64, 38, 26, 9, 24, 346, 373, 408, 310, 180, 57, 51, 18, 15, 153, 425, 409, 413, 160, 102, 186, 216, 252, 424, 463, 293, 235, 188, 170, 248, 232, 61, 497, 406, 520, 524, 202, 246, 328, 376, 190, 119, 110, 91, 182, 229, 335, 318, 374, 491, 488, 475, 517, 526, 509, 383, 401, 393, 142, 127, 46, 48, 100, 130, 276, 221, 236, 288, 418, 428, 356, 311, 217, 199, 201, 183, 317, 353, 386, 473, 476, 525, 518, 187, 175, 52, 114, 82, 148, 113, 108, 164, 196, 163, 34, 36, 35, 96, 88, 62, 173, 422, 341, 137, 99, 85, 112, 126, 283, 289, 253, 124, 89, 78, 71, 55, 3, 5, 37, 177, 294, 286, 296, 321, 313, 249, 195, 131, 41, 56, 377, 466, 457, 499, 478, 412, 394, 371, 345, 343, 359, 396, 521, 480, 443, 363, 302, 239, 314, 285, 336, 157, 274, 489, 390, 337, 449, 435, 460, 416, 237, 145, 197, 247, 297, 342, 399, 325, 146, 92, 284, 27, 43, 29, 39, 49, 168, 348, 402, 392, 382, 333, 233, 206, 181, 279, 479, 527, 512, 514, 327, 395, 309, 231, 178, 158, 147, 154, 219, 260, 262, 365, 349, 223, 440, 496, 459, 482, 458, 259, 280, 415, 358, 11, 6, 268, 243, 136, 80, 63, 65, 167, 176, 17]}