{"num_steps": 750, "num_stays": 7, "time": 0.05342957499669865, "iter": 750, "locally": false, "temperature": 2, "cooling": 0.45298496773170366, "distance": 345478, "path": [24, 271, 431, 439, 441, 251, 473, 278, 22, 91, 238, 243, 157, 245, 466, 330, 389, 286, 328, 42, 35, 139, 515, 401, 514, 528, 224, 435, 440, 423, 493, 190, 111, 407, 277, 445, 287, 453, 461, 11, 32, 234, 496, 456, 291, 400, 68, 134, 101, 485, 334, 166, 133, 298, 269, 437, 227, 454, 193, 150, 5, 307, 233, 321, 482, 388, 294, 343, 361, 372, 87, 43, 155, 6, 380, 480, 329, 510, 352, 367, 67, 500, 460, 297, 41, 312, 284, 188, 125, 120, 299, 430, 451, 432, 375, 346, 186, 97, 143, 201, 318, 160, 285, 220, 371, 256, 152, 92, 467, 481, 373, 310, 418, 508, 290, 465, 521, 522, 463, 324, 226, 136, 396, 274, 88, 151, 379, 387, 210, 230, 259, 180, 49, 102, 383, 464, 385, 403, 19, 340, 494, 356, 377, 362, 402, 363, 81, 47, 148, 94, 126, 82, 317, 518, 497, 336, 449, 417, 258, 140, 107, 114, 315, 296, 216, 225, 96, 200, 181, 121, 165, 14, 62, 327, 360, 415, 426, 237, 53, 37, 30, 472, 509, 414, 325, 471, 84, 221, 83, 219, 7, 28, 90, 214, 74, 50, 75, 172, 98, 254, 196, 376, 163, 280, 501, 416, 448, 404, 511, 503, 530, 495, 63, 281, 469, 257, 462, 532, 410, 158, 369, 524, 531, 398, 293, 427, 116, 411, 242, 124, 208, 316, 261, 209, 89, 132, 118, 129, 175, 222, 192, 173, 123, 69, 76, 39, 112, 52, 174, 113, 10, 20, 17, 248, 295, 1, 2, 106, 350, 366, 408, 406, 12, 322, 308, 392, 359, 176, 168, 273, 207, 189, 146, 268, 323, 420, 425, 397, 444, 331, 347, 378, 488, 487, 349, 313, 311, 483, 486, 374, 489, 434, 54, 228, 182, 187, 332, 252, 276, 300, 272, 45, 523, 292, 342, 212, 109, 73, 55, 51, 85, 9, 33, 492, 477, 447, 223, 29, 288, 66, 23, 15, 348, 450, 306, 169, 484, 144, 34, 36, 64, 438, 468, 478, 235, 131, 231, 304, 459, 520, 516, 386, 48, 249, 326, 384, 357, 138, 25, 185, 206, 135, 159, 103, 335, 498, 470, 305, 232, 202, 457, 507, 442, 382, 301, 421, 446, 58, 115, 46, 100, 395, 171, 393, 80, 177, 161, 195, 199, 390, 353, 183, 215, 355, 198, 128, 529, 354, 476, 339, 526, 61, 95, 194, 303, 149, 203, 71, 433, 289, 338, 381, 86, 170, 270, 275, 211, 241, 502, 422, 341, 40, 99, 250, 21, 79, 333, 60, 253, 110, 264, 141, 70, 119, 3, 18, 260, 164, 205, 319, 262, 429, 351, 184, 117, 499, 413, 263, 191, 519, 517, 244, 525, 412, 240, 365, 178, 267, 419, 309, 137, 491, 443, 229, 302, 239, 428, 364, 344, 127, 147, 266, 506, 320, 154, 283, 391, 436, 368, 26, 197, 65, 16, 218, 399, 409, 217, 337, 474, 27, 77, 44, 13, 247, 130, 104, 345, 279, 455, 475, 72, 31, 57, 156, 479, 527, 512, 513, 78, 153, 59, 93, 265, 458, 370, 282, 246, 105, 8, 394, 490, 142, 122, 213, 504, 505, 204, 167, 405, 424, 358, 255, 162, 179, 56, 452, 314, 4, 145, 108, 236, 38]}