{"num_steps": 1250, "num_stays": 4, "time": 0.08881311399454717, "iter": 1250, "locally": false, "temperature": 2, "cooling": 0.42061002871312153, "distance": 318836, "path": [24, 216, 280, 427, 441, 251, 473, 278, 22, 41, 238, 243, 157, 356, 466, 330, 245, 286, 52, 42, 35, 139, 515, 401, 472, 528, 224, 435, 351, 423, 493, 190, 350, 407, 277, 445, 426, 453, 414, 11, 32, 344, 496, 456, 460, 400, 68, 134, 101, 343, 334, 166, 133, 298, 269, 437, 227, 454, 193, 150, 93, 307, 233, 312, 151, 6, 281, 485, 361, 372, 87, 77, 108, 388, 478, 480, 329, 510, 367, 352, 67, 326, 461, 297, 113, 321, 284, 188, 125, 364, 299, 430, 451, 232, 375, 346, 186, 97, 143, 201, 318, 160, 285, 220, 371, 396, 152, 250, 417, 481, 373, 310, 418, 508, 290, 465, 244, 522, 468, 324, 226, 136, 256, 274, 355, 482, 379, 387, 210, 264, 259, 180, 49, 102, 383, 464, 385, 403, 45, 340, 494, 389, 377, 88, 402, 178, 81, 47, 148, 94, 126, 82, 317, 518, 497, 336, 449, 467, 258, 140, 107, 231, 315, 296, 211, 225, 96, 200, 181, 121, 165, 268, 62, 327, 360, 415, 287, 237, 53, 36, 30, 514, 509, 291, 325, 471, 84, 221, 83, 219, 7, 28, 90, 214, 74, 50, 75, 172, 98, 254, 196, 376, 163, 431, 501, 416, 448, 404, 511, 503, 530, 495, 63, 294, 469, 257, 462, 532, 410, 158, 369, 524, 531, 398, 380, 439, 116, 411, 500, 124, 156, 316, 261, 209, 176, 132, 118, 129, 175, 222, 192, 173, 123, 69, 76, 39, 146, 241, 174, 40, 10, 20, 105, 168, 295, 1, 2, 12, 111, 366, 48, 406, 393, 322, 308, 392, 359, 433, 248, 273, 306, 189, 21, 14, 323, 420, 425, 397, 444, 428, 347, 378, 488, 487, 349, 313, 311, 483, 486, 470, 489, 434, 54, 228, 182, 187, 332, 252, 276, 300, 272, 19, 523, 292, 342, 246, 109, 73, 55, 51, 66, 9, 33, 492, 477, 447, 223, 29, 288, 4, 23, 15, 348, 450, 207, 169, 91, 144, 34, 37, 368, 438, 463, 293, 235, 131, 114, 171, 459, 520, 354, 386, 499, 194, 394, 384, 357, 138, 25, 185, 206, 135, 159, 103, 335, 498, 374, 305, 195, 202, 517, 507, 442, 382, 301, 421, 446, 58, 115, 46, 100, 267, 304, 106, 80, 177, 183, 432, 199, 390, 353, 205, 319, 362, 198, 128, 529, 516, 476, 339, 526, 61, 95, 249, 303, 149, 203, 71, 230, 289, 338, 381, 86, 170, 270, 275, 271, 328, 502, 422, 341, 484, 99, 92, 112, 79, 333, 60, 253, 110, 89, 141, 70, 119, 3, 38, 260, 164, 161, 215, 262, 429, 440, 184, 117, 408, 413, 263, 191, 519, 457, 521, 525, 412, 240, 365, 363, 204, 419, 309, 137, 491, 443, 229, 302, 239, 331, 120, 234, 127, 147, 266, 506, 320, 154, 283, 391, 436, 64, 26, 197, 65, 16, 218, 399, 409, 217, 337, 474, 27, 43, 44, 13, 247, 130, 78, 345, 279, 455, 475, 72, 31, 57, 208, 479, 527, 512, 513, 104, 153, 59, 5, 265, 458, 370, 282, 212, 17, 8, 242, 490, 142, 122, 213, 504, 505, 395, 167, 405, 424, 358, 255, 162, 179, 56, 452, 314, 85, 145, 155, 236, 18]}