{"num_steps": 500, "num_stays": 1, "time": 0.03571814199676737, "iter": 500, "locally": false, "temperature": 2, "cooling": 0.4824236873665897, "distance": 368958, "path": [63, 271, 431, 439, 342, 251, 473, 278, 48, 91, 238, 243, 157, 245, 466, 330, 389, 286, 328, 42, 35, 153, 515, 401, 514, 528, 224, 435, 440, 423, 493, 190, 111, 66, 445, 277, 287, 453, 461, 11, 32, 234, 496, 456, 489, 437, 68, 134, 101, 485, 334, 166, 133, 141, 269, 400, 420, 454, 193, 305, 5, 307, 125, 321, 482, 388, 294, 343, 361, 372, 87, 43, 155, 6, 380, 480, 329, 510, 352, 367, 67, 500, 460, 386, 41, 312, 284, 188, 233, 120, 299, 430, 451, 432, 375, 346, 186, 97, 143, 405, 318, 160, 285, 220, 371, 256, 152, 92, 467, 481, 373, 310, 418, 508, 290, 465, 521, 522, 463, 12, 226, 136, 396, 274, 88, 151, 379, 387, 210, 250, 259, 180, 169, 102, 383, 464, 163, 403, 19, 340, 494, 356, 377, 362, 402, 363, 81, 47, 148, 94, 448, 82, 317, 518, 497, 336, 449, 417, 258, 140, 107, 114, 315, 296, 216, 225, 96, 123, 181, 121, 165, 14, 62, 327, 360, 415, 426, 237, 53, 99, 30, 472, 370, 414, 325, 471, 84, 221, 83, 219, 7, 28, 90, 214, 74, 50, 519, 172, 98, 254, 196, 376, 265, 280, 501, 416, 126, 301, 347, 503, 530, 495, 24, 281, 469, 257, 462, 532, 410, 158, 369, 524, 531, 398, 293, 427, 116, 411, 242, 124, 208, 316, 156, 209, 89, 132, 118, 129, 175, 222, 192, 173, 198, 69, 76, 39, 112, 52, 174, 113, 10, 20, 17, 248, 295, 1, 2, 106, 350, 366, 408, 406, 324, 351, 308, 392, 359, 164, 168, 273, 207, 189, 146, 268, 468, 227, 425, 397, 444, 331, 511, 378, 488, 452, 349, 313, 311, 483, 229, 374, 291, 442, 54, 228, 182, 187, 332, 252, 276, 300, 272, 45, 523, 292, 441, 212, 109, 73, 55, 51, 85, 9, 33, 492, 477, 447, 223, 29, 288, 407, 23, 15, 348, 450, 306, 49, 484, 144, 34, 36, 64, 438, 323, 478, 235, 131, 46, 304, 459, 520, 516, 297, 22, 249, 326, 384, 104, 138, 25, 185, 206, 135, 159, 103, 335, 498, 470, 150, 232, 202, 457, 507, 434, 382, 404, 341, 446, 58, 115, 231, 100, 395, 171, 393, 80, 177, 345, 195, 199, 390, 353, 183, 215, 355, 200, 128, 529, 354, 476, 339, 526, 61, 95, 194, 303, 149, 203, 71, 433, 474, 338, 381, 86, 170, 270, 275, 211, 241, 147, 422, 421, 40, 37, 230, 21, 79, 333, 60, 201, 110, 264, 204, 70, 119, 3, 18, 263, 176, 205, 319, 262, 429, 322, 184, 117, 499, 413, 260, 191, 75, 517, 244, 525, 412, 240, 365, 178, 267, 419, 309, 137, 491, 443, 486, 302, 239, 357, 364, 344, 127, 502, 266, 506, 320, 154, 283, 391, 436, 368, 26, 197, 65, 16, 218, 399, 409, 217, 337, 289, 27, 77, 44, 13, 247, 130, 428, 213, 279, 455, 475, 72, 31, 57, 261, 479, 527, 512, 513, 78, 139, 59, 93, 385, 458, 509, 56, 246, 105, 8, 394, 490, 142, 122, 161, 504, 505, 298, 167, 253, 424, 358, 255, 162, 179, 282, 487, 314, 4, 145, 108, 236, 38]}