{"num_steps": 750, "num_stays": 0, "time": 94.04514492000453, "iter": 750, "locally": true, "temperature": 0.45298496773170366, "cooling": 1, "distance": 64323, "path": [2, 1, 3, 4, 5, 6, 7, 8, 9, 11, 12, 10, 13, 14, 18, 17, 15, 16, 19, 21, 27, 22, 20, 23, 25, 29, 24, 30, 26, 28, 33, 32, 34, 35, 37, 36, 38, 31, 39, 49, 63, 54, 48, 43, 44, 46, 42, 45, 47, 51, 52, 53, 59, 57, 55, 90, 81, 65, 40, 41, 61, 62, 50, 56, 73, 86, 150, 151, 85, 74, 71, 82, 93, 79, 68, 70, 75, 78, 80, 72, 66, 60, 64, 58, 67, 101, 88, 95, 121, 122, 91, 104, 100, 94, 87, 83, 96, 106, 97, 77, 84, 102, 118, 129, 107, 89, 105, 111, 99, 112, 126, 113, 108, 114, 115, 156, 147, 159, 146, 92, 76, 103, 134, 135, 110, 119, 109, 120, 123, 136, 131, 152, 137, 127, 128, 142, 184, 98, 69, 116, 141, 140, 124, 132, 145, 130, 144, 164, 163, 155, 189, 180, 178, 153, 149, 158, 138, 125, 148, 133, 143, 160, 161, 168, 176, 179, 166, 177, 183, 182, 228, 227, 208, 187, 188, 194, 204, 234, 212, 174, 181, 175, 170, 154, 162, 167, 169, 186, 185, 203, 191, 210, 231, 255, 237, 196, 197, 206, 193, 198, 190, 200, 201, 226, 207, 205, 209, 224, 265, 261, 241, 215, 214, 233, 219, 218, 221, 216, 211, 195, 202, 235, 213, 223, 232, 249, 248, 245, 250, 230, 225, 252, 269, 259, 242, 236, 251, 238, 290, 192, 222, 240, 256, 244, 243, 117, 139, 173, 171, 172, 165, 229, 157, 199, 217, 220, 239, 274, 268, 258, 257, 246, 254, 292, 299, 313, 308, 304, 291, 280, 264, 272, 263, 262, 253, 247, 275, 277, 282, 273, 270, 279, 281, 296, 286, 283, 298, 297, 288, 276, 287, 271, 260, 267, 289, 309, 322, 315, 328, 324, 340, 344, 334, 323, 333, 307, 306, 310, 342, 325, 346, 338, 352, 348, 339, 321, 305, 319, 312, 300, 294, 303, 316, 318, 332, 326, 284, 295, 329, 335, 343, 349, 320, 301, 266, 330, 337, 311, 302, 331, 341, 353, 361, 390, 383, 354, 347, 317, 314, 278, 285, 336, 293, 327, 360, 355, 345, 365, 370, 389, 406, 386, 363, 378, 401, 398, 393, 394, 396, 384, 371, 375, 372, 385, 411, 441, 412, 428, 382, 373, 368, 362, 351, 357, 366, 376, 392, 410, 419, 430, 437, 435, 407, 379, 367, 359, 364, 388, 391, 402, 417, 424, 405, 404, 381, 358, 387, 408, 414, 415, 416, 413, 409, 399, 403, 397, 380, 374, 377, 369, 356, 350, 395, 400, 427, 439, 453, 460, 444, 426, 423, 420, 438, 451, 448, 434, 429, 425, 436, 463, 477, 481, 467, 461, 470, 469, 468, 447, 445, 433, 418, 431, 456, 442, 450, 455, 458, 459, 462, 454, 440, 449, 457, 464, 465, 466, 474, 490, 498, 501, 519, 476, 475, 473, 472, 452, 446, 421, 422, 443, 432, 478, 482, 486, 483, 471, 479, 488, 489, 485, 480, 491, 505, 495, 494, 484, 493, 496, 492, 502, 500, 504, 522, 509, 487, 499, 497, 506, 507, 515, 523, 513, 516, 512, 508, 503, 511, 517, 520, 518, 521, 524, 525, 527, 530, 529, 528, 514, 510, 526, 532, 531]}