{"num_steps": 250, "num_stays": 0, "time": 31.910746458001086, "iter": 250, "locally": true, "temperature": 0.5425514917581086, "cooling": 1, "distance": 90488, "path": [1, 2, 3, 4, 5, 6, 7, 8, 9, 10, 11, 12, 13, 14, 15, 18, 17, 16, 19, 27, 21, 22, 23, 24, 25, 29, 20, 28, 26, 30, 37, 32, 33, 34, 35, 36, 31, 38, 39, 66, 60, 49, 43, 44, 45, 46, 47, 48, 42, 59, 51, 52, 53, 57, 55, 90, 54, 65, 64, 41, 61, 62, 50, 56, 58, 70, 67, 98, 69, 40, 71, 100, 104, 74, 75, 86, 73, 78, 79, 85, 81, 82, 83, 84, 80, 76, 95, 88, 121, 122, 91, 63, 93, 94, 87, 96, 97, 72, 99, 68, 77, 102, 119, 135, 105, 111, 107, 89, 118, 110, 106, 112, 113, 114, 115, 176, 136, 146, 152, 116, 101, 92, 134, 124, 125, 126, 109, 123, 120, 103, 131, 159, 165, 128, 127, 142, 173, 157, 139, 140, 141, 129, 143, 132, 145, 144, 133, 148, 155, 150, 151, 203, 153, 180, 149, 158, 138, 108, 130, 160, 161, 169, 163, 164, 168, 166, 167, 156, 162, 182, 171, 172, 137, 187, 175, 147, 177, 190, 179, 154, 181, 170, 183, 174, 212, 226, 186, 185, 189, 178, 191, 210, 231, 237, 264, 196, 197, 206, 246, 200, 201, 194, 188, 204, 205, 198, 207, 224, 209, 193, 215, 261, 241, 214, 211, 216, 221, 218, 219, 220, 217, 199, 117, 202, 223, 208, 227, 228, 249, 230, 225, 262, 252, 242, 259, 236, 184, 238, 239, 244, 222, 240, 243, 251, 229, 213, 195, 248, 245, 250, 234, 233, 247, 254, 192, 256, 278, 285, 235, 260, 271, 267, 283, 292, 308, 318, 299, 321, 291, 280, 255, 272, 263, 289, 275, 296, 277, 257, 273, 270, 281, 284, 279, 282, 258, 286, 287, 288, 306, 276, 269, 253, 300, 294, 265, 309, 297, 298, 232, 268, 326, 345, 303, 323, 333, 304, 307, 325, 342, 310, 346, 351, 352, 348, 313, 316, 305, 312, 319, 328, 315, 322, 339, 324, 295, 335, 329, 320, 301, 349, 343, 332, 344, 334, 327, 336, 337, 302, 290, 331, 341, 353, 369, 350, 356, 354, 347, 314, 317, 311, 330, 274, 293, 266, 360, 355, 340, 367, 359, 383, 361, 378, 363, 386, 401, 384, 400, 380, 374, 370, 371, 375, 372, 385, 411, 398, 389, 365, 379, 368, 373, 362, 338, 366, 357, 364, 392, 410, 419, 437, 445, 431, 393, 394, 395, 381, 391, 376, 382, 424, 417, 402, 388, 404, 405, 358, 387, 408, 414, 403, 397, 399, 413, 409, 415, 416, 463, 442, 377, 390, 421, 422, 412, 396, 427, 426, 453, 460, 429, 430, 407, 418, 433, 434, 448, 451, 444, 438, 439, 490, 501, 498, 481, 456, 477, 461, 447, 435, 420, 425, 436, 423, 428, 440, 455, 462, 454, 458, 459, 450, 474, 449, 478, 464, 465, 466, 467, 468, 469, 470, 471, 472, 473, 476, 475, 446, 406, 452, 457, 443, 432, 441, 483, 484, 496, 486, 487, 488, 489, 485, 480, 492, 493, 494, 495, 519, 505, 491, 504, 500, 482, 502, 522, 509, 497, 506, 507, 479, 499, 510, 514, 512, 513, 516, 515, 511, 517, 503, 508, 520, 521, 518, 523, 524, 525, 530, 527, 529, 528, 526, 531, 532]}