{"num_steps": 100, "num_stays": 0, "time": 12.803945601001033, "iter": 100, "locally": true, "temperature": 0.6486524615632605, "cooling": 1, "distance": 126258, "path": [1, 2, 3, 4, 5, 6, 7, 8, 9, 10, 11, 12, 13, 14, 15, 16, 17, 18, 19, 20, 21, 22, 23, 24, 25, 26, 27, 28, 29, 30, 31, 32, 33, 34, 35, 36, 37, 38, 39, 40, 60, 42, 43, 44, 45, 46, 47, 48, 49, 63, 51, 52, 53, 54, 55, 90, 57, 58, 92, 41, 61, 62, 50, 64, 65, 66, 67, 98, 69, 70, 71, 72, 104, 74, 75, 76, 101, 78, 79, 85, 81, 82, 83, 84, 80, 86, 95, 88, 142, 56, 91, 59, 93, 94, 87, 96, 97, 68, 99, 100, 77, 102, 103, 73, 105, 106, 107, 156, 109, 110, 111, 112, 113, 114, 115, 116, 223, 118, 119, 120, 121, 122, 123, 124, 125, 126, 127, 128, 165, 159, 131, 132, 133, 134, 135, 136, 137, 157, 139, 140, 141, 89, 143, 144, 145, 146, 147, 148, 149, 150, 151, 203, 153, 180, 155, 108, 138, 158, 130, 160, 161, 162, 163, 164, 129, 166, 167, 168, 169, 170, 171, 172, 173, 184, 175, 176, 177, 190, 179, 154, 181, 182, 183, 174, 185, 186, 187, 188, 189, 178, 191, 255, 193, 194, 195, 196, 197, 206, 241, 200, 201, 202, 152, 204, 205, 198, 207, 224, 209, 210, 211, 261, 246, 214, 215, 216, 221, 218, 219, 220, 217, 199, 117, 208, 212, 226, 227, 228, 245, 230, 231, 267, 233, 242, 259, 236, 237, 238, 239, 244, 222, 240, 243, 251, 229, 213, 292, 248, 249, 250, 234, 252, 253, 254, 192, 256, 278, 285, 235, 260, 225, 262, 263, 264, 295, 266, 232, 268, 269, 280, 271, 272, 283, 339, 275, 276, 277, 257, 279, 270, 281, 282, 273, 284, 258, 286, 287, 288, 289, 342, 291, 247, 300, 294, 265, 296, 297, 298, 299, 293, 301, 355, 303, 304, 333, 306, 307, 325, 309, 310, 346, 351, 315, 348, 313, 316, 344, 318, 319, 328, 352, 322, 323, 324, 308, 326, 327, 320, 329, 330, 369, 332, 305, 334, 335, 336, 337, 302, 353, 331, 341, 290, 343, 349, 345, 311, 347, 314, 317, 350, 312, 321, 274, 354, 383, 356, 357, 364, 359, 360, 361, 452, 363, 406, 365, 384, 367, 380, 340, 370, 371, 372, 411, 385, 375, 398, 377, 478, 379, 368, 381, 382, 338, 366, 374, 477, 407, 388, 419, 420, 391, 392, 393, 394, 395, 373, 397, 376, 362, 400, 463, 402, 403, 404, 405, 358, 387, 408, 409, 410, 396, 412, 413, 414, 415, 416, 417, 418, 389, 390, 421, 422, 423, 424, 427, 426, 425, 460, 429, 430, 431, 481, 433, 434, 448, 436, 444, 438, 439, 490, 501, 442, 498, 456, 445, 461, 447, 435, 437, 453, 451, 399, 450, 454, 455, 449, 519, 458, 459, 428, 474, 462, 401, 464, 465, 466, 467, 468, 469, 470, 471, 472, 473, 446, 475, 476, 386, 378, 457, 480, 432, 441, 483, 484, 440, 486, 487, 488, 489, 485, 443, 492, 493, 494, 495, 496, 505, 491, 509, 500, 482, 502, 522, 504, 497, 506, 507, 508, 499, 510, 514, 512, 513, 511, 515, 516, 517, 518, 479, 520, 521, 503, 523, 524, 525, 530, 527, 528, 529, 526, 531, 532]}