{"num_steps": 500, "num_stays": 0, "time": 62.96185132400569, "iter": 500, "locally": true, "temperature": 0.4824236873665897, "cooling": 1, "distance": 72274, "path": [2, 1, 3, 4, 5, 6, 7, 8, 9, 10, 11, 12, 13, 14, 18, 17, 15, 16, 19, 27, 21, 22, 23, 20, 25, 29, 24, 30, 26, 28, 37, 33, 32, 34, 35, 36, 38, 31, 39, 49, 60, 54, 48, 43, 44, 46, 42, 45, 47, 53, 51, 52, 59, 57, 55, 90, 81, 65, 40, 41, 61, 62, 50, 56, 67, 73, 147, 154, 80, 68, 71, 100, 104, 74, 64, 70, 86, 78, 79, 85, 63, 66, 72, 58, 75, 116, 88, 95, 121, 101, 103, 82, 93, 94, 87, 83, 96, 106, 97, 77, 84, 102, 118, 129, 107, 89, 105, 111, 99, 112, 126, 108, 113, 114, 115, 150, 166, 159, 146, 92, 76, 91, 134, 135, 110, 119, 109, 120, 123, 136, 131, 152, 137, 127, 128, 142, 173, 157, 139, 69, 141, 140, 124, 132, 145, 144, 133, 130, 143, 160, 169, 203, 178, 153, 149, 158, 138, 125, 148, 155, 163, 164, 161, 151, 168, 176, 167, 156, 162, 182, 202, 172, 165, 187, 183, 174, 177, 200, 201, 212, 181, 170, 175, 258, 226, 246, 186, 185, 189, 180, 191, 210, 231, 255, 237, 196, 197, 206, 193, 179, 190, 194, 188, 204, 207, 205, 198, 209, 224, 261, 241, 215, 214, 233, 211, 216, 221, 218, 219, 251, 238, 199, 117, 171, 223, 232, 227, 228, 249, 230, 225, 262, 252, 259, 242, 236, 184, 239, 217, 192, 222, 240, 243, 220, 229, 213, 195, 208, 245, 250, 234, 248, 122, 98, 244, 256, 278, 285, 235, 260, 271, 267, 296, 292, 299, 313, 308, 303, 291, 280, 264, 272, 263, 287, 298, 265, 254, 257, 273, 270, 279, 284, 281, 282, 277, 286, 297, 306, 288, 276, 269, 253, 247, 275, 283, 289, 309, 322, 315, 324, 340, 344, 334, 323, 333, 304, 307, 310, 342, 325, 346, 338, 352, 348, 339, 321, 305, 319, 312, 328, 300, 294, 316, 318, 295, 335, 329, 301, 320, 349, 343, 332, 326, 268, 266, 274, 337, 311, 302, 331, 341, 353, 354, 383, 390, 361, 347, 314, 317, 290, 330, 336, 293, 327, 360, 355, 345, 374, 395, 422, 406, 386, 363, 378, 401, 389, 393, 384, 365, 370, 371, 375, 372, 385, 411, 441, 412, 359, 364, 368, 373, 362, 351, 366, 357, 376, 392, 410, 419, 435, 445, 447, 407, 380, 367, 379, 382, 388, 391, 402, 417, 424, 405, 404, 381, 358, 387, 408, 414, 415, 416, 413, 409, 399, 403, 397, 400, 396, 377, 369, 356, 350, 394, 428, 438, 439, 453, 460, 444, 426, 427, 420, 423, 434, 448, 451, 429, 425, 436, 468, 477, 481, 467, 461, 470, 469, 463, 437, 430, 433, 418, 431, 456, 442, 450, 455, 458, 459, 462, 454, 440, 449, 398, 464, 465, 466, 474, 490, 498, 501, 519, 476, 473, 475, 472, 452, 421, 446, 457, 443, 432, 478, 482, 486, 483, 491, 487, 488, 489, 485, 480, 471, 484, 494, 495, 505, 493, 496, 492, 502, 500, 504, 522, 509, 497, 506, 507, 479, 499, 510, 514, 512, 513, 516, 508, 503, 511, 517, 515, 520, 521, 518, 524, 525, 523, 527, 530, 529, 528, 526, 532, 531]}