{"num_steps": 2000, "num_stays": 1, "time": 0.15748250400065444, "iter": 2000, "locally": false, "temperature": 0.3946380808164572, "cooling": 0.3946380808164572, "distance": 357930087, "path": [983, 461, 3, 4, 5, 820, 7, 53, 218, 481, 11, 341, 13, 194, 443, 921, 17, 227, 19, 458, 186, 14, 23, 24, 744, 240, 788, 789, 763, 30, 31, 119, 915, 34, 444, 36, 37, 38, 939, 717, 288, 42, 43, 44, 614, 571, 627, 255, 49, 868, 51, 806, 871, 54, 55, 56, 520, 469, 903, 239, 683, 948, 557, 52, 762, 66, 289, 68, 941, 70, 302, 678, 932, 60, 75, 785, 135, 78, 8, 946, 81, 699, 309, 863, 730, 887, 87, 88, 89, 159, 880, 285, 329, 331, 321, 576, 97, 98, 582, 860, 899, 696, 62, 859, 705, 106, 912, 326, 2, 823, 126, 875, 816, 955, 115, 485, 892, 57, 931, 120, 664, 155, 587, 772, 732, 114, 125, 128, 129, 15, 131, 201, 211, 448, 104, 514, 563, 138, 139, 140, 826, 515, 143, 965, 962, 383, 660, 148, 388, 92, 419, 952, 290, 718, 122, 495, 157, 158, 176, 968, 67, 162, 16, 164, 628, 377, 167, 153, 672, 373, 202, 172, 600, 268, 175, 90, 530, 692, 179, 180, 304, 311, 183, 184, 185, 365, 187, 188, 595, 591, 191, 843, 886, 585, 317, 986, 354, 984, 812, 638, 132, 913, 203, 204, 339, 219, 207, 208, 953, 210, 917, 212, 647, 214, 342, 566, 217, 989, 940, 745, 973, 222, 792, 361, 225, 737, 473, 537, 229, 734, 231, 232, 224, 543, 707, 91, 355, 238, 907, 26, 440, 411, 642, 244, 254, 533, 472, 248, 76, 250, 136, 862, 301, 295, 48, 256, 535, 282, 259, 260, 870, 596, 266, 264, 265, 95, 177, 79, 775, 58, 133, 809, 273, 274, 675, 276, 277, 299, 279, 280, 281, 146, 283, 580, 807, 891, 174, 736, 836, 511, 291, 292, 293, 294, 245, 949, 583, 27, 923, 367, 121, 606, 943, 149, 505, 306, 147, 308, 575, 310, 671, 312, 964, 314, 318, 978, 970, 409, 319, 320, 263, 322, 998, 324, 601, 108, 105, 328, 1000, 307, 426, 523, 333, 334, 641, 853, 420, 488, 205, 456, 258, 39, 670, 344, 801, 432, 347, 516, 349, 41, 851, 352, 353, 866, 237, 356, 357, 358, 359, 165, 549, 63, 363, 446, 21, 366, 348, 141, 468, 370, 371, 9, 526, 65, 997, 390, 166, 262, 608, 193, 381, 382, 518, 640, 385, 386, 387, 695, 389, 376, 391, 621, 924, 394, 686, 154, 397, 496, 399, 885, 401, 402, 453, 99, 405, 418, 407, 726, 890, 522, 460, 412, 676, 414, 415, 416, 417, 830, 858, 96, 421, 771, 492, 956, 661, 636, 427, 451, 429, 430, 848, 346, 761, 297, 958, 47, 720, 438, 439, 340, 441, 655, 118, 35, 445, 379, 480, 305, 449, 605, 428, 452, 145, 454, 455, 124, 457, 615, 666, 819, 109, 574, 463, 487, 300, 466, 374, 323, 689, 242, 471, 442, 700, 474, 475, 476, 740, 731, 651, 447, 350, 1, 808, 857, 741, 413, 975, 856, 656, 110, 69, 423, 493, 494, 725, 502, 497, 498, 602, 861, 657, 398, 32, 757, 64, 569, 507, 508, 509, 510, 930, 896, 513, 841, 142, 189, 450, 235, 519, 252, 521, 178, 332, 603, 130, 490, 878, 528, 701, 759, 269, 532, 894, 534, 257, 536, 901, 538, 797, 540, 541, 542, 234, 362, 545, 546, 607, 548, 233, 694, 613, 552, 101, 554, 336, 556, 544, 558, 827, 171, 561, 562, 73, 564, 565, 937, 704, 134, 506, 570, 680, 410, 573, 462, 84, 156, 577, 270, 579, 916, 581, 919, 559, 584, 22, 586, 951, 588, 198, 590, 247, 592, 593, 824, 433, 378, 597, 598, 25, 173, 325, 499, 828, 604, 994, 192, 360, 315, 609, 46, 127, 111, 551, 45, 20, 616, 271, 618, 29, 620, 392, 228, 623, 243, 644, 501, 825, 547, 275, 77, 368, 632, 633, 634, 635, 94, 922, 611, 639, 384, 822, 974, 643, 794, 645, 881, 852, 648, 649, 650, 479, 652, 999, 847, 190, 681, 195, 658, 364, 714, 483, 969, 733, 327, 665, 629, 959, 849, 669, 422, 555, 161, 673, 278, 298, 527, 677, 72, 679, 610, 12, 751, 61, 197, 835, 395, 831, 478, 578, 345, 691, 929, 693, 425, 845, 102, 697, 698, 82, 589, 529, 702, 703, 738, 253, 668, 784, 116, 709, 710, 500, 712, 982, 330, 715, 716, 512, 833, 719, 437, 721, 722, 723, 888, 936, 631, 727, 728, 729, 85, 688, 531, 74, 653, 735, 403, 659, 168, 739, 477, 898, 742, 625, 977, 803, 746, 560, 748, 750, 71, 938, 752, 753, 754, 755, 756, 504, 758, 811, 760, 944, 486, 93, 10, 765, 766, 123, 768, 769, 249, 369, 713, 773, 774, 169, 776, 911, 778, 779, 780, 781, 893, 783, 687, 770, 838, 787, 459, 28, 619, 791, 241, 793, 743, 840, 796, 213, 798, 152, 800, 690, 343, 220, 804, 805, 163, 150, 113, 918, 960, 107, 103, 267, 814, 815, 572, 408, 818, 470, 6, 821, 226, 711, 594, 663, 335, 393, 524, 829, 406, 777, 832, 817, 834, 685, 337, 950, 553, 839, 517, 674, 842, 18, 489, 181, 846, 151, 431, 261, 850, 351, 539, 567, 854, 855, 117, 484, 630, 654, 100, 380, 954, 83, 864, 865, 626, 867, 216, 869, 706, 667, 872, 873, 874, 112, 876, 877, 684, 879, 568, 236, 882, 396, 884, 400, 170, 992, 724, 889, 465, 246, 338, 782, 286, 895, 795, 160, 662, 786, 900, 199, 902, 200, 904, 905, 906, 995, 908, 909, 910, 966, 624, 182, 914, 80, 284, 622, 272, 883, 920, 491, 935, 251, 612, 925, 926, 927, 928, 646, 747, 503, 137, 933, 897, 637, 59, 50, 682, 40, 287, 467, 942, 303, 837, 945, 33, 947, 617, 404, 296, 934, 799, 209, 844, 215, 436, 957, 435, 206, 810, 981, 764, 963, 313, 144, 525, 967, 767, 434, 987, 971, 972, 221, 813, 464, 976, 599, 316, 979, 980, 961, 223, 482, 802, 985, 196, 550, 988, 424, 990, 991, 86, 993, 708, 372, 996, 375, 790, 230, 749]}