{"num_steps": 5000, "num_stays": 15, "time": 0.38767531600024085, "iter": 5000, "locally": false, "temperature": 0.3522121755231006, "cooling": 0.3522121755231006, "distance": 288463896, "path": [983, 818, 569, 4, 106, 870, 972, 53, 212, 233, 476, 772, 13, 194, 443, 921, 17, 227, 19, 458, 418, 269, 23, 149, 744, 240, 94, 202, 959, 154, 196, 956, 915, 887, 444, 365, 37, 38, 856, 333, 288, 111, 967, 44, 604, 541, 122, 255, 49, 868, 51, 806, 995, 221, 374, 775, 589, 730, 903, 239, 1000, 770, 557, 555, 999, 631, 289, 559, 344, 460, 323, 383, 932, 60, 295, 308, 135, 481, 8, 946, 873, 947, 86, 863, 923, 124, 87, 88, 705, 159, 880, 677, 329, 331, 321, 416, 97, 488, 582, 860, 293, 696, 588, 788, 89, 380, 912, 326, 2, 823, 890, 875, 816, 955, 26, 485, 892, 865, 931, 120, 291, 155, 587, 362, 732, 119, 153, 81, 129, 15, 131, 201, 668, 448, 455, 514, 152, 786, 139, 642, 826, 515, 369, 517, 962, 669, 660, 148, 251, 92, 602, 563, 290, 629, 236, 495, 157, 665, 468, 735, 851, 162, 16, 164, 717, 377, 167, 211, 109, 902, 789, 340, 907, 268, 800, 166, 20, 412, 179, 180, 304, 263, 183, 758, 185, 36, 474, 188, 225, 507, 586, 843, 886, 585, 317, 224, 354, 984, 795, 223, 132, 913, 399, 204, 749, 219, 207, 748, 140, 210, 917, 848, 647, 214, 342, 792, 486, 989, 320, 745, 973, 222, 490, 361, 941, 737, 837, 537, 200, 499, 231, 232, 739, 543, 707, 91, 355, 238, 718, 493, 282, 411, 953, 244, 254, 612, 472, 248, 76, 64, 21, 348, 301, 75, 48, 426, 535, 798, 259, 783, 101, 596, 794, 264, 265, 957, 177, 79, 549, 58, 133, 809, 273, 274, 675, 276, 277, 433, 279, 280, 825, 146, 283, 454, 807, 891, 174, 736, 965, 511, 538, 43, 899, 294, 318, 949, 583, 27, 808, 367, 845, 171, 943, 24, 527, 306, 147, 352, 575, 310, 671, 312, 747, 281, 620, 978, 977, 77, 599, 724, 442, 322, 519, 324, 601, 303, 338, 897, 475, 307, 801, 523, 504, 743, 641, 378, 245, 98, 136, 584, 456, 39, 670, 616, 564, 432, 347, 516, 349, 680, 935, 785, 353, 866, 330, 491, 357, 358, 359, 165, 961, 63, 363, 446, 205, 366, 862, 531, 572, 370, 371, 9, 526, 65, 997, 300, 190, 625, 533, 299, 435, 382, 518, 640, 512, 386, 655, 828, 389, 376, 391, 261, 877, 394, 686, 539, 992, 687, 313, 7, 731, 402, 453, 99, 405, 982, 407, 844, 173, 522, 950, 692, 574, 414, 505, 576, 417, 614, 858, 96, 25, 771, 492, 114, 661, 636, 427, 451, 429, 430, 218, 346, 761, 297, 924, 47, 720, 438, 356, 172, 434, 247, 469, 35, 654, 379, 480, 305, 449, 534, 994, 452, 145, 125, 104, 871, 908, 664, 970, 944, 672, 676, 709, 487, 29, 466, 608, 302, 689, 242, 471, 311, 700, 187, 889, 163, 740, 337, 651, 447, 350, 532, 991, 857, 974, 413, 975, 763, 656, 756, 69, 778, 193, 494, 725, 502, 529, 839, 802, 861, 657, 398, 882, 757, 250, 611, 457, 508, 509, 510, 285, 896, 513, 841, 901, 189, 450, 128, 784, 252, 521, 178, 332, 603, 72, 712, 878, 31, 674, 704, 360, 1, 199, 605, 257, 3, 334, 615, 797, 544, 571, 542, 234, 68, 653, 546, 607, 161, 690, 694, 613, 918, 820, 554, 336, 556, 175, 558, 827, 606, 916, 387, 73, 753, 597, 937, 759, 835, 498, 195, 867, 410, 573, 462, 84, 156, 617, 270, 579, 561, 581, 919, 341, 473, 22, 191, 56, 62, 645, 590, 562, 592, 842, 824, 74, 853, 565, 598, 649, 385, 900, 734, 192, 830, 32, 695, 14, 315, 609, 46, 127, 42, 551, 45, 530, 859, 271, 618, 55, 420, 781, 228, 623, 243, 644, 501, 314, 422, 275, 292, 368, 632, 633, 634, 635, 110, 922, 497, 755, 384, 822, 741, 911, 939, 298, 437, 852, 678, 421, 650, 996, 652, 762, 659, 624, 681, 626, 658, 364, 714, 483, 969, 733, 327, 958, 130, 266, 986, 648, 547, 52, 548, 673, 849, 719, 415, 930, 971, 679, 500, 934, 751, 61, 197, 134, 395, 41, 478, 976, 345, 691, 929, 693, 425, 121, 102, 697, 698, 82, 622, 536, 702, 703, 738, 253, 580, 998, 116, 403, 710, 628, 831, 186, 83, 715, 716, 126, 230, 267, 881, 721, 722, 723, 888, 936, 503, 566, 728, 729, 296, 688, 141, 115, 545, 6, 463, 107, 168, 667, 477, 963, 150, 262, 237, 803, 746, 560, 208, 750, 71, 879, 752, 727, 591, 639, 408, 90, 184, 811, 760, 819, 217, 93, 10, 765, 766, 768, 123, 769, 249, 143, 713, 773, 774, 169, 776, 393, 423, 779, 780, 392, 30, 260, 496, 948, 309, 787, 459, 28, 619, 791, 241, 793, 142, 840, 796, 213, 339, 708, 95, 78, 343, 220, 804, 805, 198, 742, 113, 578, 960, 424, 319, 945, 814, 815, 176, 847, 461, 470, 968, 821, 226, 711, 594, 663, 335, 256, 524, 829, 406, 777, 832, 817, 834, 685, 401, 70, 553, 506, 836, 144, 593, 18, 489, 181, 846, 439, 431, 966, 850, 351, 600, 567, 854, 940, 117, 484, 630, 445, 100, 5, 954, 666, 864, 57, 570, 85, 216, 869, 706, 552, 872, 235, 874, 112, 876, 158, 684, 938, 568, 528, 428, 396, 884, 855, 170, 397, 646, 683, 465, 246, 105, 782, 525, 895, 812, 160, 662, 479, 325, 894, 373, 229, 904, 905, 906, 34, 754, 838, 910, 621, 610, 182, 914, 80, 284, 520, 272, 883, 920, 151, 67, 388, 390, 925, 926, 927, 928, 400, 964, 66, 137, 933, 328, 637, 59, 50, 682, 40, 287, 467, 942, 108, 258, 278, 203, 699, 577, 951, 643, 12, 799, 209, 726, 215, 436, 627, 381, 206, 810, 981, 764, 898, 33, 103, 286, 409, 767, 441, 987, 893, 885, 54, 993, 464, 11, 985, 316, 979, 980, 404, 638, 482, 419, 701, 540, 550, 988, 595, 990, 118, 440, 813, 952, 372, 138, 375, 790, 833, 909]}