{"num_steps": 1250, "num_stays": 2, "time": 0.09893832400121028, "iter": 1250, "locally": false, "temperature": 0.42061002871312153, "cooling": 0.42061002871312153, "distance": 398029076, "path": [983, 109, 3, 4, 5, 820, 7, 53, 9, 481, 11, 12, 13, 194, 443, 921, 17, 749, 19, 458, 365, 14, 23, 24, 977, 26, 27, 789, 763, 30, 31, 119, 915, 34, 444, 36, 37, 38, 939, 717, 736, 42, 43, 44, 614, 680, 627, 255, 49, 868, 51, 806, 871, 54, 55, 56, 146, 58, 936, 218, 61, 948, 557, 64, 762, 66, 725, 68, 941, 70, 302, 72, 932, 733, 75, 785, 135, 78, 79, 33, 81, 699, 83, 863, 730, 887, 87, 88, 89, 90, 880, 285, 329, 331, 321, 96, 97, 98, 582, 860, 899, 102, 199, 104, 105, 106, 912, 326, 2, 110, 126, 875, 816, 114, 115, 485, 856, 57, 931, 120, 664, 155, 587, 772, 127, 955, 125, 128, 129, 15, 131, 132, 211, 568, 858, 136, 563, 138, 139, 140, 631, 515, 143, 965, 962, 130, 660, 148, 388, 92, 419, 952, 290, 154, 122, 495, 157, 158, 176, 968, 903, 162, 491, 164, 360, 377, 167, 168, 672, 526, 202, 172, 600, 174, 175, 159, 530, 692, 179, 180, 304, 153, 183, 184, 185, 186, 187, 188, 595, 442, 191, 843, 823, 585, 317, 196, 197, 343, 103, 169, 201, 913, 203, 204, 205, 940, 207, 208, 209, 210, 917, 212, 647, 214, 342, 566, 217, 989, 219, 745, 973, 222, 223, 361, 225, 737, 473, 537, 229, 734, 231, 232, 224, 234, 911, 91, 355, 238, 907, 240, 440, 819, 107, 244, 254, 246, 247, 248, 76, 250, 923, 282, 253, 295, 48, 256, 535, 844, 259, 260, 849, 596, 266, 264, 265, 95, 267, 268, 775, 689, 133, 809, 273, 274, 675, 276, 277, 299, 279, 280, 281, 520, 283, 580, 807, 533, 206, 288, 289, 747, 291, 292, 293, 294, 245, 949, 583, 788, 841, 367, 121, 606, 943, 149, 305, 306, 147, 308, 575, 310, 704, 312, 964, 314, 315, 978, 970, 833, 319, 320, 263, 322, 468, 324, 601, 108, 705, 328, 1000, 307, 426, 332, 333, 334, 226, 853, 420, 488, 339, 792, 341, 39, 198, 344, 801, 346, 347, 516, 349, 41, 851, 352, 353, 866, 237, 356, 357, 358, 359, 165, 549, 362, 363, 659, 21, 366, 300, 368, 700, 370, 371, 239, 373, 65, 375, 376, 166, 262, 608, 711, 381, 382, 518, 640, 385, 386, 387, 695, 389, 390, 391, 392, 924, 394, 395, 396, 397, 496, 399, 885, 401, 402, 453, 99, 405, 418, 407, 826, 890, 374, 460, 412, 676, 414, 415, 416, 417, 406, 859, 337, 421, 771, 492, 663, 661, 636, 427, 451, 429, 430, 848, 432, 761, 434, 958, 47, 720, 438, 439, 340, 441, 655, 118, 35, 445, 379, 947, 448, 449, 708, 428, 452, 145, 454, 455, 456, 457, 615, 666, 411, 461, 574, 463, 487, 348, 466, 69, 323, 469, 242, 471, 472, 998, 474, 475, 476, 740, 731, 479, 447, 350, 1, 113, 857, 741, 413, 975, 892, 681, 170, 522, 423, 493, 494, 576, 502, 497, 498, 499, 500, 657, 398, 32, 757, 505, 569, 507, 508, 509, 510, 511, 512, 513, 514, 142, 189, 969, 235, 519, 252, 521, 178, 523, 603, 383, 490, 878, 528, 701, 177, 269, 532, 286, 534, 257, 536, 228, 538, 539, 540, 541, 542, 543, 544, 545, 546, 607, 548, 233, 694, 551, 552, 101, 554, 555, 556, 63, 558, 827, 171, 561, 562, 73, 564, 565, 937, 336, 134, 506, 570, 571, 572, 573, 462, 309, 156, 577, 270, 579, 916, 581, 919, 559, 584, 22, 586, 951, 588, 670, 590, 591, 592, 593, 594, 718, 378, 597, 598, 25, 173, 325, 602, 524, 604, 994, 192, 547, 318, 609, 46, 732, 111, 613, 45, 20, 616, 271, 618, 29, 620, 621, 901, 623, 243, 644, 501, 956, 628, 275, 77, 141, 632, 633, 634, 635, 94, 922, 611, 639, 384, 822, 642, 643, 794, 645, 881, 852, 648, 649, 650, 651, 652, 999, 847, 190, 656, 195, 658, 364, 330, 626, 450, 60, 327, 665, 629, 959, 668, 669, 369, 671, 161, 673, 278, 298, 527, 677, 678, 679, 610, 489, 751, 683, 410, 835, 686, 831, 478, 578, 345, 691, 929, 693, 425, 845, 696, 697, 698, 82, 589, 529, 702, 703, 311, 301, 870, 784, 116, 709, 710, 380, 712, 982, 714, 715, 716, 896, 409, 719, 437, 721, 722, 723, 724, 67, 726, 727, 728, 729, 85, 688, 531, 74, 230, 735, 403, 446, 738, 739, 477, 898, 742, 625, 744, 803, 746, 560, 748, 750, 71, 938, 752, 753, 754, 755, 756, 504, 758, 811, 760, 944, 486, 93, 10, 765, 766, 123, 768, 769, 249, 422, 713, 773, 774, 638, 776, 777, 778, 779, 780, 781, 893, 783, 707, 770, 838, 787, 459, 28, 619, 791, 241, 793, 743, 297, 796, 797, 798, 152, 800, 690, 802, 220, 804, 805, 52, 150, 808, 918, 810, 974, 812, 813, 814, 815, 483, 817, 818, 470, 6, 821, 641, 193, 824, 825, 335, 393, 828, 829, 830, 687, 832, 408, 834, 685, 836, 950, 553, 839, 517, 674, 842, 18, 258, 181, 846, 151, 431, 261, 850, 351, 213, 567, 854, 855, 117, 484, 630, 654, 100, 861, 954, 84, 864, 865, 354, 867, 216, 869, 706, 667, 872, 873, 874, 112, 876, 877, 684, 879, 163, 236, 882, 433, 884, 400, 886, 992, 888, 889, 465, 891, 338, 782, 894, 895, 795, 160, 662, 786, 900, 62, 902, 200, 904, 905, 906, 995, 908, 909, 910, 966, 624, 182, 914, 80, 284, 622, 272, 883, 920, 16, 935, 251, 612, 925, 926, 927, 928, 646, 930, 503, 137, 933, 897, 637, 59, 50, 682, 40, 287, 467, 942, 303, 837, 945, 946, 480, 617, 404, 296, 934, 799, 953, 862, 215, 436, 957, 435, 8, 960, 961, 764, 963, 313, 144, 525, 967, 767, 840, 987, 971, 972, 221, 759, 464, 976, 599, 316, 979, 980, 981, 124, 482, 984, 985, 986, 550, 988, 424, 990, 991, 86, 993, 605, 372, 996, 997, 227, 653, 790]}