{"num_steps": 250, "num_stays": 0, "time": 0.019783022995397914, "iter": 250, "locally": false, "temperature": 0.5425514917581086, "cooling": 0.5425514917581086, "distance": 508606270, "path": [1, 2, 3, 4, 5, 6, 7, 871, 9, 10, 11, 12, 13, 14, 15, 16, 17, 843, 19, 458, 365, 22, 23, 24, 25, 26, 27, 28, 763, 30, 31, 32, 33, 34, 444, 36, 37, 38, 39, 40, 41, 42, 43, 44, 45, 610, 47, 48, 49, 50, 51, 52, 53, 54, 55, 56, 443, 58, 59, 60, 61, 62, 557, 64, 684, 66, 67, 68, 69, 70, 192, 72, 73, 74, 75, 770, 135, 78, 79, 80, 81, 82, 83, 84, 730, 86, 87, 88, 89, 90, 881, 150, 93, 94, 263, 96, 97, 98, 919, 100, 553, 102, 103, 104, 105, 106, 107, 326, 109, 110, 111, 875, 113, 114, 115, 116, 117, 118, 119, 120, 121, 122, 123, 772, 127, 126, 125, 128, 129, 130, 131, 132, 133, 568, 77, 136, 137, 138, 139, 140, 141, 142, 143, 144, 962, 146, 307, 148, 149, 92, 847, 152, 290, 154, 155, 495, 157, 158, 159, 951, 161, 162, 929, 164, 165, 377, 167, 168, 169, 170, 171, 172, 173, 174, 175, 176, 177, 178, 179, 180, 181, 182, 183, 184, 185, 186, 187, 188, 189, 190, 191, 71, 823, 585, 657, 196, 197, 198, 199, 200, 201, 153, 203, 204, 205, 206, 207, 208, 209, 210, 211, 212, 852, 898, 215, 937, 217, 218, 219, 745, 221, 222, 223, 224, 225, 226, 227, 228, 229, 230, 231, 232, 233, 234, 235, 236, 237, 238, 239, 240, 241, 470, 912, 244, 245, 246, 247, 248, 249, 250, 251, 252, 253, 295, 255, 256, 257, 258, 259, 260, 261, 262, 266, 264, 265, 95, 267, 268, 269, 270, 271, 272, 273, 274, 275, 276, 277, 674, 279, 280, 281, 282, 283, 284, 285, 533, 287, 288, 289, 747, 291, 292, 293, 294, 254, 296, 297, 675, 299, 367, 664, 302, 303, 304, 305, 306, 147, 308, 575, 310, 311, 312, 313, 314, 315, 316, 317, 318, 319, 320, 321, 322, 468, 324, 325, 108, 327, 328, 619, 330, 331, 332, 333, 334, 826, 336, 337, 892, 339, 340, 341, 342, 343, 344, 345, 346, 347, 348, 349, 350, 351, 352, 353, 866, 355, 356, 357, 358, 359, 360, 361, 362, 363, 364, 21, 366, 300, 368, 369, 370, 371, 372, 373, 374, 375, 376, 166, 378, 408, 711, 381, 382, 383, 384, 385, 386, 387, 388, 389, 390, 391, 392, 393, 394, 395, 396, 397, 502, 399, 885, 401, 402, 403, 99, 405, 406, 407, 737, 409, 410, 411, 412, 676, 414, 415, 416, 417, 418, 419, 420, 421, 422, 423, 663, 425, 426, 427, 428, 429, 430, 431, 432, 433, 434, 435, 956, 720, 438, 439, 440, 441, 442, 57, 35, 445, 379, 447, 448, 449, 214, 451, 452, 453, 454, 455, 456, 457, 20, 788, 460, 461, 462, 463, 464, 465, 466, 941, 323, 469, 242, 471, 472, 473, 474, 475, 476, 740, 688, 479, 480, 481, 482, 483, 484, 741, 413, 487, 488, 489, 490, 491, 492, 493, 494, 156, 496, 497, 498, 499, 500, 987, 398, 503, 504, 505, 506, 507, 508, 509, 510, 511, 512, 513, 514, 515, 516, 969, 966, 519, 520, 521, 522, 523, 524, 525, 526, 527, 528, 701, 530, 531, 532, 286, 534, 535, 536, 537, 538, 539, 540, 541, 542, 543, 544, 545, 546, 547, 548, 549, 626, 551, 552, 101, 554, 555, 556, 63, 558, 559, 202, 561, 562, 563, 564, 565, 566, 567, 134, 569, 570, 571, 572, 573, 574, 309, 576, 577, 578, 579, 580, 581, 582, 583, 584, 194, 586, 587, 588, 670, 590, 591, 592, 593, 594, 595, 596, 597, 598, 599, 600, 601, 602, 603, 604, 605, 606, 607, 608, 609, 46, 611, 939, 613, 614, 615, 616, 617, 618, 329, 620, 621, 622, 623, 624, 625, 550, 627, 628, 629, 630, 631, 632, 633, 634, 635, 636, 637, 638, 639, 640, 641, 642, 643, 644, 645, 646, 647, 648, 649, 650, 651, 652, 999, 654, 655, 656, 195, 658, 659, 660, 661, 662, 424, 301, 665, 666, 8, 668, 669, 589, 671, 672, 673, 278, 298, 486, 677, 678, 679, 680, 681, 938, 683, 65, 685, 686, 687, 478, 689, 690, 691, 692, 693, 694, 695, 696, 697, 698, 699, 700, 529, 702, 703, 704, 705, 706, 784, 708, 709, 710, 380, 712, 982, 714, 715, 716, 717, 718, 719, 437, 721, 722, 723, 724, 725, 726, 727, 728, 729, 85, 731, 732, 733, 734, 735, 736, 446, 738, 739, 477, 485, 742, 743, 744, 803, 746, 560, 748, 749, 750, 751, 752, 753, 754, 755, 756, 757, 758, 759, 760, 944, 762, 29, 145, 765, 766, 767, 768, 769, 76, 771, 124, 773, 774, 775, 776, 777, 778, 779, 780, 781, 782, 783, 707, 785, 786, 787, 459, 789, 1000, 791, 792, 793, 794, 924, 796, 797, 798, 952, 800, 801, 802, 220, 804, 805, 806, 807, 808, 809, 810, 974, 812, 813, 814, 815, 816, 817, 818, 819, 820, 821, 822, 193, 824, 825, 335, 827, 828, 829, 830, 831, 832, 833, 834, 835, 836, 950, 838, 839, 840, 841, 842, 18, 844, 845, 846, 151, 848, 849, 850, 851, 213, 853, 854, 855, 856, 857, 858, 859, 860, 861, 862, 863, 864, 865, 354, 867, 216, 869, 870, 667, 872, 873, 874, 112, 876, 877, 878, 879, 880, 91, 882, 949, 884, 400, 886, 887, 888, 889, 890, 891, 338, 893, 894, 895, 795, 897, 450, 899, 900, 901, 902, 903, 904, 905, 906, 907, 908, 909, 910, 911, 243, 913, 914, 915, 916, 917, 918, 883, 920, 921, 922, 923, 612, 925, 926, 927, 928, 163, 930, 931, 932, 933, 934, 935, 936, 868, 682, 896, 940, 467, 942, 943, 837, 945, 946, 947, 948, 404, 761, 160, 799, 953, 954, 955, 436, 957, 958, 959, 960, 961, 764, 963, 964, 965, 518, 967, 968, 517, 970, 971, 972, 973, 811, 975, 976, 977, 978, 979, 980, 981, 713, 983, 984, 985, 986, 501, 988, 989, 990, 991, 992, 993, 994, 995, 996, 997, 998, 653, 790]}