{"num_steps": 750, "num_stays": 1, "time": 0.0594062039963319, "iter": 750, "locally": false, "temperature": 0.45298496773170366, "cooling": 0.45298496773170366, "distance": 436593477, "path": [983, 109, 3, 4, 5, 820, 7, 53, 9, 10, 11, 12, 13, 14, 146, 16, 17, 843, 19, 458, 365, 22, 23, 24, 977, 26, 27, 789, 763, 30, 31, 503, 915, 34, 444, 36, 37, 38, 939, 717, 41, 42, 43, 44, 45, 680, 47, 48, 49, 868, 51, 52, 871, 54, 55, 56, 443, 58, 936, 218, 61, 62, 557, 64, 762, 66, 725, 68, 941, 70, 606, 72, 932, 733, 75, 785, 135, 78, 79, 33, 81, 699, 83, 863, 730, 887, 87, 88, 89, 90, 163, 285, 329, 94, 321, 96, 97, 98, 919, 860, 899, 102, 103, 104, 105, 106, 912, 326, 2, 110, 126, 875, 816, 114, 115, 214, 856, 57, 119, 120, 664, 155, 123, 772, 127, 955, 125, 128, 129, 15, 131, 132, 211, 568, 858, 136, 137, 138, 139, 140, 631, 515, 143, 144, 962, 130, 307, 148, 695, 92, 847, 952, 290, 154, 122, 495, 157, 158, 176, 968, 672, 162, 491, 164, 165, 377, 167, 168, 903, 526, 171, 172, 600, 174, 175, 159, 530, 692, 179, 180, 304, 153, 183, 184, 185, 186, 187, 188, 595, 190, 191, 749, 823, 585, 657, 196, 197, 343, 199, 200, 201, 913, 203, 204, 205, 206, 207, 208, 209, 210, 917, 212, 647, 898, 215, 937, 217, 989, 219, 745, 973, 222, 223, 224, 225, 737, 998, 537, 229, 734, 231, 232, 361, 234, 235, 91, 355, 238, 907, 240, 440, 470, 107, 244, 245, 246, 247, 248, 249, 250, 923, 282, 253, 295, 255, 256, 257, 844, 259, 260, 261, 262, 266, 264, 265, 95, 267, 268, 269, 270, 901, 809, 273, 274, 675, 276, 277, 674, 279, 280, 281, 520, 283, 580, 150, 533, 940, 288, 289, 747, 291, 292, 293, 294, 254, 761, 297, 788, 841, 367, 121, 302, 303, 149, 305, 306, 147, 308, 575, 310, 704, 312, 964, 314, 315, 978, 317, 833, 319, 320, 263, 322, 468, 324, 325, 108, 327, 328, 1000, 660, 331, 332, 333, 334, 226, 567, 420, 488, 339, 241, 341, 342, 198, 344, 345, 346, 347, 890, 349, 736, 851, 352, 353, 866, 237, 356, 357, 358, 359, 360, 549, 362, 363, 659, 21, 366, 300, 368, 700, 370, 371, 239, 373, 65, 375, 376, 166, 378, 408, 711, 381, 382, 518, 640, 385, 386, 387, 388, 389, 390, 391, 392, 924, 394, 395, 396, 397, 496, 399, 885, 401, 402, 453, 99, 405, 406, 407, 826, 189, 374, 460, 412, 676, 414, 415, 416, 417, 418, 859, 337, 421, 422, 423, 663, 661, 426, 427, 428, 429, 430, 848, 432, 433, 434, 958, 627, 720, 438, 439, 340, 441, 442, 118, 35, 445, 379, 447, 448, 449, 116, 451, 452, 403, 454, 455, 456, 457, 20, 666, 411, 461, 462, 463, 464, 348, 466, 69, 323, 469, 242, 471, 472, 473, 474, 475, 476, 740, 688, 479, 947, 350, 1, 113, 484, 741, 413, 487, 892, 681, 170, 929, 492, 493, 494, 156, 502, 497, 498, 499, 500, 970, 398, 32, 504, 505, 569, 507, 508, 509, 510, 511, 512, 513, 514, 142, 516, 969, 966, 519, 252, 521, 178, 523, 524, 383, 490, 527, 528, 701, 177, 531, 532, 286, 534, 535, 536, 228, 538, 539, 540, 541, 542, 543, 544, 545, 546, 607, 548, 233, 694, 551, 552, 101, 554, 555, 556, 63, 558, 559, 202, 561, 562, 73, 564, 565, 566, 336, 134, 506, 570, 571, 572, 573, 574, 309, 576, 577, 689, 579, 916, 581, 582, 583, 584, 194, 586, 587, 588, 670, 590, 591, 592, 593, 594, 409, 596, 597, 598, 599, 173, 601, 602, 603, 604, 605, 192, 547, 318, 609, 46, 775, 111, 613, 614, 615, 616, 617, 618, 29, 620, 621, 133, 623, 243, 625, 550, 956, 628, 275, 630, 141, 632, 633, 634, 635, 636, 637, 638, 639, 384, 822, 642, 643, 794, 645, 881, 852, 648, 649, 650, 651, 652, 999, 419, 655, 656, 195, 658, 364, 330, 626, 450, 424, 301, 665, 629, 959, 668, 669, 369, 671, 161, 673, 278, 298, 684, 677, 678, 679, 610, 489, 751, 683, 410, 835, 686, 687, 478, 578, 690, 691, 522, 693, 425, 181, 696, 697, 698, 82, 589, 529, 702, 703, 311, 705, 706, 784, 708, 709, 710, 380, 712, 982, 714, 715, 716, 896, 718, 719, 437, 721, 722, 723, 724, 67, 726, 727, 728, 729, 85, 731, 732, 74, 230, 735, 481, 446, 738, 739, 477, 485, 742, 644, 744, 803, 746, 560, 748, 71, 750, 938, 752, 753, 754, 755, 756, 757, 758, 759, 760, 944, 486, 93, 145, 765, 766, 767, 768, 769, 76, 771, 124, 773, 774, 611, 776, 777, 778, 779, 780, 781, 893, 783, 707, 770, 838, 787, 459, 28, 619, 791, 792, 793, 743, 393, 796, 797, 798, 152, 800, 801, 802, 220, 804, 805, 806, 807, 808, 918, 810, 974, 812, 813, 814, 815, 483, 817, 818, 819, 6, 821, 641, 193, 824, 825, 335, 827, 828, 829, 830, 831, 832, 608, 834, 685, 836, 950, 553, 839, 517, 299, 842, 18, 258, 845, 846, 151, 431, 849, 850, 351, 213, 853, 854, 855, 117, 857, 77, 654, 100, 861, 954, 84, 864, 865, 354, 867, 216, 869, 870, 667, 872, 873, 874, 112, 876, 877, 878, 879, 880, 236, 882, 949, 884, 400, 886, 86, 888, 889, 465, 891, 338, 782, 894, 895, 795, 160, 662, 786, 900, 271, 902, 169, 904, 905, 906, 995, 908, 909, 910, 911, 624, 182, 914, 80, 284, 622, 272, 883, 920, 921, 935, 251, 612, 925, 926, 927, 928, 646, 930, 931, 563, 933, 934, 922, 59, 50, 682, 40, 287, 467, 942, 943, 837, 945, 946, 480, 948, 404, 296, 897, 799, 953, 862, 39, 436, 957, 435, 8, 960, 961, 764, 963, 313, 965, 525, 967, 951, 840, 987, 971, 972, 221, 811, 975, 976, 25, 316, 979, 980, 981, 713, 482, 984, 985, 986, 501, 988, 60, 990, 991, 992, 993, 994, 372, 996, 997, 227, 653, 790]}