{"num_steps": 200, "num_stays": 0, "time": 0.015124404002563097, "iter": 200, "locally": false, "temperature": 2, "cooling": 0.5651561245618274, "distance": 177797, "path": [15, 64, 147, 17, 93, 105, 142, 45, 30, 121, 29, 117, 103, 52, 120, 58, 118, 67, 32, 8, 24, 13, 78, 41, 126, 100, 14, 101, 44, 76, 25, 139, 70, 18, 141, 49, 54, 95, 55, 81, 113, 102, 79, 104, 59, 119, 134, 5, 116, 135, 40, 12, 132, 140, 53, 99, 127, 74, 123, 96, 37, 114, 69, 85, 108, 57, 136, 3, 111, 66, 56, 145, 7, 20, 68, 75, 16, 94, 133, 90, 26, 35, 33, 43, 39, 83, 125, 150, 28, 42, 63, 91, 131, 98, 92, 146, 124, 22, 138, 65, 144, 84, 10, 109, 71, 27, 77, 86, 106, 137, 122, 51, 9, 149, 128, 4, 143, 31, 148, 107, 48, 46, 34, 89, 50, 82, 61, 1, 2, 112, 23, 62, 60, 36, 129, 97, 88, 6, 87, 21, 11, 47, 72, 130, 80, 19, 110, 73, 115, 38]}