{"num_steps": 50, "num_stays": 2, "time": 0.004249910001817625, "iter": 50, "locally": false, "temperature": 2, "cooling": 0.7592546078319506, "distance": 228010, "path": [15, 64, 76, 17, 93, 57, 142, 45, 30, 121, 95, 6, 103, 52, 79, 43, 132, 67, 32, 8, 10, 85, 78, 41, 126, 100, 14, 60, 74, 147, 92, 139, 70, 18, 115, 49, 54, 29, 55, 109, 113, 87, 120, 104, 59, 119, 19, 5, 116, 20, 40, 37, 118, 140, 108, 101, 127, 86, 123, 96, 12, 114, 124, 13, 3, 105, 136, 71, 111, 66, 56, 145, 7, 135, 63, 75, 117, 94, 133, 90, 11, 35, 33, 125, 39, 84, 112, 150, 28, 42, 68, 91, 131, 98, 106, 146, 88, 22, 110, 65, 16, 83, 24, 81, 53, 27, 77, 44, 25, 137, 122, 144, 50, 149, 128, 4, 143, 31, 148, 107, 48, 46, 34, 89, 9, 82, 61, 1, 2, 58, 23, 62, 99, 36, 129, 97, 69, 51, 102, 21, 26, 47, 72, 130, 80, 134, 138, 73, 141, 38]}