{"num_steps": 300, "num_stays": 5, "time": 0.022020894000888802, "iter": 300, "locally": false, "temperature": 2, "cooling": 0.5253547573363655, "distance": 166681, "path": [15, 64, 147, 140, 93, 105, 142, 107, 30, 121, 29, 112, 103, 52, 120, 58, 118, 67, 68, 8, 122, 13, 126, 76, 78, 100, 14, 101, 44, 41, 117, 139, 70, 18, 141, 49, 54, 95, 55, 83, 113, 102, 79, 104, 59, 119, 134, 5, 116, 81, 40, 12, 132, 17, 22, 99, 127, 74, 123, 96, 37, 114, 69, 85, 108, 3, 136, 57, 111, 66, 7, 23, 35, 20, 32, 75, 16, 94, 133, 90, 26, 56, 33, 43, 39, 135, 125, 150, 24, 42, 63, 91, 131, 98, 92, 146, 124, 53, 138, 65, 45, 84, 10, 109, 71, 27, 77, 86, 106, 137, 28, 51, 9, 149, 128, 4, 143, 31, 148, 145, 48, 46, 34, 89, 50, 82, 61, 1, 25, 2, 144, 62, 60, 36, 129, 97, 88, 6, 87, 21, 11, 47, 72, 130, 80, 19, 110, 73, 115, 38]}