{"num_steps": 20, "num_stays": 0, "time": 0.001804338000511052, "iter": 20, "locally": false, "temperature": 2, "cooling": 0.9705463594460175, "distance": 236835, "path": [15, 64, 76, 17, 93, 57, 142, 45, 30, 121, 95, 6, 103, 52, 79, 43, 132, 67, 32, 8, 91, 85, 78, 41, 126, 100, 34, 20, 74, 147, 92, 139, 70, 18, 115, 49, 54, 29, 55, 109, 113, 87, 120, 104, 59, 119, 19, 5, 46, 60, 40, 37, 118, 140, 108, 133, 127, 86, 123, 96, 12, 114, 124, 13, 3, 105, 7, 128, 111, 66, 56, 145, 136, 47, 63, 75, 117, 94, 101, 90, 11, 35, 33, 125, 39, 84, 112, 150, 28, 42, 68, 10, 131, 98, 106, 146, 88, 22, 110, 65, 16, 83, 24, 81, 53, 27, 77, 44, 25, 137, 122, 144, 50, 149, 71, 4, 143, 31, 148, 107, 48, 116, 14, 89, 9, 82, 61, 1, 2, 58, 23, 62, 99, 36, 129, 97, 69, 51, 102, 21, 26, 135, 72, 130, 80, 134, 138, 73, 141, 38]}