{"num_steps": 750, "num_stays": 0, "time": 94.87676272800309, "iter": 750, "locally": true, "temperature": 2, "cooling": 0.45298496773170366, "distance": 66562, "path": [2, 1, 3, 4, 5, 6, 7, 9, 8, 10, 11, 12, 14, 13, 18, 17, 15, 16, 19, 21, 27, 22, 20, 23, 25, 29, 24, 30, 26, 28, 33, 32, 34, 35, 42, 37, 36, 38, 31, 39, 49, 48, 43, 44, 46, 45, 47, 54, 60, 63, 65, 59, 53, 52, 51, 55, 57, 90, 71, 66, 40, 56, 76, 62, 61, 50, 41, 69, 98, 92, 67, 73, 75, 78, 89, 80, 84, 96, 87, 94, 93, 82, 81, 100, 104, 58, 88, 95, 142, 121, 116, 101, 77, 79, 85, 83, 74, 72, 64, 68, 70, 102, 110, 118, 107, 105, 111, 99, 97, 106, 112, 108, 113, 114, 115, 133, 124, 129, 141, 135, 134, 119, 86, 109, 91, 103, 137, 128, 127, 122, 131, 120, 123, 136, 152, 165, 172, 171, 184, 235, 202, 213, 162, 156, 140, 160, 143, 132, 145, 130, 144, 185, 178, 153, 149, 158, 138, 125, 148, 126, 155, 163, 164, 169, 161, 168, 176, 179, 188, 187, 208, 195, 146, 159, 182, 170, 175, 181, 174, 154, 147, 166, 167, 150, 151, 186, 196, 203, 189, 180, 191, 210, 221, 225, 219, 211, 233, 214, 215, 198, 190, 177, 183, 194, 204, 212, 201, 226, 200, 207, 205, 209, 193, 206, 197, 216, 218, 242, 236, 230, 254, 257, 258, 250, 245, 248, 227, 234, 246, 265, 261, 241, 224, 228, 223, 229, 243, 192, 222, 240, 244, 256, 317, 314, 278, 330, 266, 268, 232, 249, 267, 260, 253, 247, 139, 117, 157, 173, 262, 252, 269, 259, 263, 272, 276, 307, 333, 351, 346, 310, 291, 280, 255, 231, 237, 264, 271, 273, 270, 292, 282, 277, 289, 287, 298, 304, 297, 288, 306, 342, 325, 309, 283, 275, 286, 296, 300, 294, 308, 313, 316, 318, 299, 319, 312, 328, 315, 322, 323, 338, 348, 339, 350, 353, 341, 331, 336, 295, 284, 279, 281, 303, 305, 321, 324, 332, 329, 320, 327, 293, 301, 326, 340, 334, 344, 345, 335, 274, 251, 199, 238, 239, 337, 354, 383, 361, 347, 311, 302, 285, 290, 220, 217, 369, 377, 389, 398, 401, 390, 422, 406, 386, 363, 378, 356, 352, 357, 366, 364, 374, 384, 375, 372, 360, 355, 349, 343, 367, 359, 376, 382, 381, 373, 368, 362, 358, 391, 388, 402, 417, 410, 407, 400, 396, 393, 394, 395, 380, 379, 392, 424, 420, 423, 405, 404, 397, 403, 387, 399, 409, 413, 416, 425, 436, 415, 414, 408, 365, 370, 371, 385, 412, 456, 470, 469, 463, 430, 427, 426, 438, 439, 444, 429, 434, 448, 451, 460, 453, 461, 467, 501, 498, 490, 481, 477, 468, 447, 445, 437, 419, 435, 433, 418, 431, 442, 428, 450, 474, 458, 455, 440, 411, 464, 465, 466, 441, 449, 454, 459, 462, 471, 476, 475, 473, 472, 452, 421, 446, 457, 443, 432, 478, 482, 486, 483, 491, 487, 488, 489, 485, 480, 484, 493, 494, 495, 519, 505, 496, 492, 502, 500, 504, 522, 509, 497, 507, 506, 479, 499, 510, 514, 512, 516, 513, 508, 503, 511, 517, 515, 520, 518, 521, 524, 525, 523, 527, 530, 529, 528, 526, 532, 531]}