{"num_steps": 500, "num_stays": 0, "time": 63.7904600220063, "iter": 500, "locally": true, "temperature": 2, "cooling": 0.4824236873665897, "distance": 75442, "path": [2, 1, 3, 4, 5, 6, 7, 8, 9, 10, 11, 12, 14, 13, 18, 17, 15, 16, 19, 27, 21, 22, 23, 20, 25, 29, 24, 30, 26, 28, 35, 32, 33, 34, 42, 37, 36, 38, 31, 39, 49, 48, 43, 44, 46, 45, 47, 54, 60, 63, 65, 59, 53, 51, 52, 55, 57, 90, 71, 66, 61, 62, 50, 56, 58, 40, 41, 69, 98, 76, 80, 77, 84, 89, 75, 73, 67, 78, 99, 104, 81, 82, 93, 85, 79, 101, 88, 95, 142, 121, 116, 92, 96, 94, 87, 83, 74, 72, 64, 68, 70, 102, 110, 118, 107, 105, 111, 124, 97, 106, 100, 108, 113, 114, 115, 133, 112, 129, 119, 86, 109, 134, 156, 135, 91, 103, 137, 128, 127, 122, 131, 120, 123, 136, 152, 165, 172, 171, 184, 229, 235, 187, 166, 150, 143, 145, 144, 130, 132, 160, 151, 185, 178, 153, 149, 158, 138, 125, 148, 126, 155, 163, 164, 169, 161, 168, 167, 179, 190, 194, 188, 159, 146, 182, 183, 174, 177, 162, 147, 154, 181, 170, 175, 176, 206, 186, 196, 203, 189, 180, 191, 210, 221, 140, 141, 193, 215, 241, 224, 208, 213, 202, 195, 204, 205, 198, 207, 200, 201, 212, 234, 226, 209, 214, 197, 216, 218, 242, 236, 225, 254, 257, 258, 250, 245, 248, 227, 228, 249, 300, 296, 247, 211, 219, 230, 233, 243, 192, 222, 240, 244, 256, 317, 314, 278, 238, 266, 268, 223, 232, 267, 260, 253, 246, 139, 117, 157, 173, 262, 252, 269, 259, 263, 272, 276, 307, 333, 351, 346, 306, 291, 280, 255, 231, 237, 264, 271, 273, 270, 279, 281, 282, 277, 283, 289, 304, 297, 288, 310, 342, 325, 309, 286, 265, 261, 275, 287, 298, 308, 316, 313, 284, 299, 292, 305, 294, 315, 322, 323, 338, 312, 303, 350, 353, 341, 331, 239, 295, 321, 348, 352, 328, 319, 324, 318, 326, 329, 320, 327, 293, 301, 332, 340, 334, 344, 345, 349, 336, 330, 199, 251, 274, 343, 335, 356, 337, 347, 311, 302, 290, 285, 220, 217, 354, 383, 390, 398, 389, 401, 422, 406, 386, 363, 378, 361, 339, 357, 366, 364, 374, 384, 375, 372, 411, 385, 360, 355, 367, 359, 376, 382, 381, 373, 368, 362, 358, 391, 388, 423, 420, 424, 407, 400, 394, 393, 396, 395, 380, 379, 392, 410, 417, 402, 405, 404, 397, 403, 387, 399, 409, 413, 436, 425, 416, 415, 414, 408, 365, 370, 371, 369, 377, 412, 419, 427, 426, 438, 439, 463, 468, 469, 444, 429, 434, 448, 451, 460, 453, 470, 456, 501, 498, 490, 481, 477, 461, 447, 445, 437, 430, 435, 433, 418, 431, 442, 450, 455, 458, 459, 454, 440, 449, 441, 464, 465, 466, 428, 467, 474, 462, 471, 476, 475, 473, 472, 452, 421, 446, 457, 443, 432, 478, 482, 486, 483, 491, 487, 488, 489, 485, 480, 484, 493, 494, 495, 519, 505, 496, 492, 502, 500, 504, 522, 509, 497, 507, 506, 479, 499, 510, 514, 512, 516, 513, 508, 503, 511, 517, 515, 520, 521, 518, 524, 525, 523, 527, 530, 529, 528, 526, 532, 531]}