{"num_steps": 250, "num_stays": 0, "time": 32.442156502002035, "iter": 250, "locally": true, "temperature": 2, "cooling": 0.5425514917581086, "distance": 94774, "path": [1, 2, 3, 4, 5, 6, 7, 8, 9, 10, 11, 12, 13, 14, 15, 18, 17, 16, 19, 27, 21, 22, 23, 24, 25, 29, 20, 28, 26, 30, 42, 32, 33, 34, 35, 36, 37, 38, 39, 40, 68, 31, 43, 44, 45, 46, 47, 48, 49, 63, 51, 52, 53, 54, 71, 90, 57, 55, 59, 60, 61, 62, 50, 64, 65, 66, 41, 98, 69, 70, 58, 72, 85, 89, 75, 86, 67, 78, 79, 104, 81, 82, 83, 84, 80, 101, 95, 88, 142, 121, 116, 102, 93, 94, 87, 96, 97, 77, 99, 56, 76, 92, 103, 73, 105, 111, 107, 156, 135, 110, 106, 112, 113, 114, 115, 100, 74, 118, 119, 109, 91, 134, 176, 124, 108, 126, 127, 128, 165, 159, 131, 120, 123, 136, 182, 122, 137, 173, 139, 266, 268, 187, 143, 132, 145, 144, 133, 148, 155, 150, 151, 203, 153, 180, 149, 158, 138, 125, 130, 160, 161, 169, 163, 164, 129, 168, 167, 166, 162, 170, 171, 172, 152, 146, 175, 147, 177, 190, 179, 154, 181, 194, 183, 174, 206, 186, 185, 219, 189, 178, 191, 210, 196, 140, 141, 193, 215, 241, 224, 208, 213, 202, 195, 204, 205, 198, 207, 200, 201, 258, 234, 212, 209, 214, 197, 216, 221, 218, 188, 232, 184, 235, 223, 257, 246, 226, 227, 228, 249, 319, 296, 247, 233, 211, 230, 236, 242, 238, 222, 240, 256, 331, 317, 314, 285, 274, 229, 248, 245, 250, 269, 252, 253, 254, 192, 244, 199, 275, 262, 260, 225, 259, 263, 276, 265, 303, 321, 351, 346, 280, 291, 272, 231, 237, 255, 264, 277, 273, 279, 270, 281, 282, 283, 267, 289, 304, 306, 288, 310, 342, 325, 323, 300, 294, 261, 271, 297, 298, 308, 284, 295, 318, 299, 292, 305, 287, 307, 333, 309, 315, 328, 312, 313, 353, 341, 278, 243, 349, 339, 348, 352, 322, 286, 324, 316, 326, 329, 320, 327, 293, 301, 332, 340, 334, 344, 345, 350, 356, 217, 220, 239, 330, 343, 335, 336, 337, 347, 311, 302, 290, 251, 157, 117, 354, 383, 369, 367, 364, 359, 377, 361, 378, 363, 386, 401, 384, 357, 366, 338, 370, 371, 372, 360, 385, 411, 375, 355, 365, 374, 376, 382, 381, 373, 368, 362, 358, 387, 388, 423, 420, 417, 392, 395, 394, 393, 396, 400, 380, 379, 407, 433, 445, 402, 404, 405, 397, 403, 408, 409, 399, 425, 436, 413, 414, 415, 416, 391, 398, 389, 390, 421, 422, 412, 419, 427, 426, 453, 460, 463, 468, 469, 470, 429, 434, 448, 451, 444, 438, 439, 490, 501, 498, 481, 456, 477, 461, 447, 435, 437, 430, 424, 410, 428, 440, 455, 462, 454, 458, 459, 450, 474, 449, 478, 464, 465, 466, 467, 418, 431, 442, 471, 472, 473, 476, 475, 446, 406, 452, 457, 443, 432, 441, 483, 484, 496, 486, 487, 488, 489, 485, 480, 492, 493, 494, 495, 519, 505, 491, 504, 500, 482, 502, 522, 509, 497, 506, 507, 479, 499, 510, 514, 512, 513, 516, 515, 511, 517, 503, 508, 520, 521, 518, 523, 524, 525, 530, 527, 529, 528, 526, 531, 532]}