{"num_steps": 1000, "num_stays": 72, "time": 0.06774090699764201, "iter": 1000, "locally": false, "temperature": 0.4341689026682404, "cooling": 0.4341689026682404, "distance": 126379, "path": [64, 118, 124, 106, 84, 94, 134, 109, 110, 91, 7, 12, 35, 45, 10, 53, 122, 1, 18, 127, 21, 47, 149, 43, 29, 55, 136, 100, 41, 86, 145, 73, 83, 34, 150, 61, 135, 87, 24, 38, 72, 141, 17, 74, 81, 78, 107, 20, 140, 51, 3, 112, 48, 13, 126, 101, 57, 125, 9, 68, 85, 52, 30, 6, 65, 66, 19, 93, 133, 89, 71, 128, 32, 15, 11, 76, 33, 58, 28, 80, 40, 2, 146, 60, 77, 98, 148, 92, 8, 90, 88, 36, 99, 104, 70, 26, 97, 119, 44, 103, 95, 42, 31, 56, 139, 50, 54, 62, 142, 49, 111, 59, 113, 23, 115, 123, 117, 63, 131, 120, 121, 116, 130, 143, 75, 79, 16, 129, 4, 137, 138, 132, 39, 96, 37, 5, 105, 22, 102, 108, 25, 67, 69, 144, 82, 114, 147, 14, 46, 27]}