{"num_steps": 750, "num_stays": 11, "time": 0.05089963099817396, "iter": 750, "locally": false, "temperature": 0.45298496773170366, "cooling": 0.45298496773170366, "distance": 132682, "path": [64, 118, 124, 106, 84, 53, 134, 109, 110, 91, 7, 12, 35, 45, 17, 94, 122, 1, 130, 127, 21, 59, 149, 43, 29, 55, 136, 100, 30, 86, 145, 73, 83, 34, 150, 61, 135, 87, 24, 99, 72, 141, 10, 74, 81, 78, 107, 20, 108, 51, 85, 112, 48, 13, 2, 101, 57, 125, 9, 68, 3, 52, 41, 18, 65, 66, 19, 93, 133, 89, 71, 128, 32, 15, 11, 76, 33, 58, 28, 80, 40, 126, 146, 60, 77, 98, 148, 92, 8, 90, 88, 36, 38, 104, 70, 26, 97, 119, 44, 103, 95, 62, 31, 56, 139, 50, 54, 42, 142, 49, 111, 47, 113, 23, 115, 123, 117, 63, 131, 120, 121, 116, 6, 143, 75, 79, 16, 129, 4, 137, 67, 132, 39, 96, 37, 5, 105, 22, 102, 140, 25, 138, 69, 144, 82, 114, 147, 14, 46, 27]}