{"num_steps": 2000, "num_stays": 53, "time": 0.13404142999934265, "iter": 2000, "locally": false, "temperature": 0.3946380808164572, "cooling": 0.3946380808164572, "distance": 109379, "path": [74, 84, 94, 88, 70, 22, 134, 113, 110, 91, 131, 12, 35, 45, 10, 49, 93, 75, 18, 111, 59, 21, 60, 43, 120, 83, 136, 41, 132, 149, 62, 86, 55, 34, 145, 25, 135, 9, 24, 38, 72, 141, 17, 61, 58, 96, 107, 68, 140, 51, 29, 112, 82, 95, 126, 117, 57, 125, 87, 20, 85, 39, 116, 6, 4, 26, 118, 119, 133, 138, 71, 128, 32, 15, 11, 76, 33, 81, 54, 80, 40, 2, 114, 73, 50, 98, 1, 92, 130, 90, 106, 36, 102, 104, 66, 19, 97, 122, 44, 103, 13, 42, 31, 56, 139, 105, 28, 142, 63, 137, 53, 47, 109, 7, 115, 123, 150, 23, 77, 46, 121, 30, 8, 143, 148, 79, 16, 129, 65, 124, 89, 146, 52, 78, 37, 5, 101, 127, 99, 108, 64, 67, 69, 144, 48, 100, 147, 14, 3, 27]}