{"num_steps": 500, "num_stays": 6, "time": 0.03395965699746739, "iter": 500, "locally": false, "temperature": 0.4824236873665897, "cooling": 0.4824236873665897, "distance": 154844, "path": [64, 118, 124, 4, 84, 53, 134, 32, 110, 10, 83, 12, 35, 17, 15, 16, 122, 42, 131, 127, 21, 59, 23, 43, 20, 55, 27, 136, 30, 86, 31, 69, 123, 34, 150, 98, 135, 87, 24, 99, 72, 49, 91, 45, 81, 78, 107, 29, 108, 51, 85, 112, 48, 68, 2, 125, 57, 101, 9, 13, 67, 52, 41, 18, 65, 66, 19, 126, 133, 138, 71, 128, 109, 74, 11, 76, 33, 58, 28, 80, 40, 3, 100, 60, 77, 61, 148, 88, 70, 90, 92, 36, 38, 104, 8, 26, 97, 73, 44, 103, 95, 62, 145, 56, 139, 50, 54, 6, 142, 25, 111, 47, 113, 149, 115, 7, 117, 63, 130, 120, 121, 116, 1, 143, 75, 79, 94, 106, 129, 137, 93, 132, 39, 96, 37, 5, 105, 22, 102, 140, 141, 89, 119, 144, 82, 114, 147, 14, 46, 146]}