{"num_steps": 1250, "num_stays": 0, "time": 0.08442333799757762, "iter": 1250, "locally": false, "temperature": 0.42061002871312153, "cooling": 0.42061002871312153, "distance": 120917, "path": [74, 118, 53, 106, 84, 22, 134, 109, 110, 91, 7, 12, 35, 45, 10, 49, 119, 1, 18, 127, 21, 47, 149, 43, 120, 55, 136, 100, 41, 86, 117, 73, 83, 34, 145, 25, 135, 87, 24, 38, 72, 141, 17, 61, 81, 96, 107, 68, 140, 51, 3, 112, 48, 13, 126, 101, 57, 125, 9, 20, 85, 39, 30, 6, 65, 66, 19, 93, 133, 138, 71, 128, 32, 15, 11, 76, 33, 58, 54, 80, 40, 2, 146, 60, 62, 98, 148, 92, 130, 90, 88, 36, 99, 104, 70, 26, 97, 122, 44, 103, 95, 42, 31, 56, 139, 105, 28, 77, 142, 137, 111, 59, 113, 23, 115, 123, 150, 63, 131, 29, 121, 116, 8, 143, 75, 79, 16, 129, 4, 124, 89, 114, 52, 78, 37, 5, 50, 94, 102, 108, 64, 67, 69, 144, 82, 132, 147, 14, 46, 27]}