{"num_steps": 250, "num_stays": 0, "time": 0.0170310139983485, "iter": 250, "locally": false, "temperature": 0.5425514917581086, "cooling": 0.5425514917581086, "distance": 189549, "path": [46, 118, 124, 4, 47, 53, 17, 32, 9, 10, 5, 12, 13, 130, 15, 16, 122, 18, 25, 127, 21, 59, 23, 72, 20, 30, 27, 136, 100, 105, 31, 69, 123, 34, 45, 98, 135, 38, 24, 40, 134, 42, 106, 36, 35, 52, 103, 29, 108, 77, 51, 112, 48, 68, 2, 67, 57, 95, 125, 60, 110, 58, 96, 64, 65, 66, 22, 126, 133, 138, 71, 128, 104, 74, 11, 76, 146, 78, 102, 80, 81, 3, 83, 150, 85, 61, 86, 88, 89, 90, 91, 99, 109, 87, 8, 63, 97, 73, 44, 107, 101, 62, 145, 54, 139, 50, 149, 6, 142, 131, 111, 70, 113, 75, 115, 7, 117, 26, 119, 120, 121, 116, 84, 143, 56, 79, 94, 92, 129, 137, 93, 132, 39, 41, 37, 55, 148, 19, 28, 140, 141, 1, 49, 144, 82, 114, 147, 14, 43, 33]}