{"num_steps": 100, "num_stays": 3, "time": 0.006791475996578811, "iter": 100, "locally": false, "temperature": 0.6486524615632605, "cooling": 0.6486524615632605, "distance": 229990, "path": [1, 2, 124, 4, 5, 100, 7, 32, 9, 10, 47, 12, 13, 148, 15, 16, 17, 18, 19, 20, 21, 59, 23, 24, 25, 139, 27, 136, 29, 30, 31, 69, 123, 34, 35, 36, 37, 38, 72, 40, 134, 42, 108, 98, 45, 46, 103, 48, 49, 50, 51, 52, 53, 126, 28, 125, 57, 39, 67, 60, 61, 102, 96, 64, 65, 66, 22, 68, 8, 94, 71, 128, 104, 74, 11, 76, 146, 78, 79, 80, 81, 3, 83, 84, 85, 86, 87, 88, 89, 90, 91, 99, 110, 112, 95, 63, 97, 58, 44, 6, 101, 62, 77, 73, 105, 145, 149, 107, 109, 131, 111, 70, 113, 75, 115, 122, 117, 118, 119, 120, 121, 116, 33, 82, 56, 54, 127, 92, 129, 137, 93, 132, 133, 41, 135, 55, 130, 138, 26, 140, 141, 142, 106, 144, 143, 114, 147, 14, 43, 150]}