{"num_steps": 5000, "num_stays": 0, "time": 0.33078846499847714, "iter": 5000, "locally": false, "temperature": 0.3522121755231006, "cooling": 0.3522121755231006, "distance": 89764, "path": [131, 137, 88, 94, 22, 70, 134, 47, 45, 98, 91, 77, 150, 60, 6, 130, 93, 10, 18, 111, 59, 141, 110, 86, 35, 83, 136, 3, 128, 149, 120, 27, 62, 51, 145, 135, 117, 84, 24, 36, 72, 21, 74, 109, 34, 121, 96, 101, 140, 9, 107, 147, 82, 95, 126, 25, 57, 7, 87, 125, 85, 68, 44, 80, 124, 26, 129, 119, 133, 138, 81, 23, 32, 15, 11, 33, 76, 2, 40, 89, 67, 144, 114, 73, 50, 58, 1, 92, 49, 90, 99, 102, 38, 104, 106, 19, 97, 148, 116, 103, 13, 42, 122, 56, 139, 105, 142, 28, 63, 66, 53, 113, 61, 20, 115, 123, 12, 55, 43, 46, 112, 30, 8, 143, 75, 79, 16, 4, 65, 118, 31, 39, 52, 78, 37, 5, 146, 127, 17, 108, 64, 54, 69, 14, 48, 100, 41, 71, 29, 132]}