{"num_steps": 1500, "num_stays": 3, "time": 0.10096357599832118, "iter": 1500, "locally": false, "temperature": 0.4101412716225879, "cooling": 0.4101412716225879, "distance": 116876, "path": [74, 66, 53, 88, 70, 22, 134, 109, 110, 91, 23, 12, 35, 45, 10, 49, 119, 148, 18, 111, 21, 47, 149, 43, 120, 83, 136, 100, 41, 60, 117, 86, 55, 34, 145, 25, 135, 9, 24, 38, 72, 141, 17, 61, 81, 96, 107, 68, 140, 51, 3, 112, 48, 13, 126, 101, 57, 125, 87, 20, 85, 39, 30, 6, 65, 118, 19, 93, 133, 138, 71, 128, 32, 15, 11, 76, 33, 58, 54, 80, 40, 2, 114, 73, 62, 98, 1, 92, 130, 90, 106, 36, 99, 104, 84, 26, 97, 122, 44, 103, 95, 42, 31, 56, 139, 105, 28, 77, 63, 137, 127, 59, 113, 7, 115, 123, 150, 131, 142, 29, 121, 116, 8, 143, 75, 79, 16, 129, 4, 124, 89, 146, 52, 78, 37, 5, 50, 94, 102, 108, 64, 67, 69, 144, 82, 132, 147, 14, 46, 27]}