{"num_steps": 500, "num_stays": 1, "time": 0.04086180000012973, "iter": 500, "locally": false, "temperature": 0.4824236873665897, "cooling": 1, "distance": 466876189, "path": [454, 2, 3, 4, 772, 6, 7, 8, 28, 245, 11, 303, 13, 276, 15, 835, 681, 18, 757, 248, 21, 228, 438, 331, 25, 26, 27, 9, 171, 239, 31, 32, 986, 34, 35, 36, 37, 38, 39, 40, 41, 42, 43, 44, 45, 46, 461, 288, 49, 862, 788, 732, 70, 54, 55, 56, 910, 345, 206, 223, 61, 62, 749, 64, 152, 66, 67, 68, 69, 507, 990, 72, 73, 74, 478, 76, 660, 650, 389, 80, 81, 82, 83, 84, 85, 86, 751, 88, 89, 308, 91, 92, 93, 637, 95, 96, 97, 98, 99, 952, 512, 102, 103, 313, 105, 106, 946, 108, 109, 110, 901, 112, 113, 826, 115, 255, 117, 259, 119, 120, 822, 122, 123, 124, 125, 316, 127, 128, 129, 495, 131, 132, 133, 134, 205, 136, 137, 138, 139, 140, 714, 142, 865, 144, 664, 146, 338, 148, 149, 150, 151, 875, 153, 154, 155, 156, 157, 158, 159, 160, 161, 162, 163, 164, 165, 166, 167, 168, 421, 447, 29, 172, 173, 174, 126, 176, 974, 178, 179, 180, 181, 182, 183, 184, 185, 186, 187, 188, 644, 190, 191, 192, 193, 194, 195, 434, 894, 844, 199, 200, 642, 202, 203, 204, 135, 525, 207, 208, 440, 210, 211, 212, 229, 214, 215, 216, 891, 218, 817, 220, 221, 222, 60, 224, 225, 752, 227, 22, 213, 821, 231, 232, 233, 234, 235, 236, 237, 238, 535, 240, 241, 242, 243, 916, 10, 246, 247, 20, 249, 59, 251, 252, 253, 254, 116, 256, 257, 771, 658, 441, 780, 262, 473, 264, 265, 266, 267, 147, 781, 270, 403, 272, 107, 274, 275, 382, 277, 278, 279, 280, 281, 282, 283, 284, 285, 977, 287, 903, 289, 290, 291, 292, 250, 294, 295, 296, 297, 298, 299, 967, 983, 302, 12, 994, 305, 665, 307, 90, 925, 423, 311, 740, 104, 314, 759, 175, 317, 318, 319, 320, 415, 351, 323, 324, 325, 378, 327, 196, 851, 330, 567, 332, 333, 334, 335, 336, 337, 839, 339, 340, 636, 342, 343, 344, 58, 802, 347, 348, 349, 350, 322, 352, 48, 354, 355, 377, 357, 358, 481, 360, 361, 764, 408, 364, 426, 366, 568, 363, 699, 370, 371, 701, 373, 374, 375, 376, 356, 326, 379, 380, 381, 14, 383, 384, 385, 386, 387, 388, 79, 390, 391, 392, 914, 394, 395, 595, 756, 398, 399, 400, 401, 402, 271, 404, 405, 406, 407, 30, 957, 410, 411, 518, 413, 414, 745, 416, 417, 418, 419, 420, 169, 831, 301, 424, 425, 365, 427, 428, 429, 430, 431, 432, 785, 53, 435, 436, 437, 23, 439, 209, 260, 226, 619, 309, 499, 446, 170, 448, 661, 450, 451, 452, 57, 1, 455, 456, 457, 458, 459, 460, 552, 462, 463, 464, 997, 466, 467, 933, 469, 470, 471, 412, 263, 474, 475, 476, 477, 75, 479, 480, 359, 482, 911, 496, 485, 486, 487, 731, 489, 490, 491, 585, 493, 494, 572, 836, 497, 498, 445, 500, 501, 502, 503, 504, 505, 877, 328, 508, 509, 16, 511, 510, 513, 514, 515, 484, 517, 472, 519, 520, 521, 857, 523, 524, 293, 526, 527, 528, 529, 530, 531, 718, 533, 534, 368, 536, 537, 538, 539, 540, 541, 542, 346, 640, 755, 546, 547, 548, 94, 550, 551, 47, 553, 554, 555, 556, 557, 558, 559, 560, 561, 562, 563, 564, 372, 566, 24, 643, 569, 570, 879, 130, 573, 761, 575, 576, 578, 577, 579, 549, 581, 582, 796, 774, 492, 586, 998, 588, 589, 590, 591, 592, 897, 841, 883, 800, 597, 598, 599, 600, 601, 602, 603, 604, 792, 606, 607, 608, 609, 610, 611, 612, 613, 614, 615, 919, 617, 878, 145, 620, 621, 622, 623, 624, 625, 940, 951, 628, 629, 747, 321, 632, 633, 634, 635, 522, 708, 638, 639, 544, 641, 201, 753, 189, 645, 646, 867, 648, 649, 854, 651, 652, 868, 654, 655, 656, 657, 871, 659, 77, 449, 662, 663, 443, 306, 666, 667, 198, 669, 670, 671, 672, 341, 818, 816, 676, 677, 678, 763, 680, 786, 750, 683, 684, 685, 686, 687, 688, 996, 690, 691, 887, 953, 694, 695, 696, 697, 698, 369, 700, 565, 702, 703, 704, 705, 706, 895, 516, 709, 710, 962, 712, 713, 141, 715, 716, 717, 532, 794, 849, 721, 722, 723, 724, 725, 726, 727, 728, 729, 730, 488, 52, 733, 734, 735, 736, 737, 738, 739, 790, 741, 742, 743, 744, 631, 746, 630, 748, 915, 682, 87, 442, 367, 754, 545, 397, 19, 758, 315, 760, 574, 762, 679, 362, 765, 766, 767, 777, 769, 770, 258, 5, 773, 584, 775, 776, 768, 778, 779, 111, 269, 782, 783, 784, 433, 17, 787, 51, 789, 312, 791, 1000, 793, 719, 795, 583, 797, 798, 799, 596, 801, 543, 803, 804, 805, 806, 807, 808, 809, 810, 353, 812, 813, 814, 815, 675, 219, 674, 692, 820, 230, 880, 823, 824, 825, 114, 827, 828, 829, 830, 422, 832, 833, 834, 101, 580, 837, 838, 217, 840, 594, 393, 843, 668, 845, 846, 847, 848, 720, 850, 329, 852, 853, 78, 855, 856, 673, 858, 859, 860, 861, 50, 863, 864, 143, 866, 647, 653, 869, 870, 118, 872, 873, 931, 65, 121, 506, 618, 571, 876, 881, 882, 884, 396, 885, 711, 899, 888, 889, 890, 587, 892, 893, 197, 707, 896, 593, 898, 819, 900, 300, 902, 811, 904, 905, 906, 907, 908, 909, 261, 483, 912, 409, 842, 63, 244, 917, 918, 616, 920, 921, 949, 923, 924, 444, 627, 927, 928, 929, 930, 874, 932, 468, 934, 935, 936, 937, 938, 939, 626, 941, 942, 943, 944, 945, 273, 947, 948, 922, 950, 926, 985, 693, 954, 955, 956, 913, 958, 959, 960, 961, 886, 963, 964, 965, 966, 453, 968, 969, 970, 971, 972, 973, 177, 975, 976, 286, 978, 979, 980, 981, 982, 310, 984, 100, 33, 987, 988, 989, 71, 991, 992, 993, 304, 995, 689, 465, 268, 999, 605]}