{"num_steps": 5000, "num_stays": 4, "time": 0.39696199299942236, "iter": 5000, "locally": false, "temperature": 0.3522121755231006, "cooling": 1, "distance": 287764192, "path": [454, 2, 3, 4, 772, 6, 474, 605, 28, 156, 11, 984, 13, 276, 437, 982, 666, 345, 757, 864, 21, 633, 806, 331, 40, 407, 82, 881, 73, 503, 550, 797, 292, 643, 35, 7, 765, 918, 39, 705, 475, 42, 43, 44, 575, 841, 442, 897, 49, 18, 77, 732, 461, 233, 613, 665, 999, 141, 494, 256, 443, 80, 304, 807, 402, 823, 818, 508, 463, 171, 990, 72, 996, 114, 478, 349, 204, 493, 427, 396, 91, 957, 848, 84, 50, 86, 751, 846, 347, 754, 546, 515, 30, 145, 138, 335, 97, 819, 428, 952, 512, 266, 958, 313, 105, 215, 946, 108, 548, 160, 570, 71, 431, 826, 409, 484, 74, 538, 94, 120, 499, 747, 485, 430, 212, 630, 847, 358, 129, 10, 131, 752, 670, 376, 614, 193, 594, 299, 139, 140, 714, 835, 865, 953, 520, 960, 713, 390, 149, 651, 624, 854, 250, 348, 155, 844, 157, 158, 179, 117, 275, 162, 293, 289, 956, 185, 167, 553, 517, 619, 29, 172, 900, 174, 931, 176, 693, 935, 868, 180, 181, 816, 183, 184, 270, 315, 369, 779, 698, 284, 986, 192, 249, 838, 221, 421, 894, 23, 199, 438, 642, 408, 203, 63, 135, 175, 207, 208, 664, 210, 401, 912, 307, 113, 856, 361, 267, 944, 800, 681, 104, 222, 60, 232, 264, 146, 413, 22, 761, 790, 231, 224, 945, 721, 327, 694, 671, 373, 763, 620, 837, 639, 366, 916, 591, 601, 247, 661, 529, 59, 251, 750, 874, 862, 501, 308, 861, 969, 248, 441, 623, 262, 87, 586, 436, 260, 891, 147, 235, 535, 403, 272, 220, 274, 981, 382, 277, 393, 667, 896, 312, 282, 283, 884, 372, 314, 287, 773, 420, 290, 505, 876, 279, 294, 186, 770, 142, 577, 608, 561, 983, 850, 12, 936, 305, 786, 686, 978, 739, 564, 742, 600, 466, 255, 1, 583, 187, 318, 701, 271, 689, 195, 418, 658, 325, 532, 695, 736, 851, 330, 567, 237, 333, 334, 83, 302, 116, 839, 368, 340, 636, 991, 899, 107, 62, 406, 798, 281, 680, 350, 992, 352, 48, 781, 355, 34, 919, 295, 56, 812, 432, 223, 450, 319, 154, 467, 703, 363, 261, 370, 483, 626, 813, 374, 965, 987, 356, 326, 338, 54, 46, 103, 194, 346, 245, 386, 320, 388, 90, 748, 229, 997, 914, 769, 907, 776, 688, 829, 937, 385, 950, 25, 858, 849, 578, 456, 128, 93, 27, 317, 216, 638, 457, 733, 525, 915, 127, 400, 641, 959, 169, 738, 301, 866, 15, 663, 309, 486, 429, 410, 974, 306, 392, 384, 398, 265, 787, 196, 756, 424, 395, 226, 811, 930, 571, 648, 52, 448, 794, 381, 610, 452, 57, 236, 455, 802, 543, 123, 415, 679, 949, 465, 132, 464, 549, 364, 243, 933, 469, 380, 471, 504, 263, 36, 476, 41, 873, 795, 20, 480, 359, 932, 911, 354, 458, 725, 487, 731, 669, 259, 32, 197, 744, 940, 500, 53, 124, 498, 445, 572, 833, 502, 323, 412, 859, 877, 328, 68, 653, 16, 511, 510, 557, 563, 885, 102, 434, 796, 519, 209, 904, 411, 166, 699, 692, 526, 365, 528, 118, 530, 645, 718, 533, 852, 446, 536, 537, 556, 539, 540, 541, 980, 439, 970, 100, 566, 477, 137, 89, 151, 947, 805, 497, 554, 298, 647, 490, 69, 559, 724, 967, 655, 85, 202, 285, 495, 332, 521, 115, 793, 879, 130, 573, 33, 399, 98, 125, 604, 178, 921, 581, 595, 662, 774, 492, 225, 998, 588, 589, 590, 697, 462, 288, 453, 470, 242, 597, 598, 599, 55, 241, 602, 603, 339, 239, 606, 460, 574, 67, 451, 611, 612, 893, 784, 253, 153, 514, 878, 257, 170, 621, 562, 190, 942, 625, 650, 341, 425, 649, 780, 360, 632, 324, 634, 635, 560, 122, 690, 817, 544, 792, 201, 753, 189, 660, 646, 882, 708, 629, 378, 518, 652, 126, 654, 962, 920, 657, 871, 659, 728, 79, 880, 58, 92, 934, 316, 31, 836, 489, 133, 389, 821, 24, 419, 569, 730, 148, 678, 291, 482, 481, 939, 527, 684, 886, 857, 687, 64, 240, 677, 691, 929, 144, 414, 109, 696, 473, 961, 198, 700, 565, 702, 164, 704, 191, 706, 895, 516, 106, 887, 622, 712, 377, 883, 715, 716, 717, 709, 357, 628, 551, 722, 827, 815, 303, 152, 727, 112, 729, 205, 488, 745, 906, 720, 593, 927, 737, 607, 404, 777, 397, 213, 743, 637, 631, 746, 496, 901, 383, 159, 775, 343, 258, 809, 545, 782, 791, 758, 99, 760, 977, 76, 587, 177, 37, 766, 168, 672, 394, 509, 367, 5, 387, 615, 640, 426, 768, 926, 719, 111, 269, 214, 783, 853, 778, 17, 337, 51, 789, 297, 165, 1000, 910, 188, 296, 749, 417, 685, 81, 596, 801, 227, 803, 322, 989, 200, 321, 362, 764, 810, 353, 808, 218, 88, 522, 110, 584, 674, 507, 820, 230, 741, 238, 824, 825, 555, 723, 954, 47, 830, 422, 832, 656, 834, 101, 580, 246, 542, 217, 840, 855, 788, 843, 668, 845, 814, 491, 513, 96, 917, 391, 903, 9, 379, 479, 531, 150, 524, 14, 860, 568, 735, 941, 905, 523, 675, 673, 75, 869, 870, 552, 872, 278, 804, 65, 121, 506, 618, 710, 173, 676, 336, 767, 759, 143, 711, 70, 888, 78, 440, 344, 892, 740, 405, 579, 280, 228, 898, 576, 459, 300, 902, 822, 435, 136, 971, 534, 908, 582, 134, 799, 38, 182, 842, 592, 244, 726, 909, 616, 161, 26, 342, 923, 924, 444, 627, 785, 928, 558, 119, 351, 951, 468, 609, 683, 994, 45, 938, 617, 371, 863, 254, 943, 831, 252, 273, 19, 948, 922, 211, 890, 985, 875, 828, 955, 472, 964, 416, 988, 755, 644, 219, 963, 913, 375, 966, 889, 968, 771, 311, 867, 972, 973, 95, 975, 976, 286, 449, 979, 66, 682, 447, 310, 734, 707, 206, 8, 423, 61, 547, 329, 234, 993, 163, 995, 925, 762, 268, 585, 433]}