{"num_steps": 750, "num_stays": 1, "time": 0.06121009799971944, "iter": 750, "locally": false, "temperature": 0.45298496773170366, "cooling": 1, "distance": 438800861, "path": [454, 2, 3, 4, 772, 6, 7, 8, 28, 368, 11, 303, 13, 276, 15, 835, 681, 550, 757, 248, 21, 593, 438, 331, 25, 26, 27, 9, 171, 239, 31, 417, 986, 34, 35, 36, 37, 38, 39, 117, 41, 42, 43, 44, 45, 46, 461, 288, 49, 862, 788, 732, 70, 54, 55, 56, 910, 345, 206, 223, 61, 62, 749, 64, 152, 66, 630, 68, 69, 507, 990, 72, 73, 462, 478, 76, 660, 650, 389, 80, 81, 82, 605, 84, 658, 86, 751, 88, 89, 308, 577, 92, 93, 637, 95, 114, 97, 98, 99, 952, 512, 102, 103, 313, 105, 106, 946, 108, 109, 110, 901, 112, 113, 826, 115, 255, 40, 259, 119, 120, 822, 122, 123, 497, 125, 316, 127, 128, 129, 495, 131, 960, 133, 134, 205, 136, 137, 138, 139, 140, 714, 142, 865, 144, 339, 146, 338, 148, 149, 150, 151, 682, 153, 154, 155, 667, 157, 158, 159, 160, 161, 162, 163, 164, 165, 166, 167, 168, 421, 447, 29, 172, 173, 174, 126, 176, 431, 178, 179, 180, 181, 182, 183, 184, 185, 186, 187, 188, 644, 284, 191, 192, 193, 194, 195, 434, 894, 844, 199, 200, 642, 202, 203, 204, 135, 525, 207, 208, 440, 210, 211, 212, 229, 214, 215, 216, 891, 218, 817, 666, 221, 222, 60, 224, 225, 752, 227, 22, 742, 821, 231, 232, 233, 234, 327, 694, 237, 238, 763, 620, 241, 242, 243, 916, 10, 246, 247, 20, 249, 59, 251, 252, 253, 254, 337, 256, 257, 771, 85, 441, 780, 262, 473, 264, 265, 266, 267, 147, 781, 270, 403, 272, 107, 274, 275, 382, 277, 278, 279, 280, 281, 282, 283, 190, 285, 977, 287, 773, 289, 290, 505, 292, 250, 294, 295, 296, 297, 555, 299, 967, 983, 302, 12, 936, 305, 665, 307, 90, 925, 423, 311, 740, 466, 314, 759, 175, 410, 318, 799, 929, 415, 351, 323, 324, 325, 854, 235, 196, 851, 330, 567, 332, 333, 334, 335, 336, 116, 839, 664, 340, 636, 342, 343, 344, 58, 456, 831, 348, 349, 350, 322, 352, 48, 411, 355, 377, 357, 358, 481, 360, 432, 764, 408, 364, 426, 366, 703, 363, 699, 370, 371, 701, 782, 374, 375, 376, 356, 326, 379, 380, 381, 14, 383, 384, 385, 386, 387, 388, 79, 390, 391, 392, 914, 769, 395, 595, 756, 398, 399, 464, 401, 402, 271, 404, 909, 406, 407, 30, 957, 317, 354, 518, 457, 414, 745, 416, 491, 418, 419, 435, 169, 347, 301, 520, 425, 365, 427, 428, 429, 430, 974, 361, 785, 53, 420, 436, 437, 23, 439, 209, 260, 226, 619, 309, 499, 245, 170, 448, 856, 450, 451, 452, 57, 1, 455, 802, 543, 458, 900, 460, 552, 673, 463, 400, 997, 104, 467, 933, 469, 883, 471, 504, 263, 474, 475, 476, 477, 75, 479, 480, 359, 482, 911, 496, 485, 486, 487, 731, 489, 557, 32, 585, 493, 494, 572, 836, 124, 498, 445, 500, 501, 502, 503, 412, 291, 877, 328, 508, 509, 16, 511, 510, 513, 514, 515, 484, 517, 472, 519, 424, 521, 857, 523, 524, 293, 526, 527, 528, 529, 530, 645, 718, 533, 534, 446, 536, 537, 538, 539, 540, 541, 542, 346, 640, 755, 546, 547, 548, 94, 18, 551, 47, 553, 554, 298, 556, 490, 558, 559, 560, 561, 562, 864, 564, 372, 566, 24, 643, 569, 570, 879, 130, 573, 761, 575, 576, 578, 91, 579, 549, 581, 582, 796, 774, 492, 586, 998, 588, 589, 590, 591, 592, 897, 78, 470, 800, 597, 598, 599, 600, 601, 602, 603, 604, 792, 606, 607, 903, 609, 610, 611, 612, 613, 614, 615, 919, 750, 878, 145, 240, 621, 655, 623, 624, 625, 940, 956, 628, 629, 767, 321, 632, 633, 634, 635, 522, 708, 638, 639, 544, 641, 201, 753, 189, 531, 646, 867, 648, 649, 378, 651, 652, 868, 654, 622, 656, 657, 871, 659, 77, 449, 662, 663, 443, 306, 220, 156, 198, 669, 670, 671, 672, 341, 818, 816, 676, 677, 678, 535, 680, 786, 617, 683, 684, 685, 686, 687, 688, 996, 690, 691, 887, 953, 906, 695, 696, 697, 698, 369, 700, 565, 702, 568, 704, 705, 706, 895, 516, 709, 710, 962, 712, 713, 141, 715, 716, 717, 532, 794, 849, 721, 722, 723, 724, 725, 726, 727, 728, 729, 853, 488, 52, 733, 734, 50, 736, 737, 738, 739, 790, 741, 213, 743, 744, 631, 746, 67, 748, 915, 875, 775, 442, 367, 754, 545, 397, 931, 758, 315, 760, 852, 762, 679, 362, 765, 766, 747, 777, 394, 770, 258, 5, 608, 584, 87, 776, 768, 778, 779, 111, 269, 373, 783, 784, 433, 17, 787, 51, 789, 312, 791, 1000, 793, 719, 795, 304, 797, 798, 319, 596, 801, 413, 803, 804, 805, 806, 807, 808, 809, 810, 353, 812, 813, 814, 815, 675, 219, 674, 692, 820, 230, 848, 823, 824, 825, 96, 827, 828, 829, 830, 422, 832, 920, 834, 101, 580, 837, 838, 217, 840, 594, 393, 843, 668, 845, 846, 847, 880, 720, 850, 329, 574, 730, 841, 855, 661, 74, 858, 859, 860, 861, 735, 863, 563, 143, 866, 647, 653, 869, 870, 118, 872, 873, 19, 65, 121, 506, 618, 571, 876, 881, 882, 884, 396, 885, 711, 899, 888, 889, 890, 587, 892, 893, 197, 100, 896, 228, 898, 819, 459, 300, 902, 811, 904, 905, 236, 907, 908, 405, 261, 483, 912, 409, 842, 63, 244, 917, 918, 616, 833, 921, 949, 923, 924, 444, 627, 927, 928, 320, 930, 874, 465, 468, 934, 935, 994, 937, 938, 939, 626, 941, 942, 943, 944, 945, 273, 947, 948, 922, 950, 926, 985, 693, 954, 955, 951, 913, 958, 959, 132, 961, 886, 963, 964, 965, 966, 453, 968, 969, 970, 971, 972, 973, 177, 975, 976, 286, 978, 979, 980, 981, 982, 310, 984, 707, 33, 987, 988, 989, 71, 991, 992, 993, 583, 995, 689, 932, 268, 999, 83]}