{"num_steps": 1250, "num_stays": 1, "time": 0.10167680100130383, "iter": 1250, "locally": false, "temperature": 0.42061002871312153, "cooling": 1, "distance": 401130961, "path": [454, 2, 3, 4, 772, 6, 7, 605, 28, 377, 11, 303, 13, 276, 15, 360, 681, 345, 757, 864, 21, 593, 438, 331, 239, 26, 957, 881, 745, 25, 31, 417, 989, 347, 35, 36, 37, 38, 39, 117, 41, 42, 43, 44, 45, 94, 461, 288, 49, 254, 788, 732, 442, 54, 55, 56, 910, 141, 206, 809, 61, 62, 749, 373, 152, 823, 630, 68, 198, 507, 990, 72, 73, 462, 478, 762, 660, 493, 389, 80, 81, 82, 8, 84, 658, 86, 751, 88, 89, 308, 577, 443, 93, 637, 177, 114, 97, 98, 428, 952, 512, 102, 103, 313, 105, 106, 946, 108, 548, 110, 793, 112, 154, 826, 115, 484, 40, 259, 841, 120, 329, 122, 123, 497, 578, 316, 491, 128, 129, 495, 131, 960, 133, 312, 205, 136, 137, 138, 139, 140, 714, 142, 865, 144, 339, 146, 398, 748, 149, 150, 18, 981, 153, 113, 155, 667, 157, 158, 159, 160, 161, 162, 163, 919, 165, 166, 167, 168, 421, 447, 29, 172, 173, 174, 126, 176, 431, 178, 921, 180, 181, 569, 183, 184, 185, 315, 369, 188, 698, 284, 191, 192, 193, 194, 584, 434, 894, 787, 199, 200, 642, 408, 203, 63, 135, 525, 207, 208, 440, 210, 211, 212, 229, 214, 856, 216, 267, 675, 817, 666, 221, 222, 60, 232, 586, 752, 227, 22, 742, 821, 231, 224, 233, 234, 327, 694, 237, 411, 763, 620, 241, 242, 243, 916, 10, 837, 247, 531, 750, 59, 251, 252, 615, 862, 337, 256, 257, 771, 248, 441, 780, 262, 473, 264, 265, 266, 891, 147, 332, 270, 403, 272, 107, 274, 66, 382, 277, 393, 279, 280, 281, 282, 283, 190, 285, 255, 287, 773, 794, 290, 505, 292, 250, 294, 486, 296, 297, 96, 299, 967, 983, 302, 12, 936, 305, 786, 307, 90, 925, 564, 311, 600, 466, 314, 759, 175, 410, 318, 799, 929, 900, 351, 323, 324, 325, 854, 24, 196, 851, 330, 567, 781, 333, 334, 855, 336, 116, 839, 664, 340, 636, 342, 343, 344, 58, 456, 831, 348, 349, 350, 992, 352, 48, 238, 355, 368, 357, 358, 665, 835, 432, 223, 521, 364, 426, 366, 703, 363, 699, 370, 371, 701, 813, 374, 375, 376, 356, 326, 379, 550, 381, 14, 416, 384, 385, 386, 387, 388, 79, 390, 391, 164, 914, 769, 395, 595, 756, 829, 937, 464, 401, 402, 271, 404, 909, 406, 407, 30, 27, 317, 354, 518, 457, 414, 171, 383, 127, 418, 419, 435, 169, 34, 301, 520, 425, 365, 427, 99, 429, 430, 974, 361, 187, 836, 420, 436, 437, 23, 439, 209, 260, 226, 619, 309, 499, 245, 170, 448, 215, 450, 610, 452, 57, 1, 455, 802, 543, 458, 415, 607, 552, 673, 132, 400, 997, 104, 467, 933, 469, 883, 471, 504, 263, 474, 475, 476, 477, 795, 479, 480, 359, 482, 911, 496, 485, 295, 487, 731, 489, 557, 32, 999, 940, 494, 572, 53, 124, 498, 445, 500, 501, 502, 503, 412, 291, 877, 328, 508, 509, 16, 511, 510, 513, 563, 515, 852, 517, 472, 519, 424, 904, 857, 838, 524, 293, 526, 527, 528, 529, 530, 645, 718, 533, 534, 446, 536, 537, 538, 539, 540, 541, 542, 346, 640, 755, 546, 71, 594, 46, 151, 322, 47, 553, 554, 298, 556, 490, 558, 559, 522, 561, 562, 85, 202, 372, 566, 235, 643, 182, 570, 879, 130, 573, 761, 399, 576, 125, 91, 579, 549, 581, 582, 796, 774, 492, 225, 998, 588, 589, 590, 591, 592, 897, 78, 470, 800, 597, 598, 599, 740, 601, 602, 603, 604, 641, 606, 460, 903, 934, 451, 611, 612, 613, 614, 253, 392, 905, 878, 145, 240, 621, 655, 623, 624, 625, 650, 956, 628, 629, 767, 321, 632, 633, 634, 635, 560, 648, 638, 639, 544, 792, 201, 753, 189, 20, 646, 867, 708, 649, 378, 651, 652, 868, 654, 962, 656, 657, 871, 659, 77, 449, 880, 683, 92, 306, 220, 156, 320, 669, 670, 671, 672, 341, 818, 816, 9, 677, 678, 859, 680, 481, 939, 663, 684, 685, 686, 687, 688, 996, 690, 691, 887, 953, 906, 695, 696, 697, 961, 785, 700, 565, 702, 861, 704, 523, 706, 895, 516, 709, 710, 622, 712, 713, 380, 715, 716, 717, 532, 289, 689, 721, 722, 723, 815, 725, 726, 727, 728, 729, 784, 488, 52, 733, 984, 50, 100, 737, 738, 739, 790, 741, 213, 743, 744, 631, 746, 67, 148, 915, 875, 775, 70, 367, 754, 545, 397, 931, 758, 186, 760, 977, 76, 109, 362, 765, 766, 747, 777, 394, 770, 258, 5, 608, 874, 87, 776, 768, 778, 719, 111, 269, 64, 783, 853, 433, 17, 844, 51, 789, 134, 791, 1000, 901, 779, 75, 304, 797, 798, 319, 596, 801, 413, 803, 804, 805, 806, 807, 808, 764, 810, 353, 812, 782, 814, 724, 218, 219, 674, 692, 820, 230, 848, 275, 824, 825, 555, 827, 828, 338, 830, 422, 832, 920, 834, 101, 580, 246, 705, 217, 840, 679, 278, 843, 668, 845, 846, 847, 662, 720, 850, 811, 574, 730, 119, 335, 661, 74, 858, 535, 860, 568, 735, 863, 514, 143, 866, 647, 653, 869, 870, 118, 872, 873, 19, 65, 121, 506, 618, 571, 876, 676, 882, 884, 396, 885, 711, 899, 888, 889, 890, 587, 892, 893, 197, 736, 896, 228, 898, 819, 459, 300, 902, 822, 988, 249, 236, 907, 908, 405, 261, 483, 912, 409, 842, 204, 244, 917, 918, 616, 833, 179, 949, 923, 924, 444, 627, 927, 928, 69, 930, 195, 951, 468, 609, 935, 994, 575, 938, 617, 626, 941, 942, 943, 944, 945, 273, 947, 948, 922, 950, 926, 985, 693, 954, 955, 465, 913, 958, 959, 463, 644, 886, 963, 964, 965, 966, 453, 968, 969, 970, 971, 972, 973, 95, 975, 976, 286, 978, 979, 980, 682, 982, 310, 734, 707, 33, 987, 423, 986, 547, 991, 551, 993, 583, 995, 849, 932, 268, 585, 83]}