{"num_steps": 2000, "num_stays": 7, "time": 0.1614017120009521, "iter": 2000, "locally": false, "temperature": 0.3946380808164572, "cooling": 1, "distance": 362402434, "path": [454, 2, 3, 4, 772, 6, 7, 605, 28, 156, 11, 303, 13, 276, 437, 811, 666, 345, 757, 864, 21, 658, 438, 331, 74, 26, 957, 881, 745, 25, 550, 417, 989, 347, 35, 36, 765, 38, 39, 66, 41, 42, 43, 44, 45, 94, 461, 897, 49, 942, 788, 732, 442, 54, 55, 56, 901, 141, 206, 308, 61, 62, 749, 373, 671, 823, 818, 68, 100, 525, 990, 72, 73, 660, 478, 762, 462, 493, 389, 80, 91, 82, 8, 84, 593, 86, 751, 814, 89, 809, 577, 515, 30, 970, 362, 114, 97, 819, 428, 952, 512, 852, 103, 313, 105, 106, 946, 108, 548, 110, 793, 112, 154, 826, 182, 484, 40, 538, 841, 120, 312, 122, 123, 430, 918, 316, 491, 295, 129, 566, 131, 960, 133, 329, 205, 136, 594, 138, 139, 140, 714, 142, 865, 144, 675, 146, 398, 748, 149, 651, 18, 854, 153, 571, 155, 667, 157, 158, 159, 160, 501, 162, 163, 919, 165, 166, 167, 553, 434, 982, 29, 172, 173, 174, 126, 176, 239, 58, 868, 180, 181, 816, 183, 184, 185, 315, 369, 188, 698, 284, 191, 192, 193, 838, 584, 421, 894, 787, 199, 200, 642, 408, 203, 63, 135, 507, 207, 208, 890, 210, 401, 212, 360, 214, 856, 361, 267, 798, 817, 681, 219, 222, 60, 232, 264, 752, 413, 22, 742, 790, 231, 224, 233, 721, 327, 694, 237, 411, 763, 620, 601, 242, 243, 916, 591, 837, 247, 661, 750, 59, 251, 252, 615, 862, 844, 256, 257, 771, 248, 441, 623, 262, 861, 586, 436, 266, 891, 147, 332, 270, 403, 272, 107, 274, 117, 382, 277, 393, 250, 280, 499, 282, 283, 190, 285, 314, 287, 773, 713, 290, 505, 292, 279, 294, 99, 653, 297, 720, 299, 561, 983, 805, 12, 936, 305, 786, 686, 90, 925, 564, 311, 600, 466, 255, 759, 175, 187, 318, 799, 271, 689, 195, 323, 324, 325, 118, 24, 736, 851, 330, 567, 781, 333, 334, 855, 336, 116, 839, 368, 340, 636, 782, 343, 344, 178, 406, 831, 281, 349, 350, 992, 352, 48, 238, 355, 664, 357, 358, 665, 835, 432, 223, 521, 364, 426, 366, 703, 363, 699, 370, 626, 701, 813, 374, 375, 987, 356, 326, 379, 31, 643, 14, 416, 384, 385, 386, 387, 388, 79, 390, 391, 164, 914, 769, 395, 595, 688, 829, 937, 168, 211, 402, 887, 404, 578, 456, 128, 93, 27, 317, 306, 518, 457, 414, 171, 383, 127, 418, 641, 435, 169, 34, 301, 520, 425, 365, 427, 486, 429, 497, 974, 216, 410, 346, 420, 265, 15, 23, 836, 424, 260, 226, 619, 309, 348, 245, 52, 448, 215, 450, 610, 452, 57, 971, 455, 802, 543, 458, 415, 738, 552, 647, 132, 400, 997, 104, 467, 933, 469, 883, 471, 504, 263, 474, 475, 476, 477, 795, 479, 480, 359, 482, 911, 496, 485, 725, 487, 731, 669, 557, 32, 405, 494, 940, 572, 53, 124, 498, 445, 500, 161, 502, 503, 412, 291, 877, 328, 508, 509, 16, 511, 510, 513, 563, 885, 102, 517, 472, 519, 209, 904, 307, 194, 808, 293, 526, 527, 528, 532, 530, 645, 718, 533, 534, 446, 536, 537, 259, 539, 540, 541, 542, 439, 640, 755, 546, 71, 137, 46, 151, 19, 47, 464, 554, 298, 556, 490, 558, 559, 522, 967, 562, 85, 202, 372, 495, 235, 381, 115, 570, 879, 130, 573, 761, 399, 576, 125, 81, 579, 549, 581, 690, 796, 774, 492, 225, 998, 588, 589, 590, 10, 592, 288, 78, 470, 639, 597, 598, 599, 613, 241, 602, 603, 604, 419, 606, 460, 574, 934, 451, 611, 612, 740, 614, 253, 392, 514, 878, 145, 996, 621, 655, 884, 624, 625, 650, 956, 628, 629, 780, 321, 632, 633, 634, 635, 560, 747, 150, 800, 544, 792, 201, 753, 189, 20, 646, 867, 708, 649, 378, 638, 652, 921, 654, 962, 920, 657, 871, 659, 77, 449, 880, 683, 92, 67, 875, 377, 608, 489, 670, 152, 672, 341, 693, 569, 9, 677, 678, 859, 680, 481, 939, 663, 684, 685, 857, 687, 756, 240, 148, 691, 929, 953, 906, 695, 696, 697, 961, 785, 700, 565, 702, 473, 704, 523, 706, 895, 516, 709, 710, 622, 712, 794, 380, 715, 716, 717, 529, 289, 900, 551, 722, 723, 815, 179, 930, 727, 728, 729, 784, 488, 170, 733, 984, 50, 198, 737, 607, 739, 821, 741, 213, 743, 637, 631, 746, 354, 999, 915, 220, 775, 70, 367, 754, 545, 397, 931, 758, 186, 760, 977, 76, 109, 177, 37, 766, 648, 777, 394, 770, 258, 5, 320, 874, 87, 776, 768, 778, 719, 111, 269, 64, 783, 853, 433, 17, 337, 51, 789, 134, 791, 1000, 910, 779, 75, 304, 797, 339, 319, 596, 801, 227, 803, 804, 302, 806, 807, 524, 764, 810, 353, 812, 342, 88, 724, 218, 221, 674, 692, 820, 230, 376, 275, 824, 825, 555, 827, 828, 338, 830, 422, 832, 656, 834, 101, 580, 246, 705, 217, 840, 83, 873, 843, 668, 845, 846, 847, 662, 96, 917, 229, 903, 730, 726, 335, 531, 431, 858, 535, 860, 568, 735, 863, 905, 986, 866, 673, 296, 869, 870, 981, 872, 278, 322, 65, 121, 506, 618, 113, 876, 676, 882, 767, 1, 443, 711, 899, 888, 889, 440, 587, 892, 893, 197, 196, 896, 228, 898, 98, 459, 300, 902, 822, 988, 249, 236, 907, 908, 582, 261, 483, 912, 409, 842, 204, 244, 850, 909, 616, 833, 407, 949, 923, 924, 444, 627, 927, 928, 69, 119, 351, 951, 468, 609, 935, 994, 575, 938, 617, 371, 941, 254, 943, 944, 945, 273, 947, 948, 922, 950, 926, 985, 630, 954, 955, 465, 913, 958, 959, 463, 644, 886, 963, 964, 965, 966, 453, 968, 969, 744, 396, 972, 973, 95, 975, 976, 286, 978, 979, 980, 682, 447, 310, 734, 707, 33, 848, 423, 143, 547, 991, 234, 993, 583, 995, 849, 932, 268, 585, 679]}