{"num_steps": 250, "num_stays": 0, "time": 0.020441922002646606, "iter": 250, "locally": false, "temperature": 0.5425514917581086, "cooling": 1, "distance": 506817284, "path": [1, 2, 3, 4, 5, 6, 7, 8, 28, 245, 11, 303, 13, 276, 15, 101, 681, 18, 757, 248, 21, 22, 438, 331, 25, 26, 27, 9, 171, 408, 31, 32, 33, 34, 35, 36, 37, 38, 39, 40, 41, 42, 43, 44, 45, 46, 47, 903, 49, 862, 788, 52, 70, 54, 55, 56, 910, 58, 206, 60, 61, 62, 915, 64, 65, 66, 67, 68, 69, 328, 71, 72, 73, 74, 75, 76, 77, 78, 389, 80, 81, 82, 83, 84, 85, 86, 751, 88, 89, 90, 91, 92, 93, 637, 95, 96, 97, 98, 99, 952, 16, 102, 103, 313, 105, 106, 107, 108, 109, 110, 57, 112, 113, 826, 115, 116, 117, 118, 119, 120, 880, 122, 123, 124, 125, 316, 127, 128, 129, 572, 131, 132, 133, 134, 205, 136, 137, 138, 139, 140, 714, 142, 865, 144, 664, 146, 268, 148, 149, 150, 151, 875, 153, 154, 155, 156, 157, 158, 159, 160, 161, 162, 163, 164, 165, 166, 167, 168, 169, 447, 29, 172, 173, 174, 126, 176, 974, 178, 179, 180, 181, 182, 183, 184, 185, 186, 187, 188, 189, 190, 191, 192, 193, 194, 195, 53, 197, 198, 199, 200, 642, 202, 203, 204, 135, 293, 207, 208, 440, 210, 211, 212, 213, 214, 215, 216, 217, 218, 817, 220, 221, 222, 223, 224, 225, 442, 227, 228, 229, 230, 231, 232, 233, 234, 235, 236, 237, 238, 535, 240, 241, 242, 243, 244, 10, 246, 247, 20, 249, 250, 251, 252, 253, 254, 255, 256, 257, 258, 658, 260, 780, 262, 263, 264, 265, 266, 267, 147, 269, 270, 403, 272, 946, 274, 275, 382, 277, 278, 279, 280, 281, 282, 283, 284, 285, 977, 287, 288, 289, 290, 291, 292, 59, 294, 295, 296, 297, 298, 299, 967, 423, 302, 12, 994, 305, 665, 307, 308, 444, 983, 311, 740, 104, 314, 315, 175, 317, 318, 319, 320, 745, 322, 323, 324, 325, 378, 327, 196, 851, 330, 24, 332, 333, 334, 335, 336, 337, 338, 339, 340, 636, 342, 343, 344, 345, 346, 347, 348, 349, 350, 351, 352, 48, 354, 355, 377, 357, 358, 481, 360, 361, 362, 239, 364, 426, 366, 367, 368, 369, 370, 371, 372, 373, 374, 375, 376, 356, 326, 379, 380, 381, 14, 383, 384, 385, 386, 387, 388, 79, 390, 391, 392, 842, 394, 395, 884, 756, 398, 399, 400, 401, 402, 271, 404, 405, 406, 407, 30, 409, 410, 411, 518, 413, 414, 415, 416, 417, 418, 419, 420, 421, 831, 301, 424, 425, 365, 427, 428, 429, 430, 431, 432, 433, 434, 435, 436, 437, 23, 439, 209, 441, 226, 619, 309, 499, 446, 170, 448, 449, 450, 451, 452, 901, 454, 455, 456, 457, 458, 459, 460, 552, 462, 463, 464, 465, 466, 467, 933, 469, 470, 471, 412, 473, 474, 475, 476, 477, 478, 479, 480, 359, 482, 483, 484, 485, 486, 487, 731, 489, 490, 491, 492, 493, 494, 495, 496, 497, 498, 445, 500, 501, 502, 503, 504, 505, 877, 507, 508, 509, 512, 511, 510, 513, 514, 515, 94, 517, 472, 519, 520, 521, 857, 523, 524, 525, 526, 527, 528, 529, 530, 531, 718, 533, 534, 363, 536, 537, 538, 539, 540, 541, 542, 543, 544, 545, 546, 547, 548, 836, 550, 551, 461, 553, 554, 555, 556, 557, 558, 559, 560, 561, 562, 563, 564, 565, 566, 567, 568, 569, 570, 879, 130, 573, 761, 575, 576, 578, 577, 579, 549, 581, 582, 796, 774, 585, 586, 839, 588, 589, 590, 591, 592, 593, 841, 595, 800, 597, 598, 599, 600, 601, 602, 603, 604, 605, 606, 607, 608, 609, 610, 611, 612, 613, 614, 615, 616, 617, 618, 443, 620, 621, 622, 623, 624, 625, 940, 951, 628, 629, 630, 631, 632, 633, 634, 635, 522, 708, 638, 639, 640, 641, 201, 753, 644, 645, 646, 647, 648, 649, 650, 651, 652, 868, 654, 655, 656, 657, 259, 659, 660, 661, 662, 663, 145, 306, 666, 667, 844, 669, 670, 671, 672, 341, 818, 816, 676, 677, 678, 679, 680, 786, 750, 683, 684, 685, 686, 687, 688, 689, 690, 691, 887, 693, 694, 695, 696, 697, 698, 699, 700, 701, 702, 703, 704, 705, 706, 895, 516, 709, 710, 962, 712, 713, 141, 715, 716, 717, 532, 794, 720, 721, 722, 723, 724, 725, 726, 727, 728, 729, 730, 488, 732, 733, 734, 735, 736, 737, 738, 739, 790, 741, 742, 743, 744, 321, 746, 747, 748, 749, 682, 87, 752, 643, 754, 755, 397, 19, 758, 759, 760, 574, 762, 763, 764, 765, 766, 767, 777, 769, 770, 771, 772, 773, 584, 775, 776, 768, 778, 779, 111, 781, 782, 783, 784, 785, 17, 787, 51, 789, 312, 791, 792, 793, 719, 795, 583, 797, 798, 799, 596, 801, 802, 803, 804, 805, 806, 807, 808, 809, 810, 353, 812, 813, 814, 815, 675, 219, 674, 692, 820, 821, 822, 823, 824, 825, 114, 827, 828, 829, 830, 422, 832, 833, 834, 835, 580, 837, 838, 891, 840, 594, 393, 843, 668, 845, 846, 847, 848, 849, 850, 329, 852, 853, 854, 855, 856, 673, 858, 859, 860, 861, 50, 863, 864, 143, 866, 867, 653, 869, 870, 871, 872, 873, 931, 152, 121, 506, 878, 571, 876, 881, 882, 883, 396, 885, 711, 819, 888, 889, 890, 587, 892, 893, 894, 707, 896, 897, 898, 899, 900, 300, 902, 811, 904, 905, 906, 907, 908, 909, 261, 911, 912, 957, 914, 63, 916, 917, 918, 919, 920, 921, 922, 923, 924, 925, 627, 927, 928, 929, 930, 874, 932, 468, 934, 935, 936, 937, 938, 939, 626, 941, 942, 943, 944, 945, 273, 947, 948, 949, 950, 926, 985, 953, 954, 955, 956, 913, 958, 959, 960, 961, 886, 963, 964, 965, 966, 453, 968, 969, 970, 971, 972, 973, 177, 975, 976, 286, 978, 979, 980, 981, 982, 310, 984, 100, 986, 987, 988, 989, 990, 991, 992, 993, 304, 995, 996, 997, 998, 999, 1000]}