{"num_steps": 1500, "num_stays": 1, "time": 0.12174111900094431, "iter": 1500, "locally": false, "temperature": 0.4101412716225879, "cooling": 1, "distance": 382266548, "path": [454, 2, 3, 4, 772, 6, 7, 605, 28, 377, 11, 303, 13, 276, 437, 229, 681, 345, 757, 864, 21, 593, 438, 331, 74, 26, 957, 881, 745, 25, 550, 417, 989, 347, 35, 36, 37, 38, 39, 117, 41, 42, 43, 44, 45, 94, 461, 288, 49, 942, 788, 732, 442, 54, 55, 56, 910, 141, 206, 308, 61, 62, 749, 373, 671, 823, 630, 68, 198, 507, 990, 72, 73, 462, 478, 762, 660, 493, 389, 80, 81, 82, 8, 84, 658, 86, 751, 88, 89, 809, 577, 515, 93, 637, 177, 114, 97, 98, 428, 952, 512, 852, 103, 313, 105, 106, 946, 108, 548, 110, 793, 112, 154, 826, 182, 484, 40, 259, 841, 120, 329, 122, 123, 430, 918, 316, 491, 128, 129, 566, 131, 960, 133, 312, 205, 136, 594, 138, 139, 140, 714, 142, 865, 144, 675, 146, 398, 748, 149, 150, 18, 981, 153, 113, 155, 667, 157, 158, 159, 160, 161, 162, 163, 919, 165, 166, 167, 553, 421, 447, 29, 172, 173, 174, 126, 176, 239, 178, 921, 180, 181, 569, 183, 184, 185, 315, 369, 188, 698, 284, 191, 192, 193, 838, 584, 434, 894, 787, 199, 200, 642, 408, 203, 63, 135, 525, 207, 208, 440, 210, 401, 212, 360, 214, 856, 361, 267, 339, 817, 666, 219, 222, 60, 232, 264, 752, 413, 22, 742, 790, 231, 224, 233, 721, 327, 694, 237, 411, 763, 620, 241, 242, 243, 916, 10, 837, 247, 661, 750, 59, 251, 252, 615, 862, 337, 256, 257, 771, 248, 441, 780, 262, 861, 586, 436, 266, 891, 147, 332, 270, 403, 272, 107, 274, 66, 382, 277, 393, 279, 280, 348, 282, 283, 190, 285, 255, 287, 773, 713, 290, 505, 292, 250, 294, 99, 296, 297, 96, 299, 967, 983, 302, 12, 936, 305, 786, 686, 90, 925, 564, 311, 600, 466, 314, 759, 175, 187, 318, 799, 271, 689, 351, 323, 324, 325, 854, 24, 196, 851, 330, 567, 781, 333, 334, 855, 336, 116, 839, 664, 340, 636, 782, 343, 344, 58, 406, 831, 281, 349, 350, 992, 352, 48, 238, 355, 368, 357, 358, 665, 835, 432, 223, 521, 364, 426, 366, 703, 363, 699, 370, 371, 701, 813, 374, 375, 987, 356, 326, 379, 31, 381, 14, 416, 384, 385, 386, 387, 388, 79, 390, 391, 164, 914, 769, 395, 595, 688, 829, 937, 168, 211, 402, 887, 404, 909, 456, 407, 30, 27, 317, 354, 518, 457, 414, 171, 383, 127, 418, 419, 435, 169, 34, 301, 520, 425, 365, 427, 486, 429, 497, 974, 216, 410, 346, 420, 265, 15, 23, 836, 209, 260, 226, 619, 309, 499, 245, 170, 448, 215, 450, 610, 452, 57, 1, 455, 802, 543, 458, 415, 738, 552, 673, 132, 400, 997, 104, 467, 933, 469, 883, 471, 504, 263, 474, 475, 476, 477, 795, 479, 480, 359, 482, 911, 496, 485, 295, 487, 731, 489, 557, 32, 405, 940, 494, 572, 53, 124, 498, 445, 500, 501, 502, 503, 412, 291, 877, 328, 508, 509, 16, 511, 510, 513, 563, 885, 102, 517, 472, 519, 424, 904, 857, 194, 808, 293, 526, 527, 528, 529, 530, 645, 718, 533, 534, 446, 536, 537, 538, 539, 540, 541, 542, 439, 640, 755, 546, 71, 137, 46, 151, 322, 47, 464, 554, 298, 556, 490, 558, 559, 522, 561, 562, 85, 202, 372, 495, 235, 643, 115, 570, 879, 130, 573, 761, 399, 576, 125, 91, 579, 549, 581, 582, 796, 774, 492, 225, 998, 588, 589, 590, 591, 592, 897, 78, 470, 639, 597, 598, 599, 613, 601, 602, 603, 604, 641, 606, 460, 903, 934, 451, 611, 612, 740, 614, 253, 392, 905, 878, 145, 996, 621, 655, 623, 624, 625, 650, 956, 628, 629, 767, 321, 632, 633, 634, 635, 560, 648, 638, 800, 544, 792, 201, 753, 189, 20, 646, 867, 708, 649, 378, 651, 652, 868, 654, 962, 656, 657, 871, 659, 77, 449, 880, 683, 92, 67, 220, 156, 608, 669, 670, 152, 672, 341, 693, 816, 9, 677, 678, 859, 680, 481, 939, 663, 684, 685, 307, 687, 756, 240, 690, 691, 929, 953, 906, 695, 696, 697, 961, 785, 700, 565, 702, 473, 704, 523, 706, 895, 516, 709, 710, 622, 712, 794, 380, 715, 716, 717, 532, 289, 900, 234, 722, 723, 815, 179, 726, 727, 728, 729, 784, 488, 52, 733, 984, 50, 100, 737, 607, 739, 821, 741, 213, 743, 970, 631, 746, 306, 148, 915, 875, 775, 70, 367, 754, 545, 397, 931, 758, 186, 760, 977, 76, 109, 362, 765, 766, 747, 777, 394, 770, 258, 5, 320, 874, 87, 776, 768, 778, 719, 111, 269, 64, 783, 853, 433, 17, 844, 51, 789, 134, 791, 1000, 901, 779, 75, 304, 797, 798, 319, 596, 801, 227, 803, 804, 805, 806, 807, 524, 764, 810, 353, 812, 342, 814, 724, 218, 221, 674, 692, 820, 230, 848, 275, 824, 825, 555, 827, 828, 338, 830, 422, 832, 920, 834, 101, 580, 246, 705, 217, 840, 679, 278, 843, 668, 845, 846, 847, 662, 720, 917, 811, 574, 730, 930, 335, 531, 431, 858, 535, 860, 568, 735, 863, 514, 143, 866, 647, 653, 869, 870, 118, 872, 873, 19, 65, 121, 506, 618, 571, 876, 676, 882, 884, 971, 443, 711, 899, 888, 889, 890, 587, 892, 893, 197, 736, 896, 228, 898, 819, 459, 300, 902, 822, 988, 249, 236, 907, 908, 999, 261, 483, 912, 409, 842, 204, 244, 850, 578, 616, 833, 725, 949, 923, 924, 444, 627, 927, 928, 69, 119, 195, 951, 468, 609, 935, 994, 575, 938, 617, 626, 941, 254, 943, 944, 945, 273, 947, 948, 922, 950, 926, 985, 818, 954, 955, 465, 913, 958, 959, 463, 644, 886, 963, 964, 965, 966, 453, 968, 969, 744, 396, 972, 973, 95, 975, 976, 286, 978, 979, 980, 682, 982, 310, 734, 707, 33, 376, 423, 986, 547, 991, 551, 993, 583, 995, 849, 932, 268, 585, 83]}