{"num_steps": 5000, "num_stays": 0, "time": 94.58189991600011, "iter": 5000, "locally": true, "temperature": 0.3522121755231006, "cooling": 1, "distance": 55388, "path": [115, 46, 3, 136, 71, 14, 29, 35, 150, 23, 98, 91, 45, 109, 32, 11, 15, 17, 79, 137, 88, 16, 94, 22, 70, 66, 4, 34, 132, 112, 39, 33, 146, 103, 37, 5, 96, 78, 52, 48, 100, 41, 128, 43, 123, 83, 117, 7, 9, 85, 101, 121, 30, 107, 135, 140, 145, 87, 47, 113, 63, 6, 49, 75, 97, 139, 92, 130, 1, 19, 53, 134, 18, 111, 102, 99, 104, 84, 10, 108, 73, 50, 116, 82, 126, 68, 81, 25, 42, 122, 8, 28, 93, 61, 125, 51, 110, 77, 62, 60, 59, 127, 36, 38, 24, 106, 90, 72, 21, 74, 141, 131, 69, 114, 44, 2, 144, 56, 143, 119, 80, 31, 89, 133, 148, 57, 12, 27, 86, 20, 58, 105, 142, 67, 64, 40, 54, 138, 65, 129, 26, 124, 118, 95, 76, 13, 147, 55, 149, 120]}