{"num_steps": 1750, "num_stays": 0, "time": 581.9285476270015, "iter": 1750, "locally": true, "temperature": 2, "cooling": 0.40168637196502455, "distance": 97530500, "path": [950, 318, 831, 273, 504, 304, 26, 834, 319, 81, 542, 443, 366, 759, 91, 246, 105, 675, 490, 755, 178, 741, 678, 142, 247, 951, 919, 753, 590, 457, 129, 451, 169, 253, 467, 852, 39, 7, 537, 554, 473, 843, 895, 961, 706, 507, 811, 763, 199, 748, 594, 650, 977, 291, 411, 138, 83, 990, 570, 162, 309, 195, 11, 497, 5, 545, 558, 654, 67, 1000, 665, 58, 110, 244, 894, 651, 266, 882, 679, 182, 964, 372, 967, 348, 521, 711, 796, 974, 819, 868, 800, 642, 600, 45, 836, 750, 71, 996, 695, 472, 115, 535, 766, 424, 188, 681, 953, 747, 237, 865, 621, 120, 740, 408, 872, 430, 276, 450, 215, 218, 133, 613, 985, 19, 325, 539, 992, 991, 513, 828, 179, 938, 948, 789, 555, 601, 260, 884, 422, 538, 180, 18, 364, 575, 832, 452, 686, 356, 16, 459, 355, 488, 384, 202, 57, 614, 734, 658, 164, 528, 652, 509, 165, 689, 261, 303, 589, 482, 849, 17, 203, 349, 281, 921, 337, 566, 170, 646, 23, 925, 844, 957, 673, 784, 548, 381, 37, 177, 713, 342, 155, 438, 479, 94, 345, 431, 671, 368, 66, 694, 560, 786, 875, 220, 258, 922, 46, 53, 968, 637, 915, 144, 326, 931, 760, 987, 31, 511, 806, 636, 777, 397, 944, 531, 186, 50, 978, 383, 371, 516, 135, 851, 70, 126, 294, 604, 886, 154, 767, 640, 190, 150, 727, 610, 32, 687, 656, 995, 677, 965, 350, 145, 662, 997, 896, 64, 510, 200, 49, 854, 994, 612, 14, 485, 231, 856, 217, 906, 28, 302, 577, 184, 389, 24, 744, 122, 207, 769, 136, 625, 862, 649, 219, 541, 287, 576, 153, 157, 492, 536, 125, 738, 878, 112, 205, 749, 780, 959, 787, 976, 100, 804, 370, 574, 233, 189, 22, 311, 230, 647, 198, 700, 630, 761, 873, 13, 212, 927, 911, 20, 375, 674, 897, 252, 254, 838, 553, 791, 234, 185, 606, 572, 68, 724, 9, 715, 78, 508, 347, 106, 330, 483, 699, 305, 466, 635, 447, 321, 76, 690, 43, 532, 930, 829, 21, 196, 858, 292, 620, 130, 59, 241, 879, 127, 163, 462, 989, 72, 592, 788, 391, 582, 762, 34, 429, 216, 580, 866, 586, 795, 668, 313, 785, 801, 932, 670, 376, 904, 257, 269, 605, 478, 622, 752, 274, 867, 30, 104, 243, 547, 648, 339, 238, 236, 52, 256, 99, 394, 877, 316, 334, 453, 440, 501, 284, 27, 742, 552, 95, 465, 84, 498, 282, 905, 493, 228, 455, 433, 448, 603, 874, 593, 816, 460, 211, 827, 803, 374, 920, 61, 672, 917, 979, 664, 682, 140, 797, 562, 702, 262, 942, 296, 776, 400, 908, 486, 837, 975, 928, 175, 33, 359, 412, 892, 1, 300, 971, 757, 561, 512, 598, 515, 565, 898, 407, 245, 907, 703, 396, 275, 937, 842, 387, 864, 279, 240, 193, 441, 876, 615, 314, 623, 378, 290, 98, 688, 141, 283, 160, 354, 10, 639, 87, 943, 587, 134, 404, 123, 520, 8, 382, 645, 393, 659, 914, 40, 192, 900, 893, 80, 657, 117, 826, 398, 502, 735, 941, 805, 315, 790, 298, 820, 223, 432, 132, 147, 353, 128, 939, 833, 527, 540, 390, 743, 406, 830, 77, 385, 534, 524, 633, 608, 250, 624, 952, 386, 335, 771, 981, 698, 697, 810, 597, 503, 362, 102, 480, 899, 863, 846, 809, 559, 344, 683, 883, 74, 416, 143, 97, 745, 317, 708, 484, 644, 729, 655, 248, 825, 926, 573, 410, 736, 54, 701, 602, 270, 859, 213, 152, 544, 514, 280, 158, 595, 454, 578, 426, 15, 807, 972, 265, 232, 523, 436, 131, 638, 194, 712, 259, 299, 666, 373, 632, 229, 567, 704, 360, 44, 340, 312, 499, 557, 395, 288, 617, 626, 167, 924, 176, 377, 489, 722, 845, 993, 444, 272, 468, 171, 475, 599, 92, 693, 936, 526, 775, 839, 263, 137, 923, 860, 568, 556, 619, 935, 680, 456, 278, 267, 881, 841, 327, 183, 79, 414, 118, 684, 413, 721, 201, 361, 616, 869, 63, 733, 530, 725, 286, 581, 823, 910, 173, 487, 289, 3, 328, 818, 731, 629, 495, 550, 417, 916, 718, 85, 255, 634, 324, 146, 82, 214, 783, 779, 51, 940, 114, 494, 857, 798, 320, 409, 591, 822, 949, 853, 101, 913, 765, 918, 363, 984, 737, 295, 477, 667, 794, 707, 945, 808, 476, 500, 609, 403, 29, 25, 551, 835, 42, 714, 970, 139, 210, 329, 249, 331, 449, 172, 980, 439, 96, 208, 310, 505, 285, 728, 817, 871, 518, 306, 768, 792, 802, 660, 955, 159, 999, 966, 323, 88, 782, 474, 343, 89, 584, 998, 62, 982, 720, 756, 47, 885, 427, 204, 168, 778, 308, 399, 663, 113, 423, 773, 332, 988, 781, 109, 401, 445, 522, 358, 181, 716, 676, 730, 4, 903, 723, 434, 958, 209, 421, 661, 379, 847, 425, 799, 815, 732, 611, 69, 583, 60, 607, 564, 56, 861, 191, 891, 946, 543, 108, 277, 627, 960, 546, 222, 963, 38, 685, 496, 36, 653, 643, 12, 813, 221, 55, 271, 419, 751, 710, 469, 669, 628, 912, 947, 934, 956, 889, 333, 887, 641, 533, 986, 585, 902, 770, 148, 338, 746, 251, 242, 341, 962, 365, 187, 754, 322, 90, 166, 471, 692, 880, 458, 351, 954, 6, 772, 463, 380, 888, 983, 618, 691, 709, 402, 569, 2, 631, 929, 850, 388, 793, 696, 579, 226, 149, 821, 855, 840, 111, 529, 415, 174, 470, 65, 890, 86, 464, 437, 525, 969, 719, 481, 225, 549, 588, 197, 563, 336, 428, 268, 420, 824, 764, 973, 812, 739, 352, 596, 93, 75, 301, 161, 264, 435, 392, 571, 774, 48, 446, 206, 224, 346, 235, 909, 726, 293, 307, 41, 116, 418, 461, 933, 239, 491, 506, 151, 121, 357, 717, 814, 758, 119, 405, 442, 519, 297, 517, 227, 107, 124, 103, 848, 870, 369, 705, 73, 367, 901, 35, 156]}