{"num_steps": 1250, "num_stays": 0, "time": 416.1196348800004, "iter": 1250, "locally": true, "temperature": 2, "cooling": 0.42061002871312153, "distance": 106606881, "path": [475, 377, 294, 933, 41, 304, 26, 834, 319, 81, 542, 443, 366, 759, 972, 246, 105, 675, 490, 738, 703, 320, 678, 142, 209, 951, 415, 753, 590, 872, 129, 939, 253, 774, 467, 874, 278, 761, 189, 473, 820, 843, 895, 706, 132, 147, 397, 811, 199, 748, 594, 650, 977, 120, 32, 555, 259, 505, 285, 763, 162, 116, 11, 497, 5, 545, 954, 654, 67, 1000, 613, 425, 167, 92, 379, 114, 266, 882, 275, 937, 679, 196, 608, 633, 858, 472, 427, 204, 641, 280, 797, 21, 510, 45, 836, 750, 71, 996, 428, 155, 908, 535, 766, 424, 188, 825, 892, 557, 237, 865, 621, 291, 677, 308, 457, 430, 276, 450, 215, 630, 803, 883, 469, 888, 325, 539, 992, 991, 513, 958, 938, 179, 462, 919, 51, 601, 620, 260, 884, 422, 299, 800, 777, 511, 832, 452, 686, 682, 140, 459, 355, 488, 384, 202, 57, 614, 734, 658, 917, 528, 652, 509, 736, 689, 261, 303, 801, 201, 849, 17, 203, 349, 111, 619, 840, 566, 337, 646, 905, 925, 844, 957, 673, 784, 548, 515, 598, 224, 264, 712, 792, 857, 479, 345, 310, 431, 671, 368, 66, 694, 560, 786, 626, 220, 258, 922, 46, 53, 968, 929, 983, 618, 144, 931, 760, 987, 575, 31, 636, 806, 364, 744, 944, 186, 540, 605, 478, 383, 371, 516, 476, 35, 950, 341, 863, 878, 541, 729, 767, 625, 387, 561, 952, 152, 798, 940, 257, 995, 740, 99, 411, 662, 896, 997, 64, 642, 600, 994, 49, 854, 200, 819, 14, 485, 231, 856, 217, 906, 841, 549, 894, 661, 421, 247, 389, 340, 279, 900, 534, 640, 862, 649, 219, 648, 604, 314, 125, 492, 335, 536, 153, 576, 287, 623, 205, 749, 780, 959, 112, 398, 100, 804, 574, 370, 233, 22, 298, 311, 230, 596, 785, 721, 978, 660, 726, 482, 589, 881, 212, 13, 927, 911, 263, 252, 254, 793, 553, 70, 234, 185, 606, 572, 68, 9, 724, 715, 78, 508, 347, 106, 330, 483, 434, 305, 466, 635, 447, 321, 76, 499, 953, 438, 406, 914, 77, 967, 372, 190, 150, 130, 59, 241, 879, 127, 163, 581, 989, 72, 788, 711, 974, 789, 762, 696, 429, 216, 580, 866, 795, 586, 668, 700, 361, 413, 616, 926, 376, 83, 743, 336, 582, 412, 622, 752, 274, 525, 30, 104, 755, 822, 886, 238, 339, 236, 52, 256, 24, 746, 487, 316, 334, 731, 723, 501, 284, 27, 742, 552, 313, 932, 955, 498, 282, 109, 493, 228, 455, 433, 448, 988, 781, 593, 816, 460, 211, 827, 36, 181, 920, 61, 672, 664, 979, 164, 356, 16, 538, 562, 702, 262, 776, 296, 942, 400, 115, 486, 837, 975, 928, 33, 410, 584, 307, 309, 830, 300, 971, 757, 385, 346, 37, 177, 565, 898, 407, 245, 907, 547, 396, 842, 182, 964, 655, 512, 893, 240, 193, 441, 876, 615, 243, 787, 378, 290, 420, 688, 141, 283, 160, 354, 10, 611, 87, 943, 587, 134, 404, 123, 520, 8, 381, 645, 393, 659, 1, 769, 192, 229, 40, 80, 657, 117, 826, 504, 502, 735, 941, 805, 315, 873, 537, 554, 223, 352, 812, 739, 353, 93, 737, 639, 527, 390, 570, 990, 531, 145, 43, 524, 136, 85, 348, 521, 250, 624, 292, 610, 386, 771, 981, 698, 697, 810, 713, 725, 286, 102, 480, 517, 445, 831, 809, 559, 344, 683, 850, 74, 416, 143, 317, 745, 97, 708, 484, 644, 154, 871, 829, 930, 437, 456, 573, 165, 55, 271, 617, 270, 859, 902, 514, 544, 727, 651, 158, 595, 454, 578, 15, 426, 807, 265, 232, 638, 523, 436, 131, 60, 583, 796, 868, 747, 532, 180, 207, 632, 567, 704, 44, 360, 312, 690, 122, 18, 395, 701, 54, 791, 924, 133, 176, 195, 273, 365, 845, 272, 444, 993, 468, 846, 110, 221, 58, 665, 936, 526, 401, 833, 295, 69, 909, 860, 568, 556, 149, 226, 680, 39, 267, 7, 790, 34, 563, 302, 577, 79, 183, 327, 891, 95, 198, 670, 218, 869, 63, 408, 168, 503, 362, 948, 148, 910, 717, 453, 818, 3, 328, 289, 440, 629, 495, 916, 417, 550, 718, 255, 864, 634, 324, 82, 146, 853, 214, 779, 695, 612, 656, 213, 687, 494, 741, 409, 591, 178, 949, 783, 91, 913, 765, 946, 918, 984, 732, 461, 775, 113, 794, 707, 667, 808, 463, 500, 609, 693, 29, 25, 551, 835, 42, 714, 970, 139, 210, 329, 249, 331, 449, 172, 980, 439, 96, 208, 94, 373, 666, 728, 817, 248, 518, 306, 768, 301, 477, 194, 84, 159, 999, 966, 323, 88, 782, 474, 343, 89, 464, 976, 921, 982, 170, 756, 391, 821, 592, 47, 778, 530, 733, 399, 451, 663, 423, 773, 332, 169, 852, 885, 489, 171, 522, 358, 403, 716, 676, 730, 4, 903, 877, 699, 965, 138, 350, 197, 118, 374, 380, 799, 815, 318, 20, 802, 685, 101, 607, 465, 56, 191, 861, 564, 363, 543, 108, 277, 627, 960, 546, 222, 963, 38, 945, 496, 875, 653, 643, 12, 813, 847, 602, 288, 419, 751, 985, 710, 669, 628, 912, 947, 934, 956, 889, 333, 887, 23, 533, 986, 585, 828, 770, 394, 823, 338, 251, 242, 126, 962, 851, 187, 754, 322, 90, 166, 471, 458, 880, 692, 351, 558, 6, 135, 772, 599, 19, 326, 915, 691, 709, 402, 569, 2, 631, 637, 244, 388, 838, 28, 62, 935, 579, 269, 855, 720, 281, 529, 50, 119, 470, 65, 890, 86, 175, 359, 867, 969, 719, 481, 225, 684, 588, 414, 184, 904, 681, 268, 98, 824, 157, 973, 961, 507, 432, 647, 128, 75, 161, 597, 342, 571, 392, 435, 603, 48, 446, 206, 382, 764, 235, 923, 137, 293, 107, 124, 674, 998, 897, 418, 506, 491, 239, 151, 121, 357, 173, 814, 758, 405, 174, 442, 297, 519, 899, 227, 839, 375, 103, 848, 870, 369, 705, 73, 367, 901, 722, 156]}