{"num_steps": 5000, "num_stays": 1213, "time": 1608.6304117700056, "iter": 5000, "locally": true, "temperature": 2, "cooling": 0.3522121755231006, "distance": 89105687, "path": [950, 654, 831, 732, 976, 342, 381, 27, 501, 284, 542, 443, 366, 759, 214, 128, 105, 675, 490, 262, 702, 741, 868, 990, 789, 563, 34, 753, 590, 457, 429, 113, 169, 253, 467, 852, 278, 7, 537, 554, 473, 843, 895, 961, 706, 507, 904, 744, 763, 748, 594, 650, 977, 291, 411, 965, 740, 302, 462, 955, 309, 195, 73, 11, 5, 545, 558, 318, 791, 936, 1000, 58, 110, 244, 736, 894, 514, 544, 150, 190, 372, 615, 967, 348, 521, 248, 825, 494, 114, 695, 237, 865, 621, 45, 836, 750, 71, 652, 350, 592, 493, 486, 472, 428, 798, 32, 406, 747, 364, 18, 992, 811, 819, 129, 216, 430, 215, 450, 432, 932, 133, 613, 985, 61, 19, 931, 305, 991, 513, 828, 179, 938, 118, 995, 259, 260, 601, 884, 422, 830, 180, 499, 600, 575, 832, 452, 686, 356, 16, 729, 484, 644, 154, 202, 57, 240, 734, 658, 164, 528, 996, 395, 174, 517, 89, 303, 589, 482, 849, 17, 203, 14, 231, 856, 595, 906, 217, 47, 885, 925, 593, 304, 957, 784, 26, 548, 37, 177, 713, 764, 235, 953, 479, 94, 345, 431, 671, 368, 66, 694, 560, 786, 875, 609, 258, 922, 46, 220, 968, 618, 915, 144, 326, 120, 760, 199, 31, 511, 806, 636, 777, 539, 99, 588, 581, 109, 84, 383, 100, 371, 135, 851, 674, 998, 688, 266, 679, 718, 625, 640, 964, 387, 727, 512, 610, 687, 656, 743, 83, 138, 397, 145, 662, 896, 997, 76, 510, 200, 49, 854, 994, 940, 51, 257, 269, 855, 935, 840, 111, 577, 184, 678, 389, 24, 800, 64, 914, 1, 136, 767, 862, 649, 219, 541, 117, 878, 98, 157, 492, 407, 125, 547, 112, 396, 384, 749, 780, 959, 787, 497, 516, 804, 370, 574, 233, 189, 22, 596, 311, 647, 198, 700, 630, 761, 873, 13, 212, 927, 911, 20, 375, 107, 418, 445, 126, 341, 67, 846, 234, 185, 606, 572, 68, 724, 9, 715, 78, 508, 347, 106, 330, 483, 325, 557, 642, 466, 321, 312, 122, 690, 43, 532, 930, 829, 21, 196, 858, 292, 620, 677, 130, 241, 879, 127, 582, 556, 619, 226, 149, 579, 376, 336, 540, 527, 408, 872, 580, 866, 586, 795, 668, 313, 785, 801, 721, 218, 337, 566, 680, 756, 170, 720, 982, 622, 752, 867, 268, 104, 243, 703, 648, 339, 238, 236, 52, 937, 655, 394, 877, 334, 316, 506, 814, 698, 520, 960, 742, 552, 95, 465, 137, 50, 529, 905, 204, 228, 455, 433, 448, 603, 874, 844, 816, 460, 211, 827, 803, 374, 920, 338, 672, 917, 979, 664, 682, 140, 561, 275, 591, 822, 755, 942, 641, 400, 908, 437, 837, 975, 928, 175, 359, 33, 573, 892, 324, 300, 971, 77, 797, 280, 598, 515, 565, 335, 536, 781, 907, 738, 826, 398, 80, 85, 634, 864, 279, 876, 193, 441, 614, 255, 604, 623, 378, 290, 153, 824, 986, 283, 160, 10, 354, 639, 87, 943, 587, 478, 281, 81, 319, 834, 8, 645, 393, 152, 207, 40, 192, 900, 893, 769, 182, 842, 256, 562, 788, 735, 941, 805, 315, 790, 298, 820, 223, 276, 132, 147, 353, 246, 939, 833, 605, 390, 531, 213, 438, 538, 757, 385, 524, 534, 633, 608, 250, 624, 952, 386, 898, 206, 382, 981, 697, 810, 673, 725, 919, 498, 282, 899, 471, 294, 809, 559, 344, 683, 420, 416, 355, 143, 745, 97, 317, 459, 708, 392, 435, 314, 651, 857, 612, 944, 59, 119, 54, 701, 602, 270, 209, 902, 570, 186, 28, 264, 779, 783, 454, 578, 426, 15, 807, 972, 265, 91, 131, 436, 232, 638, 194, 712, 555, 299, 666, 373, 632, 229, 567, 704, 360, 44, 340, 447, 635, 987, 699, 288, 55, 626, 167, 924, 176, 377, 489, 722, 845, 993, 444, 272, 468, 171, 475, 599, 92, 693, 665, 526, 553, 401, 227, 978, 923, 860, 568, 134, 349, 404, 926, 456, 39, 267, 881, 503, 327, 183, 79, 414, 948, 684, 670, 413, 201, 361, 616, 869, 63, 733, 530, 415, 480, 163, 823, 910, 173, 487, 289, 3, 328, 818, 731, 629, 495, 417, 550, 916, 205, 886, 287, 576, 657, 30, 82, 146, 597, 518, 535, 115, 155, 681, 141, 882, 320, 409, 178, 296, 853, 973, 101, 913, 765, 918, 363, 984, 737, 295, 477, 794, 707, 667, 705, 808, 476, 53, 500, 403, 29, 25, 835, 551, 42, 714, 970, 139, 210, 329, 249, 331, 449, 172, 980, 439, 208, 96, 310, 505, 285, 817, 728, 871, 659, 766, 306, 792, 802, 263, 166, 251, 999, 966, 782, 88, 323, 474, 343, 464, 584, 504, 921, 62, 646, 23, 989, 72, 427, 158, 168, 778, 308, 399, 663, 451, 423, 773, 332, 988, 245, 585, 660, 322, 522, 358, 181, 716, 676, 730, 4, 903, 723, 770, 142, 247, 421, 661, 379, 847, 159, 799, 815, 502, 611, 69, 583, 60, 607, 564, 56, 861, 191, 891, 946, 543, 108, 277, 627, 123, 546, 222, 963, 38, 685, 945, 36, 653, 643, 813, 12, 425, 221, 271, 419, 751, 710, 469, 669, 628, 912, 947, 934, 956, 889, 333, 887, 883, 165, 880, 859, 958, 434, 509, 148, 758, 617, 242, 70, 962, 365, 187, 754, 273, 461, 933, 863, 692, 458, 351, 689, 954, 6, 772, 463, 380, 888, 637, 983, 691, 709, 402, 569, 2, 631, 929, 850, 388, 793, 838, 254, 102, 286, 362, 549, 841, 696, 762, 197, 951, 470, 65, 890, 86, 410, 525, 274, 969, 719, 481, 225, 485, 391, 821, 974, 796, 711, 776, 533, 188, 161, 523, 812, 739, 352, 230, 93, 75, 301, 768, 949, 74, 488, 571, 774, 48, 446, 771, 224, 346, 424, 909, 726, 293, 116, 41, 307, 839, 775, 90, 239, 491, 453, 151, 121, 357, 717, 440, 746, 252, 405, 442, 519, 297, 162, 124, 897, 496, 870, 848, 103, 369, 412, 261, 367, 901, 35, 156]}