{"num_steps": 1500, "num_stays": 0, "time": 501.5370555069967, "iter": 1500, "locally": true, "temperature": 2, "cooling": 0.4101412716225879, "distance": 107742687, "path": [888, 956, 730, 676, 234, 875, 264, 810, 698, 457, 932, 873, 13, 212, 408, 639, 283, 486, 472, 601, 884, 260, 898, 284, 501, 206, 536, 720, 579, 995, 677, 99, 740, 762, 696, 503, 837, 975, 670, 218, 71, 42, 714, 139, 734, 704, 635, 200, 575, 120, 358, 827, 468, 403, 110, 208, 96, 672, 395, 209, 958, 434, 270, 509, 491, 818, 4, 903, 569, 289, 487, 178, 629, 959, 495, 623, 703, 243, 245, 603, 455, 82, 146, 159, 151, 121, 326, 61, 881, 276, 706, 132, 95, 544, 150, 727, 512, 407, 48, 834, 15, 426, 607, 246, 128, 976, 726, 137, 50, 415, 362, 540, 940, 114, 695, 612, 213, 397, 744, 987, 748, 199, 594, 977, 59, 127, 174, 926, 700, 507, 961, 895, 473, 189, 315, 782, 88, 480, 184, 678, 828, 142, 247, 894, 737, 552, 742, 918, 667, 874, 657, 117, 396, 547, 738, 30, 420, 115, 725, 109, 84, 955, 309, 978, 923, 153, 787, 378, 824, 776, 910, 440, 823, 118, 197, 527, 974, 882, 937, 275, 562, 687, 414, 70, 185, 258, 46, 483, 254, 777, 285, 192, 900, 302, 588, 286, 581, 992, 510, 447, 360, 255, 767, 154, 339, 238, 44, 66, 694, 210, 237, 663, 586, 223, 432, 843, 554, 537, 370, 220, 53, 792, 301, 477, 75, 945, 295, 490, 675, 580, 866, 311, 93, 228, 986, 287, 886, 604, 80, 52, 591, 822, 98, 290, 907, 781, 125, 193, 249, 329, 356, 16, 557, 539, 494, 857, 32, 555, 259, 651, 141, 492, 515, 224, 157, 266, 655, 190, 610, 166, 489, 722, 89, 927, 298, 313, 785, 278, 39, 928, 584, 517, 297, 252, 814, 717, 334, 316, 506, 453, 173, 227, 897, 168, 231, 856, 535, 428, 798, 817, 728, 248, 688, 235, 342, 597, 194, 590, 361, 721, 413, 801, 630, 7, 790, 519, 442, 847, 602, 617, 419, 251, 19, 618, 631, 2, 3, 328, 439, 980, 560, 786, 731, 470, 877, 394, 186, 990, 570, 902, 770, 244, 242, 318, 156, 303, 705, 308, 849, 160, 353, 352, 230, 105, 746, 338, 758, 701, 175, 201, 198, 22, 761, 754, 187, 497, 383, 100, 371, 516, 135, 791, 599, 167, 815, 924, 377, 950, 684, 533, 585, 205, 541, 649, 648, 236, 292, 422, 830, 600, 164, 979, 431, 240, 340, 314, 826, 398, 711, 582, 951, 241, 388, 880, 458, 195, 732, 20, 482, 410, 412, 493, 908, 400, 641, 681, 155, 796, 336, 577, 79, 183, 327, 841, 802, 113, 939, 129, 429, 430, 450, 215, 988, 332, 435, 625, 614, 441, 331, 172, 449, 45, 919, 529, 26, 319, 81, 960, 765, 913, 543, 108, 277, 627, 101, 267, 911, 323, 474, 330, 922, 347, 572, 606, 846, 475, 176, 12, 380, 883, 803, 171, 6, 5, 941, 735, 545, 558, 73, 901, 367, 954, 444, 272, 653, 181, 983, 637, 214, 673, 957, 783, 261, 343, 11, 851, 772, 993, 724, 809, 559, 9, 715, 344, 683, 889, 934, 723, 760, 18, 122, 21, 620, 797, 280, 393, 381, 981, 697, 520, 123, 807, 578, 454, 831, 689, 351, 838, 102, 563, 789, 324, 971, 534, 136, 85, 615, 967, 372, 964, 219, 774, 448, 446, 27, 8, 382, 645, 346, 713, 764, 158, 756, 935, 619, 556, 660, 162, 263, 860, 568, 478, 605, 337, 170, 566, 111, 840, 680, 47, 885, 391, 269, 904, 743, 83, 376, 668, 820, 795, 638, 161, 306, 593, 925, 204, 982, 921, 28, 399, 225, 481, 833, 69, 712, 768, 518, 424, 844, 905, 646, 23, 989, 72, 592, 819, 868, 624, 608, 196, 524, 202, 57, 279, 876, 864, 634, 757, 633, 182, 320, 409, 679, 256, 514, 947, 912, 628, 709, 402, 691, 769, 893, 40, 505, 76, 690, 373, 385, 718, 862, 729, 644, 484, 392, 708, 488, 571, 749, 268, 296, 942, 262, 702, 386, 152, 825, 538, 659, 871, 829, 662, 994, 832, 452, 686, 140, 682, 658, 368, 671, 310, 349, 404, 530, 733, 778, 390, 531, 944, 411, 291, 991, 24, 130, 879, 793, 736, 58, 626, 751, 966, 288, 119, 405, 779, 794, 973, 222, 707, 853, 304, 37, 548, 784, 546, 963, 972, 936, 1000, 665, 124, 998, 504, 766, 423, 848, 456, 359, 33, 233, 106, 508, 78, 68, 931, 305, 513, 699, 133, 716, 36, 463, 574, 808, 596, 812, 147, 739, 465, 217, 855, 821, 953, 896, 997, 64, 800, 811, 656, 51, 906, 14, 203, 852, 467, 916, 780, 384, 640, 348, 521, 858, 387, 416, 143, 355, 459, 317, 745, 97, 366, 443, 542, 773, 759, 74, 417, 550, 253, 169, 433, 335, 565, 771, 598, 281, 134, 943, 462, 341, 67, 654, 962, 863, 401, 445, 365, 845, 816, 609, 500, 476, 804, 805, 589, 437, 616, 564, 946, 891, 647, 35, 643, 333, 887, 968, 813, 54, 257, 741, 755, 104, 112, 878, 576, 842, 561, 952, 666, 466, 664, 551, 835, 25, 29, 379, 899, 839, 307, 41, 116, 418, 322, 90, 775, 496, 870, 103, 719, 354, 10, 451, 595, 62, 226, 149, 350, 325, 763, 499, 300, 77, 250, 892, 788, 427, 369, 869, 753, 63, 969, 17, 207, 632, 229, 321, 312, 511, 31, 806, 636, 642, 43, 532, 145, 239, 86, 890, 65, 652, 996, 865, 621, 650, 421, 163, 282, 498, 938, 179, 948, 549, 34, 87, 485, 611, 984, 216, 56, 861, 191, 363, 131, 177, 188, 949, 909, 293, 522, 460, 211, 464, 502, 573, 525, 274, 752, 375, 674, 107, 461, 933, 294, 126, 553, 165, 965, 930, 180, 914, 1, 299, 747, 389, 920, 669, 469, 710, 613, 425, 799, 374, 985, 92, 693, 526, 273, 583, 523, 436, 60, 232, 685, 692, 271, 221, 55, 850, 471, 38, 265, 91, 872, 867, 622, 587, 528, 917, 970, 836, 750, 357, 915, 144, 859, 661, 138, 438, 406, 364, 94, 345, 479, 567, 854, 49, 148, 999, 929]}