{"num_steps": 500, "num_stays": 0, "time": 166.99344727599964, "iter": 500, "locally": true, "temperature": 2, "cooling": 0.4824236873665897, "distance": 158804166, "path": [883, 2, 3, 4, 234, 6, 261, 8, 834, 807, 873, 189, 13, 753, 451, 663, 17, 841, 549, 43, 21, 871, 565, 284, 501, 206, 27, 28, 305, 650, 120, 83, 570, 34, 725, 503, 700, 413, 670, 616, 291, 42, 66, 139, 345, 704, 854, 447, 49, 466, 522, 827, 53, 403, 55, 208, 96, 509, 242, 962, 879, 582, 840, 395, 65, 86, 402, 68, 606, 70, 859, 72, 629, 74, 852, 907, 112, 314, 886, 623, 235, 82, 945, 165, 151, 121, 326, 475, 89, 895, 706, 552, 93, 94, 431, 57, 769, 407, 319, 960, 101, 436, 128, 647, 105, 481, 107, 519, 163, 965, 995, 821, 269, 114, 494, 868, 904, 411, 325, 31, 600, 122, 760, 958, 863, 126, 831, 103, 129, 276, 961, 507, 554, 911, 187, 941, 137, 577, 865, 140, 750, 142, 434, 692, 388, 56, 742, 946, 188, 150, 544, 937, 153, 290, 738, 702, 493, 158, 404, 160, 833, 162, 109, 978, 955, 860, 486, 495, 169, 170, 717, 440, 173, 174, 909, 792, 177, 178, 117, 878, 372, 521, 183, 119, 185, 258, 135, 545, 471, 575, 312, 192, 340, 307, 195, 322, 415, 130, 199, 200, 360, 202, 640, 862, 205, 547, 207, 449, 694, 210, 462, 212, 298, 223, 215, 866, 843, 537, 383, 220, 468, 222, 214, 264, 802, 856, 504, 584, 733, 230, 596, 795, 837, 525, 986, 236, 154, 238, 287, 727, 24, 902, 243, 125, 245, 781, 467, 193, 249, 658, 251, 419, 758, 186, 280, 651, 555, 798, 259, 260, 882, 262, 898, 224, 645, 266, 182, 842, 256, 270, 271, 272, 444, 927, 267, 198, 785, 278, 39, 437, 589, 282, 297, 252, 617, 910, 239, 316, 289, 877, 41, 660, 293, 611, 295, 113, 115, 213, 299, 300, 728, 681, 346, 304, 518, 306, 194, 590, 932, 721, 311, 191, 313, 7, 761, 288, 244, 247, 513, 621, 996, 828, 338, 934, 618, 569, 903, 328, 329, 368, 439, 786, 731, 334, 453, 336, 376, 152, 385, 914, 677, 782, 343, 344, 683, 303, 705, 281, 349, 921, 216, 352, 353, 354, 452, 356, 357, 920, 359, 201, 361, 918, 363, 861, 5, 772, 516, 330, 463, 370, 371, 341, 58, 374, 929, 924, 377, 693, 379, 948, 381, 382, 219, 384, 339, 718, 387, 952, 389, 678, 652, 917, 714, 240, 900, 396, 576, 398, 386, 400, 401, 67, 54, 159, 405, 517, 778, 408, 622, 410, 482, 412, 581, 414, 688, 416, 417, 796, 241, 602, 421, 661, 423, 712, 454, 426, 639, 225, 429, 430, 450, 432, 433, 143, 435, 964, 255, 441, 331, 172, 560, 442, 775, 273, 335, 446, 48, 543, 765, 913, 15, 277, 81, 627, 246, 586, 22, 653, 875, 46, 106, 922, 572, 464, 674, 418, 318, 803, 469, 912, 12, 133, 599, 474, 88, 808, 100, 90, 179, 480, 461, 315, 754, 73, 11, 167, 487, 823, 794, 673, 957, 492, 157, 283, 323, 851, 497, 954, 78, 809, 9, 559, 715, 968, 613, 506, 470, 723, 511, 510, 373, 512, 655, 514, 248, 892, 406, 981, 108, 520, 123, 638, 523, 231, 365, 689, 351, 166, 529, 563, 531, 532, 971, 534, 615, 85, 136, 967, 190, 679, 541, 774, 448, 536, 810, 546, 26, 548, 37, 779, 20, 897, 935, 149, 257, 556, 367, 558, 502, 438, 561, 562, 741, 472, 23, 566, 111, 943, 87, 720, 646, 592, 687, 800, 539, 397, 138, 801, 820, 580, 478, 62, 942, 533, 585, 974, 587, 588, 568, 308, 870, 369, 593, 982, 595, 768, 597, 766, 844, 47, 885, 420, 776, 641, 155, 819, 51, 608, 250, 196, 348, 858, 633, 614, 229, 40, 76, 32, 857, 620, 320, 409, 80, 591, 625, 626, 425, 628, 889, 676, 631, 632, 893, 634, 635, 636, 18, 428, 427, 535, 604, 729, 484, 644, 708, 571, 488, 392, 649, 30, 296, 391, 197, 894, 99, 656, 825, 538, 659, 292, 422, 662, 16, 664, 690, 666, 69, 737, 984, 279, 671, 310, 490, 465, 675, 630, 573, 390, 540, 680, 695, 682, 45, 684, 102, 118, 793, 458, 526, 665, 691, 144, 915, 209, 302, 696, 697, 698, 38, 232, 301, 874, 228, 949, 667, 91, 707, 265, 709, 710, 751, 424, 713, 393, 732, 35, 171, 399, 719, 33, 233, 347, 508, 724, 716, 931, 594, 806, 642, 730, 333, 36, 483, 993, 735, 881, 668, 147, 739, 939, 168, 605, 743, 744, 896, 180, 747, 748, 987, 350, 711, 908, 14, 203, 755, 268, 959, 253, 749, 767, 686, 479, 763, 764, 146, 598, 317, 459, 97, 745, 355, 366, 773, 542, 443, 603, 824, 98, 550, 780, 455, 342, 783, 784, 771, 332, 787, 788, 789, 286, 791, 176, 654, 489, 445, 50, 498, 254, 722, 574, 476, 500, 609, 804, 805, 969, 10, 578, 607, 564, 891, 812, 813, 887, 815, 846, 181, 643, 553, 579, 275, 822, 104, 703, 657, 826, 52, 610, 829, 830, 64, 832, 551, 25, 835, 836, 672, 838, 839, 116, 84, 756, 217, 134, 845, 816, 901, 848, 849, 530, 496, 75, 853, 161, 855, 226, 619, 612, 71, 528, 364, 817, 77, 864, 44, 527, 867, 63, 869, 218, 457, 872, 485, 141, 524, 876, 237, 746, 61, 880, 736, 499, 1, 884, 601, 79, 814, 491, 818, 890, 811, 557, 505, 285, 699, 770, 227, 263, 899, 127, 847, 59, 327, 762, 905, 906, 204, 752, 175, 790, 473, 132, 95, 515, 378, 916, 648, 362, 919, 358, 460, 211, 923, 337, 925, 926, 274, 928, 375, 998, 726, 309, 933, 294, 1000, 936, 850, 938, 740, 797, 624, 757, 324, 944, 184, 148, 947, 380, 156, 950, 951, 145, 953, 19, 637, 956, 888, 124, 583, 477, 131, 60, 963, 685, 110, 966, 221, 92, 701, 992, 777, 972, 973, 456, 975, 976, 977, 164, 979, 980, 29, 394, 983, 669, 985, 940, 759, 988, 989, 990, 991, 970, 734, 994, 567, 321, 997, 930, 999, 799]}