{"num_steps": 1250, "num_stays": 0, "time": 418.0655690279964, "iter": 1250, "locally": true, "temperature": 2, "cooling": 0.42061002871312153, "distance": 112845948, "path": [956, 2, 903, 4, 234, 875, 264, 810, 698, 807, 932, 873, 13, 212, 451, 663, 283, 925, 472, 601, 260, 884, 898, 284, 501, 206, 536, 47, 305, 977, 291, 677, 740, 34, 696, 503, 837, 975, 670, 218, 71, 42, 714, 139, 734, 704, 635, 200, 49, 594, 358, 827, 468, 403, 110, 208, 96, 672, 395, 209, 59, 379, 859, 509, 491, 818, 676, 683, 133, 70, 692, 755, 629, 959, 495, 623, 703, 243, 907, 603, 455, 82, 146, 61, 151, 121, 326, 318, 881, 507, 706, 132, 363, 423, 150, 727, 512, 407, 48, 81, 101, 131, 607, 246, 128, 700, 726, 137, 50, 415, 362, 540, 940, 114, 695, 612, 138, 397, 744, 987, 748, 199, 991, 513, 958, 405, 442, 308, 225, 276, 961, 895, 473, 189, 315, 782, 88, 414, 184, 678, 828, 142, 247, 894, 490, 552, 742, 918, 792, 514, 544, 882, 396, 547, 738, 268, 420, 337, 725, 109, 84, 162, 309, 978, 923, 98, 787, 378, 824, 776, 910, 440, 823, 118, 197, 982, 115, 178, 117, 657, 591, 687, 183, 242, 185, 258, 46, 483, 471, 777, 285, 192, 900, 302, 588, 286, 581, 992, 636, 447, 360, 255, 767, 154, 339, 238, 44, 66, 694, 210, 935, 639, 586, 223, 432, 843, 554, 537, 370, 220, 53, 161, 667, 477, 945, 69, 833, 737, 984, 580, 866, 311, 93, 465, 986, 287, 886, 604, 275, 937, 256, 562, 153, 290, 245, 781, 125, 193, 249, 329, 356, 16, 557, 539, 494, 857, 32, 555, 259, 651, 141, 492, 515, 224, 645, 266, 655, 190, 561, 166, 489, 722, 89, 927, 298, 313, 785, 278, 39, 928, 589, 517, 297, 252, 814, 717, 334, 316, 506, 357, 288, 660, 168, 485, 231, 856, 535, 428, 798, 817, 728, 248, 393, 764, 518, 597, 194, 590, 413, 721, 361, 801, 630, 7, 911, 519, 879, 602, 270, 617, 419, 251, 19, 934, 631, 569, 3, 328, 439, 980, 560, 786, 731, 239, 877, 699, 186, 990, 570, 24, 770, 244, 58, 693, 156, 303, 705, 530, 849, 160, 230, 352, 353, 105, 746, 338, 758, 850, 359, 201, 198, 22, 761, 754, 5, 497, 383, 371, 100, 516, 135, 791, 599, 815, 799, 924, 377, 950, 480, 533, 585, 205, 219, 649, 648, 236, 292, 422, 830, 600, 164, 979, 431, 240, 340, 314, 576, 398, 51, 582, 948, 119, 54, 736, 880, 195, 732, 20, 573, 410, 412, 593, 908, 400, 641, 681, 155, 796, 336, 577, 421, 661, 549, 841, 802, 113, 939, 129, 429, 430, 450, 215, 988, 332, 435, 625, 614, 441, 331, 172, 449, 79, 919, 529, 382, 834, 319, 543, 765, 913, 960, 277, 108, 627, 457, 267, 790, 323, 474, 330, 922, 347, 572, 606, 846, 475, 176, 803, 380, 883, 12, 171, 6, 187, 941, 735, 545, 558, 73, 901, 367, 954, 444, 272, 653, 181, 487, 173, 214, 673, 957, 783, 261, 343, 11, 851, 772, 993, 724, 809, 9, 559, 715, 344, 730, 289, 453, 723, 237, 510, 373, 21, 620, 952, 280, 688, 381, 981, 697, 520, 123, 426, 578, 454, 831, 689, 351, 838, 684, 563, 789, 324, 971, 534, 136, 85, 615, 967, 372, 964, 541, 774, 448, 446, 27, 8, 26, 548, 346, 713, 976, 504, 134, 619, 579, 556, 461, 273, 263, 860, 605, 855, 391, 756, 720, 566, 111, 840, 680, 170, 885, 592, 821, 904, 743, 83, 376, 668, 820, 795, 638, 949, 188, 493, 486, 427, 587, 87, 568, 909, 870, 848, 10, 295, 712, 768, 306, 766, 844, 905, 646, 23, 989, 72, 974, 819, 868, 250, 608, 196, 524, 202, 57, 279, 876, 864, 634, 757, 633, 182, 320, 409, 80, 52, 679, 751, 710, 628, 709, 402, 691, 769, 893, 40, 505, 122, 690, 76, 385, 718, 862, 729, 644, 484, 392, 708, 488, 571, 384, 30, 296, 942, 262, 702, 386, 152, 825, 538, 659, 871, 829, 662, 994, 832, 452, 686, 682, 140, 658, 368, 671, 310, 399, 408, 481, 733, 778, 390, 531, 944, 350, 760, 120, 902, 130, 174, 793, 458, 526, 665, 920, 144, 915, 847, 938, 779, 794, 973, 222, 707, 853, 304, 37, 177, 784, 546, 963, 972, 613, 374, 626, 998, 235, 342, 424, 674, 124, 584, 175, 33, 233, 106, 508, 78, 68, 931, 650, 996, 394, 889, 716, 36, 463, 574, 808, 861, 191, 147, 739, 17, 349, 921, 269, 953, 896, 997, 64, 800, 811, 656, 711, 204, 14, 203, 852, 467, 916, 780, 749, 640, 348, 521, 858, 387, 416, 143, 355, 459, 317, 745, 97, 366, 443, 542, 773, 759, 74, 417, 550, 253, 169, 433, 335, 565, 771, 598, 281, 478, 943, 462, 341, 67, 654, 962, 863, 401, 445, 365, 845, 816, 609, 500, 476, 804, 805, 456, 437, 616, 564, 946, 891, 56, 35, 643, 333, 887, 968, 813, 388, 257, 741, 822, 104, 112, 878, 826, 842, 610, 797, 666, 466, 664, 551, 835, 25, 29, 434, 899, 839, 116, 418, 41, 307, 322, 90, 775, 496, 369, 103, 719, 354, 75, 301, 595, 62, 226, 149, 411, 325, 763, 364, 300, 77, 624, 892, 788, 404, 926, 869, 753, 63, 969, 611, 207, 632, 229, 321, 312, 511, 31, 806, 18, 642, 43, 532, 145, 470, 65, 86, 890, 652, 45, 865, 621, 965, 99, 179, 282, 498, 127, 241, 951, 327, 762, 28, 906, 217, 216, 675, 647, 596, 812, 95, 15, 157, 874, 228, 158, 955, 522, 460, 211, 464, 502, 482, 525, 274, 752, 375, 897, 107, 293, 933, 294, 126, 553, 165, 995, 406, 180, 914, 1, 299, 747, 389, 966, 669, 469, 425, 167, 1000, 936, 92, 985, 947, 912, 888, 227, 583, 523, 436, 60, 232, 685, 159, 271, 221, 55, 701, 254, 38, 265, 91, 872, 867, 622, 527, 528, 917, 970, 836, 750, 983, 637, 618, 163, 102, 213, 438, 930, 499, 94, 345, 479, 567, 854, 575, 148, 999, 929]}