{"num_steps": 5000, "num_stays": 1552, "time": 1687.9304504879983, "iter": 5000, "locally": true, "temperature": 2, "cooling": 0.3522121755231006, "distance": 91727655, "path": [691, 402, 730, 676, 181, 653, 295, 91, 578, 457, 590, 873, 13, 212, 530, 168, 535, 908, 400, 641, 141, 688, 898, 446, 501, 206, 771, 982, 556, 944, 995, 740, 563, 762, 34, 175, 928, 975, 837, 437, 917, 714, 970, 139, 979, 164, 356, 16, 865, 621, 996, 167, 815, 799, 251, 208, 96, 786, 513, 395, 699, 910, 440, 239, 491, 3, 4, 903, 569, 289, 487, 822, 243, 703, 623, 629, 467, 852, 603, 245, 874, 678, 434, 814, 326, 121, 151, 999, 450, 276, 706, 132, 191, 544, 512, 727, 150, 515, 224, 26, 698, 810, 101, 246, 128, 753, 622, 726, 137, 415, 919, 696, 990, 904, 612, 656, 213, 138, 325, 987, 199, 748, 594, 118, 948, 581, 529, 909, 869, 507, 961, 895, 473, 189, 88, 323, 343, 405, 879, 958, 247, 421, 661, 503, 10, 552, 742, 918, 546, 157, 878, 396, 112, 547, 738, 30, 420, 62, 28, 109, 84, 955, 309, 162, 906, 493, 262, 296, 942, 155, 789, 302, 183, 79, 577, 743, 386, 882, 409, 320, 741, 855, 489, 722, 827, 500, 53, 211, 847, 760, 31, 511, 763, 197, 588, 327, 411, 397, 76, 893, 634, 640, 718, 625, 255, 360, 240, 66, 210, 664, 237, 586, 795, 432, 223, 843, 554, 537, 761, 7, 932, 490, 75, 477, 301, 685, 194, 945, 647, 580, 866, 311, 564, 188, 533, 398, 314, 604, 80, 52, 591, 104, 98, 290, 125, 781, 907, 387, 249, 329, 671, 994, 364, 800, 494, 857, 32, 555, 259, 651, 280, 565, 335, 536, 492, 562, 655, 190, 610, 841, 549, 362, 525, 670, 298, 313, 785, 413, 218, 504, 998, 297, 442, 838, 717, 357, 506, 334, 316, 453, 173, 388, 227, 263, 660, 619, 226, 149, 819, 825, 892, 248, 152, 235, 342, 518, 792, 700, 201, 361, 721, 801, 630, 790, 911, 502, 863, 458, 244, 617, 419, 966, 61, 934, 631, 2, 328, 818, 439, 980, 694, 560, 470, 731, 723, 509, 270, 859, 59, 379, 119, 736, 242, 526, 318, 365, 464, 616, 198, 668, 596, 352, 230, 867, 746, 338, 758, 288, 401, 278, 39, 267, 754, 187, 5, 383, 100, 371, 135, 772, 993, 475, 377, 176, 924, 599, 1000, 665, 720, 585, 986, 205, 541, 649, 648, 886, 236, 348, 971, 769, 40, 192, 340, 44, 900, 207, 829, 299, 350, 414, 951, 127, 252, 254, 90, 195, 732, 20, 412, 926, 496, 844, 486, 115, 472, 788, 391, 376, 336, 531, 186, 390, 540, 349, 802, 113, 737, 984, 216, 430, 215, 861, 407, 169, 253, 238, 441, 193, 331, 172, 449, 368, 949, 393, 834, 319, 81, 960, 543, 913, 765, 108, 277, 627, 807, 705, 941, 804, 574, 330, 922, 508, 572, 258, 606, 185, 403, 846, 803, 12, 813, 171, 845, 6, 851, 497, 545, 558, 73, 367, 901, 954, 816, 522, 468, 133, 983, 637, 779, 214, 853, 304, 261, 474, 11, 444, 272, 234, 724, 809, 559, 9, 715, 344, 683, 889, 929, 19, 120, 642, 499, 422, 620, 797, 952, 598, 381, 981, 697, 520, 123, 15, 426, 454, 265, 38, 424, 659, 871, 728, 817, 77, 385, 534, 136, 85, 615, 967, 372, 275, 178, 755, 48, 284, 27, 8, 382, 645, 346, 713, 764, 595, 281, 478, 587, 943, 50, 978, 923, 860, 568, 87, 605, 337, 170, 566, 111, 840, 756, 47, 885, 821, 51, 940, 257, 269, 680, 872, 675, 105, 638, 161, 264, 423, 593, 204, 925, 856, 231, 611, 639, 160, 833, 69, 712, 768, 306, 766, 158, 905, 646, 23, 989, 72, 592, 796, 711, 798, 292, 196, 524, 202, 57, 614, 876, 279, 864, 757, 521, 964, 182, 842, 679, 256, 514, 888, 912, 628, 709, 956, 947, 200, 635, 321, 505, 285, 914, 1, 608, 633, 767, 154, 644, 484, 392, 708, 488, 571, 780, 959, 153, 824, 776, 702, 266, 260, 601, 884, 538, 830, 690, 122, 466, 49, 854, 686, 140, 682, 734, 658, 431, 310, 83, 921, 308, 733, 778, 134, 570, 677, 965, 99, 902, 389, 142, 209, 602, 701, 58, 693, 626, 271, 159, 54, 793, 517, 794, 707, 222, 973, 957, 37, 177, 548, 784, 673, 972, 963, 831, 67, 341, 445, 124, 897, 976, 410, 456, 359, 33, 881, 233, 106, 347, 78, 68, 716, 791, 950, 156, 358, 460, 483, 476, 370, 808, 820, 739, 147, 812, 353, 939, 217, 974, 438, 953, 747, 145, 406, 687, 114, 868, 681, 268, 378, 787, 495, 916, 749, 435, 729, 339, 862, 219, 384, 416, 355, 143, 459, 317, 97, 745, 366, 443, 542, 773, 759, 74, 550, 417, 774, 988, 332, 448, 433, 455, 228, 462, 282, 899, 692, 351, 553, 70, 126, 294, 689, 962, 654, 36, 875, 609, 220, 46, 463, 516, 735, 927, 22, 93, 56, 465, 89, 35, 643, 968, 333, 887, 883, 241, 582, 428, 826, 657, 117, 576, 287, 937, 561, 858, 624, 447, 42, 551, 835, 25, 29, 770, 498, 839, 307, 41, 116, 775, 322, 418, 375, 369, 870, 103, 719, 481, 225, 17, 203, 935, 579, 695, 896, 997, 666, 373, 324, 300, 250, 21, 14, 485, 399, 848, 63, 969, 408, 427, 64, 632, 229, 312, 510, 600, 806, 636, 18, 777, 539, 992, 291, 877, 86, 890, 65, 71, 528, 45, 650, 977, 305, 894, 480, 163, 938, 179, 102, 286, 684, 725, 849, 354, 129, 429, 891, 95, 946, 363, 607, 667, 783, 82, 146, 597, 303, 782, 805, 315, 589, 482, 573, 274, 752, 584, 674, 107, 461, 933, 166, 519, 174, 130, 184, 532, 930, 180, 662, 43, 811, 991, 920, 710, 669, 469, 380, 425, 613, 374, 985, 751, 92, 936, 583, 523, 232, 436, 131, 60, 273, 165, 110, 221, 55, 850, 880, 471, 293, 283, 663, 451, 404, 527, 931, 652, 836, 672, 750, 394, 823, 148, 828, 24, 744, 557, 575, 832, 94, 345, 479, 704, 567, 452, 144, 915, 618]}