{"num_steps": 1250, "num_stays": 1, "time": 154.24578764099715, "iter": 1250, "locally": true, "temperature": 0.42061002871312153, "cooling": 0.42061002871312153, "distance": 62210, "path": [2, 1, 3, 4, 5, 6, 7, 8, 9, 11, 12, 10, 13, 14, 18, 17, 15, 16, 19, 21, 27, 22, 20, 23, 25, 29, 24, 30, 26, 28, 33, 32, 34, 35, 37, 36, 38, 31, 39, 49, 63, 54, 48, 43, 44, 46, 42, 45, 47, 51, 52, 53, 59, 57, 55, 90, 81, 65, 40, 41, 61, 62, 50, 56, 67, 86, 119, 110, 129, 97, 93, 82, 71, 74, 77, 78, 75, 70, 68, 72, 66, 60, 64, 58, 73, 128, 121, 95, 88, 101, 91, 104, 100, 94, 87, 83, 96, 85, 79, 99, 84, 80, 89, 102, 118, 107, 105, 111, 106, 112, 126, 113, 108, 114, 115, 150, 156, 162, 147, 92, 76, 103, 109, 135, 134, 120, 123, 136, 131, 146, 116, 122, 127, 137, 171, 184, 173, 139, 69, 98, 141, 140, 124, 132, 145, 130, 144, 164, 163, 155, 189, 180, 178, 153, 149, 158, 138, 125, 148, 133, 143, 160, 161, 151, 168, 176, 167, 166, 159, 152, 165, 172, 202, 182, 187, 188, 183, 170, 175, 174, 154, 177, 201, 200, 190, 179, 169, 186, 185, 203, 191, 210, 231, 255, 237, 196, 197, 206, 246, 226, 212, 204, 194, 181, 207, 205, 198, 209, 224, 261, 241, 193, 215, 214, 211, 216, 218, 221, 225, 235, 229, 157, 117, 142, 213, 223, 232, 195, 208, 219, 230, 252, 262, 259, 242, 236, 199, 217, 220, 192, 222, 240, 256, 244, 243, 266, 268, 249, 245, 250, 270, 279, 284, 295, 301, 293, 320, 329, 326, 318, 313, 299, 308, 292, 282, 265, 275, 267, 291, 280, 264, 272, 263, 260, 253, 247, 233, 254, 234, 258, 257, 277, 286, 283, 289, 304, 307, 297, 288, 276, 269, 271, 287, 298, 323, 309, 315, 273, 248, 228, 227, 281, 303, 328, 322, 346, 342, 310, 306, 325, 333, 338, 352, 348, 339, 321, 305, 319, 312, 296, 300, 294, 334, 344, 340, 324, 316, 345, 332, 343, 335, 349, 327, 350, 274, 251, 238, 239, 290, 331, 341, 353, 361, 383, 354, 337, 347, 317, 314, 278, 285, 302, 311, 330, 336, 356, 369, 377, 432, 401, 390, 378, 363, 386, 406, 360, 355, 365, 384, 370, 371, 394, 393, 412, 396, 395, 374, 380, 379, 373, 368, 362, 351, 357, 366, 376, 392, 410, 419, 433, 407, 418, 400, 367, 359, 364, 382, 388, 391, 402, 420, 423, 405, 404, 381, 358, 387, 397, 403, 408, 414, 399, 409, 413, 416, 415, 424, 417, 375, 372, 385, 389, 398, 411, 428, 431, 460, 453, 444, 439, 438, 436, 429, 451, 448, 434, 425, 426, 427, 430, 469, 470, 477, 481, 467, 461, 468, 463, 437, 435, 445, 447, 456, 442, 450, 440, 455, 458, 459, 462, 454, 449, 441, 446, 457, 466, 474, 490, 498, 519, 476, 475, 473, 472, 464, 465, 452, 421, 422, 443, 471, 478, 482, 486, 483, 491, 487, 479, 485, 489, 499, 484, 493, 494, 495, 501, 505, 496, 492, 502, 500, 504, 522, 509, 510, 514, 497, 507, 506, 480, 488, 503, 508, 512, 516, 513, 515, 511, 517, 520, 518, 521, 524, 525, 523, 527, 530, 529, 528, 526, 532, 531]}