{"num_steps": 500, "num_stays": 0, "time": 63.85227622399543, "iter": 500, "locally": true, "temperature": 0.4824236873665897, "cooling": 0.4824236873665897, "distance": 72665, "path": [2, 1, 3, 4, 5, 6, 7, 8, 9, 10, 11, 12, 13, 14, 18, 17, 15, 16, 19, 27, 21, 22, 23, 20, 25, 29, 24, 30, 26, 28, 37, 33, 32, 34, 35, 36, 38, 31, 39, 49, 60, 54, 48, 43, 44, 46, 42, 45, 47, 52, 51, 53, 59, 57, 55, 90, 81, 65, 40, 41, 61, 62, 50, 56, 67, 73, 101, 98, 69, 58, 71, 100, 104, 74, 64, 70, 86, 78, 79, 85, 63, 66, 72, 68, 75, 116, 88, 95, 121, 122, 80, 82, 93, 94, 87, 83, 96, 106, 97, 77, 84, 102, 118, 129, 107, 89, 105, 111, 99, 112, 126, 108, 113, 114, 115, 150, 166, 159, 146, 92, 76, 91, 134, 135, 110, 119, 109, 120, 123, 103, 131, 152, 137, 127, 128, 142, 173, 157, 139, 136, 141, 140, 124, 132, 145, 144, 133, 130, 143, 160, 169, 203, 178, 153, 149, 158, 138, 125, 148, 155, 163, 164, 161, 151, 168, 176, 167, 156, 162, 147, 202, 172, 165, 182, 187, 183, 177, 190, 200, 201, 181, 175, 170, 174, 154, 179, 186, 185, 189, 180, 191, 210, 231, 255, 237, 196, 197, 206, 246, 226, 212, 194, 188, 204, 207, 205, 198, 209, 224, 261, 241, 193, 215, 214, 211, 216, 221, 218, 219, 251, 238, 199, 117, 171, 213, 223, 227, 228, 249, 230, 225, 262, 252, 259, 242, 236, 184, 239, 217, 192, 222, 240, 243, 220, 229, 235, 268, 248, 245, 250, 234, 254, 257, 258, 244, 256, 278, 285, 301, 277, 265, 300, 294, 292, 308, 313, 303, 305, 291, 280, 264, 272, 263, 260, 253, 247, 233, 282, 273, 270, 279, 284, 281, 275, 267, 298, 297, 306, 288, 276, 269, 271, 287, 323, 322, 309, 289, 283, 208, 195, 232, 295, 299, 315, 333, 304, 307, 310, 342, 325, 346, 338, 352, 348, 334, 324, 321, 319, 312, 286, 296, 328, 339, 344, 340, 316, 318, 345, 332, 326, 343, 335, 329, 349, 320, 336, 330, 311, 302, 331, 341, 353, 361, 383, 354, 337, 347, 314, 317, 290, 274, 266, 293, 327, 350, 356, 369, 377, 432, 401, 390, 378, 363, 386, 406, 360, 355, 365, 384, 370, 371, 412, 393, 394, 396, 395, 374, 380, 379, 368, 373, 362, 351, 357, 366, 376, 392, 410, 419, 433, 418, 431, 400, 367, 359, 364, 382, 388, 391, 402, 417, 424, 405, 404, 381, 358, 387, 397, 403, 408, 414, 399, 409, 413, 415, 416, 423, 407, 375, 372, 385, 389, 398, 411, 428, 426, 453, 460, 444, 430, 435, 437, 427, 434, 448, 451, 429, 425, 436, 468, 470, 469, 490, 481, 477, 461, 447, 445, 420, 438, 439, 463, 456, 442, 450, 440, 455, 458, 459, 462, 454, 449, 441, 446, 457, 466, 474, 467, 498, 501, 476, 475, 473, 472, 465, 464, 452, 421, 422, 443, 471, 478, 482, 486, 483, 491, 487, 488, 489, 485, 480, 484, 493, 494, 495, 505, 519, 496, 492, 502, 500, 504, 522, 509, 497, 506, 507, 479, 499, 510, 514, 512, 516, 513, 508, 503, 511, 517, 515, 520, 521, 518, 524, 525, 523, 527, 530, 529, 528, 526, 532, 531]}