{"num_steps": 110, "num_stays": 0, "time": 15.370154049996927, "iter": 110, "locally": true, "temperature": 0.6357954260094133, "cooling": 1, "distance": 124180, "path": [1, 2, 3, 4, 5, 6, 7, 8, 9, 10, 11, 12, 13, 14, 15, 16, 17, 18, 19, 27, 21, 22, 23, 24, 25, 26, 20, 28, 29, 30, 31, 32, 33, 34, 35, 36, 37, 38, 39, 40, 77, 42, 43, 44, 45, 46, 47, 48, 49, 63, 51, 52, 53, 54, 55, 90, 57, 71, 59, 60, 61, 62, 50, 64, 65, 66, 67, 98, 69, 70, 58, 72, 104, 74, 75, 76, 41, 78, 79, 85, 81, 82, 83, 84, 80, 86, 95, 88, 142, 56, 91, 102, 93, 94, 87, 96, 97, 68, 99, 116, 101, 92, 103, 73, 105, 106, 107, 156, 109, 110, 111, 112, 113, 114, 115, 100, 241, 118, 119, 120, 121, 122, 123, 124, 125, 126, 127, 128, 165, 159, 131, 132, 133, 134, 135, 136, 137, 157, 139, 146, 141, 89, 143, 144, 145, 140, 176, 148, 149, 150, 151, 203, 153, 180, 155, 108, 138, 158, 130, 160, 161, 169, 163, 164, 129, 166, 167, 168, 162, 170, 171, 172, 173, 184, 175, 147, 177, 190, 179, 154, 181, 182, 183, 174, 185, 186, 187, 188, 189, 178, 191, 255, 193, 194, 195, 196, 197, 198, 257, 208, 213, 202, 152, 204, 245, 234, 207, 200, 209, 275, 211, 212, 201, 214, 215, 216, 221, 218, 219, 220, 217, 239, 223, 224, 261, 226, 227, 228, 340, 339, 271, 267, 233, 206, 230, 236, 237, 238, 222, 240, 353, 331, 243, 244, 266, 295, 284, 248, 249, 250, 346, 252, 253, 254, 192, 256, 199, 258, 259, 260, 225, 262, 263, 264, 265, 205, 321, 352, 269, 280, 231, 272, 325, 242, 210, 276, 277, 316, 279, 270, 281, 282, 283, 247, 315, 286, 287, 288, 310, 342, 291, 304, 300, 294, 246, 296, 297, 298, 299, 293, 301, 349, 303, 292, 305, 306, 307, 333, 309, 289, 348, 312, 313, 314, 341, 278, 317, 318, 319, 328, 351, 322, 323, 324, 273, 326, 329, 320, 327, 330, 274, 332, 308, 334, 335, 336, 350, 369, 235, 229, 285, 290, 343, 344, 345, 251, 347, 311, 302, 337, 232, 268, 117, 354, 383, 356, 357, 364, 359, 360, 361, 378, 363, 406, 365, 384, 367, 368, 338, 370, 371, 372, 355, 385, 411, 398, 377, 478, 374, 380, 381, 382, 373, 366, 379, 445, 387, 388, 419, 420, 391, 392, 393, 394, 395, 396, 407, 376, 362, 400, 463, 402, 403, 404, 405, 358, 397, 408, 409, 410, 375, 412, 413, 414, 415, 416, 417, 418, 389, 390, 421, 422, 423, 424, 427, 426, 425, 460, 429, 430, 431, 481, 433, 434, 448, 436, 444, 438, 439, 490, 501, 442, 498, 456, 477, 461, 447, 435, 437, 453, 451, 399, 450, 454, 455, 449, 440, 458, 459, 428, 474, 462, 401, 464, 465, 466, 467, 468, 469, 470, 471, 472, 473, 446, 475, 476, 386, 452, 457, 480, 432, 441, 483, 484, 519, 486, 487, 488, 489, 485, 491, 492, 493, 494, 495, 496, 505, 509, 504, 500, 482, 502, 522, 499, 497, 506, 507, 479, 443, 510, 514, 512, 513, 511, 515, 516, 517, 518, 508, 520, 521, 503, 523, 524, 525, 530, 527, 528, 529, 526, 531, 532]}