{"num_steps": 1500, "num_stays": 10, "time": 0.1075575389986625, "iter": 1500, "locally": false, "temperature": 0.4101412716225879, "cooling": 1, "distance": 229835, "path": [1, 2, 3, 4, 5, 6, 7, 8, 9, 10, 11, 12, 13, 14, 15, 16, 17, 18, 19, 20, 21, 22, 23, 24, 25, 26, 27, 28, 29, 30, 31, 32, 33, 34, 35, 36, 37, 38, 39, 100, 84, 42, 44, 43, 45, 46, 47, 48, 49, 99, 51, 52, 53, 54, 55, 68, 89, 58, 59, 109, 61, 62, 63, 64, 65, 66, 158, 98, 69, 70, 105, 72, 73, 41, 75, 201, 203, 185, 79, 80, 81, 82, 83, 74, 85, 152, 120, 102, 57, 90, 236, 164, 93, 94, 310, 96, 97, 160, 86, 40, 101, 88, 226, 104, 71, 106, 130, 60, 108, 178, 271, 191, 113, 114, 115, 180, 117, 118, 119, 87, 257, 122, 103, 359, 391, 299, 127, 128, 129, 107, 131, 132, 133, 300, 159, 136, 111, 138, 153, 140, 320, 76, 214, 144, 145, 162, 325, 148, 149, 126, 151, 143, 112, 154, 155, 196, 301, 204, 146, 92, 161, 135, 163, 179, 174, 166, 167, 168, 169, 170, 171, 172, 173, 165, 147, 176, 110, 177, 56, 116, 181, 182, 183, 184, 197, 186, 187, 188, 265, 190, 202, 228, 498, 194, 205, 156, 78, 137, 199, 121, 274, 95, 356, 355, 50, 281, 279, 208, 209, 210, 211, 327, 335, 282, 206, 216, 451, 218, 252, 434, 317, 222, 223, 139, 302, 256, 251, 192, 311, 350, 398, 232, 248, 234, 123, 91, 213, 238, 239, 240, 314, 380, 243, 244, 245, 221, 247, 273, 175, 220, 142, 219, 253, 254, 227, 235, 370, 258, 259, 308, 261, 262, 263, 264, 189, 124, 267, 230, 459, 293, 351, 272, 237, 298, 275, 276, 432, 278, 336, 365, 215, 150, 283, 390, 285, 286, 287, 288, 289, 269, 291, 453, 270, 250, 295, 296, 297, 280, 193, 229, 157, 363, 303, 292, 305, 306, 307, 260, 309, 198, 134, 212, 313, 316, 346, 200, 246, 318, 319, 357, 333, 322, 323, 315, 249, 326, 312, 328, 329, 353, 477, 233, 321, 334, 294, 347, 342, 338, 304, 352, 339, 337, 343, 284, 345, 324, 207, 266, 349, 268, 224, 488, 330, 354, 67, 77, 141, 358, 348, 360, 361, 362, 225, 364, 382, 366, 367, 410, 255, 241, 377, 392, 373, 374, 435, 376, 341, 378, 440, 420, 381, 195, 383, 384, 385, 400, 387, 388, 389, 402, 125, 242, 393, 394, 395, 344, 397, 231, 399, 386, 401, 486, 403, 404, 428, 371, 407, 431, 437, 368, 396, 412, 413, 414, 415, 405, 417, 418, 419, 372, 421, 422, 423, 426, 425, 424, 427, 416, 429, 430, 408, 277, 433, 332, 375, 436, 409, 438, 439, 379, 442, 441, 443, 290, 467, 340, 447, 448, 449, 450, 217, 452, 369, 454, 455, 456, 457, 458, 444, 460, 461, 462, 463, 464, 465, 466, 445, 468, 469, 470, 471, 472, 473, 446, 475, 476, 331, 478, 479, 480, 481, 482, 483, 484, 485, 411, 487, 474, 489, 490, 491, 492, 493, 494, 495, 496, 497, 406, 499, 500, 501, 502, 503, 504, 505, 506, 507, 508, 509, 510, 511, 512, 513, 514, 515, 516, 517, 518, 519, 520, 521, 522, 523, 524, 525, 526, 527, 528, 529, 530, 531, 532]}