{"num_steps": 250, "num_stays": 1, "time": 0.018115477003448177, "iter": 250, "locally": false, "temperature": 0.5425514917581086, "cooling": 1, "distance": 286398, "path": [1, 2, 3, 4, 5, 6, 7, 8, 9, 10, 11, 12, 13, 14, 15, 16, 17, 18, 19, 20, 21, 22, 23, 24, 25, 26, 27, 28, 29, 30, 31, 32, 33, 34, 35, 36, 37, 38, 39, 40, 41, 42, 43, 44, 45, 46, 47, 48, 49, 50, 51, 52, 53, 54, 55, 56, 57, 58, 59, 108, 61, 62, 63, 64, 65, 66, 158, 92, 69, 70, 105, 72, 73, 74, 75, 76, 203, 197, 79, 80, 81, 82, 83, 84, 85, 86, 120, 88, 89, 90, 91, 68, 93, 94, 198, 96, 97, 98, 99, 100, 101, 102, 103, 104, 71, 106, 107, 60, 109, 178, 111, 112, 113, 114, 115, 180, 117, 118, 119, 87, 121, 122, 123, 124, 125, 150, 127, 128, 129, 130, 131, 132, 133, 134, 146, 136, 351, 138, 139, 140, 320, 142, 382, 144, 145, 135, 147, 148, 149, 126, 151, 143, 153, 154, 155, 156, 157, 67, 159, 160, 161, 162, 163, 164, 165, 166, 167, 168, 169, 170, 171, 172, 173, 174, 175, 176, 177, 110, 179, 116, 181, 182, 183, 184, 185, 186, 187, 188, 189, 190, 191, 228, 406, 194, 195, 196, 78, 95, 199, 200, 201, 202, 77, 204, 205, 206, 207, 208, 209, 210, 211, 212, 213, 193, 215, 216, 451, 218, 252, 434, 221, 222, 223, 224, 363, 226, 292, 192, 311, 268, 398, 232, 332, 234, 235, 236, 273, 238, 239, 240, 241, 242, 243, 244, 245, 246, 247, 248, 249, 250, 251, 219, 253, 254, 255, 256, 257, 258, 259, 308, 261, 262, 263, 264, 265, 266, 267, 230, 269, 270, 271, 272, 237, 274, 275, 276, 277, 278, 336, 280, 281, 282, 283, 284, 285, 286, 287, 288, 289, 290, 291, 453, 293, 294, 295, 296, 297, 298, 299, 300, 301, 302, 303, 304, 305, 306, 307, 260, 309, 310, 229, 312, 313, 316, 346, 370, 317, 318, 319, 141, 333, 322, 323, 324, 325, 326, 327, 328, 329, 330, 331, 233, 321, 334, 335, 279, 342, 338, 339, 340, 341, 337, 343, 344, 345, 315, 347, 348, 349, 350, 137, 352, 353, 354, 355, 356, 357, 358, 359, 360, 361, 362, 225, 364, 365, 366, 367, 410, 369, 314, 377, 372, 373, 374, 375, 376, 371, 378, 379, 392, 381, 152, 383, 384, 385, 386, 387, 388, 389, 390, 391, 380, 393, 394, 395, 396, 397, 231, 399, 400, 401, 402, 403, 404, 428, 214, 407, 408, 409, 368, 411, 412, 413, 414, 415, 416, 417, 418, 419, 420, 421, 422, 423, 424, 425, 426, 427, 405, 429, 430, 431, 432, 433, 220, 435, 436, 437, 438, 439, 440, 441, 442, 443, 444, 445, 446, 447, 448, 449, 450, 217, 452, 227, 454, 455, 456, 457, 458, 459, 460, 461, 462, 463, 464, 465, 466, 467, 468, 469, 470, 471, 472, 473, 474, 475, 476, 477, 478, 479, 480, 481, 482, 483, 484, 485, 486, 487, 488, 489, 490, 491, 492, 493, 494, 495, 496, 497, 498, 499, 500, 501, 502, 503, 504, 505, 506, 507, 508, 509, 510, 511, 512, 513, 514, 515, 516, 517, 518, 519, 520, 521, 522, 523, 524, 525, 526, 527, 528, 529, 530, 531, 532]}