{"num_steps": 750, "num_stays": 9, "time": 0.05406850000144914, "iter": 750, "locally": false, "temperature": 0.45298496773170366, "cooling": 1, "distance": 258950, "path": [1, 2, 3, 4, 5, 6, 7, 8, 9, 10, 11, 12, 13, 14, 15, 16, 17, 18, 19, 20, 21, 22, 23, 24, 25, 26, 27, 28, 29, 30, 31, 32, 33, 34, 35, 36, 37, 38, 39, 100, 41, 42, 44, 43, 45, 46, 47, 48, 49, 99, 51, 52, 53, 54, 55, 68, 89, 58, 59, 108, 61, 62, 63, 64, 65, 66, 158, 98, 69, 70, 105, 72, 73, 84, 75, 76, 203, 197, 79, 80, 81, 82, 83, 74, 85, 86, 120, 102, 57, 90, 236, 164, 93, 94, 310, 96, 97, 160, 152, 40, 101, 88, 235, 104, 71, 106, 130, 60, 109, 178, 271, 153, 113, 114, 115, 180, 117, 118, 119, 87, 257, 122, 103, 124, 125, 282, 127, 128, 129, 107, 131, 132, 133, 134, 159, 136, 111, 138, 191, 140, 320, 292, 365, 144, 145, 135, 147, 148, 149, 126, 151, 143, 112, 154, 155, 196, 157, 67, 146, 92, 161, 162, 163, 179, 174, 166, 167, 168, 169, 170, 171, 172, 173, 165, 175, 176, 177, 110, 56, 116, 181, 182, 183, 184, 185, 186, 187, 188, 265, 190, 95, 228, 406, 194, 50, 156, 78, 139, 199, 200, 201, 202, 356, 204, 205, 281, 347, 208, 209, 210, 211, 327, 213, 193, 215, 216, 451, 218, 252, 434, 317, 222, 223, 224, 363, 226, 142, 192, 311, 268, 398, 232, 273, 234, 123, 91, 332, 238, 239, 240, 241, 242, 243, 244, 245, 221, 247, 248, 249, 220, 251, 219, 253, 254, 369, 256, 121, 258, 259, 308, 261, 262, 263, 264, 189, 266, 267, 230, 290, 270, 351, 272, 237, 304, 275, 276, 432, 278, 336, 280, 206, 150, 283, 390, 285, 286, 287, 288, 289, 269, 291, 453, 293, 294, 295, 296, 297, 298, 299, 300, 301, 302, 303, 274, 305, 306, 307, 260, 309, 198, 229, 212, 313, 316, 346, 370, 246, 318, 319, 357, 333, 322, 323, 324, 325, 326, 312, 328, 329, 353, 331, 233, 321, 334, 335, 279, 342, 338, 339, 352, 371, 337, 343, 344, 345, 315, 207, 348, 349, 350, 137, 340, 330, 354, 355, 77, 141, 358, 359, 360, 361, 362, 225, 364, 382, 366, 367, 410, 255, 314, 377, 372, 373, 374, 375, 376, 341, 378, 440, 392, 381, 195, 383, 384, 385, 400, 387, 388, 389, 402, 391, 380, 393, 394, 395, 284, 397, 231, 399, 386, 401, 411, 403, 404, 428, 214, 407, 408, 409, 368, 396, 412, 413, 414, 415, 416, 417, 418, 419, 420, 421, 422, 423, 426, 425, 424, 427, 405, 429, 430, 431, 277, 433, 250, 435, 436, 437, 438, 439, 379, 442, 441, 443, 444, 445, 446, 447, 448, 449, 450, 217, 452, 227, 454, 455, 456, 457, 458, 459, 460, 461, 462, 463, 464, 465, 466, 467, 468, 469, 470, 471, 472, 473, 488, 475, 476, 477, 478, 479, 480, 481, 482, 483, 484, 485, 486, 487, 474, 489, 490, 491, 492, 493, 494, 495, 496, 497, 498, 499, 500, 501, 502, 503, 504, 505, 506, 507, 508, 509, 510, 511, 512, 513, 514, 515, 516, 517, 518, 519, 520, 521, 522, 523, 524, 525, 526, 527, 528, 529, 530, 531, 532]}