{"num_steps": 5000, "num_stays": 90, "time": 0.3513586680055596, "iter": 5000, "locally": false, "temperature": 0.3522121755231006, "cooling": 1, "distance": 184263, "path": [1, 2, 3, 4, 5, 6, 7, 8, 9, 10, 11, 12, 13, 14, 15, 18, 17, 16, 19, 20, 29, 22, 23, 24, 25, 26, 27, 28, 21, 30, 48, 32, 33, 34, 35, 36, 37, 38, 59, 100, 84, 43, 44, 42, 45, 46, 47, 31, 49, 99, 80, 52, 53, 54, 64, 68, 89, 58, 111, 109, 61, 62, 63, 55, 65, 66, 142, 98, 69, 184, 134, 105, 73, 41, 75, 201, 168, 133, 79, 51, 81, 82, 83, 74, 85, 152, 120, 102, 57, 90, 163, 164, 93, 94, 108, 96, 97, 160, 107, 140, 101, 172, 158, 104, 71, 106, 130, 185, 310, 178, 271, 283, 113, 114, 115, 180, 72, 118, 119, 87, 40, 67, 103, 522, 223, 320, 127, 128, 129, 76, 131, 112, 60, 174, 159, 136, 39, 138, 153, 148, 212, 273, 214, 144, 145, 135, 190, 70, 149, 126, 151, 143, 132, 196, 236, 325, 346, 169, 50, 92, 161, 219, 155, 189, 193, 166, 167, 141, 156, 170, 171, 88, 173, 116, 177, 176, 110, 147, 56, 146, 181, 188, 183, 257, 197, 186, 187, 182, 265, 154, 202, 355, 412, 194, 208, 204, 78, 137, 330, 157, 274, 347, 117, 266, 370, 281, 312, 300, 209, 304, 211, 195, 335, 282, 206, 451, 453, 218, 397, 434, 317, 222, 377, 139, 302, 256, 378, 192, 390, 502, 398, 232, 248, 234, 123, 91, 213, 238, 239, 240, 314, 311, 243, 244, 245, 253, 252, 86, 249, 220, 228, 162, 179, 254, 227, 235, 165, 233, 289, 319, 261, 262, 263, 216, 125, 191, 267, 298, 459, 519, 301, 291, 237, 255, 210, 332, 485, 278, 336, 315, 215, 150, 124, 380, 303, 286, 287, 288, 264, 269, 272, 247, 258, 250, 224, 205, 276, 280, 391, 121, 229, 350, 500, 292, 305, 277, 307, 260, 275, 198, 356, 345, 313, 316, 242, 297, 246, 318, 328, 357, 333, 322, 323, 381, 175, 326, 279, 308, 329, 509, 372, 365, 321, 334, 294, 359, 374, 364, 309, 352, 339, 337, 343, 284, 299, 324, 207, 389, 349, 268, 295, 488, 199, 354, 217, 77, 203, 231, 348, 474, 490, 362, 225, 338, 382, 392, 367, 410, 344, 241, 296, 366, 373, 402, 435, 432, 341, 251, 200, 384, 270, 327, 122, 441, 385, 400, 387, 388, 226, 342, 259, 351, 445, 394, 395, 230, 221, 358, 379, 433, 491, 371, 403, 430, 470, 481, 442, 431, 437, 463, 447, 417, 413, 414, 415, 425, 498, 418, 419, 375, 452, 422, 424, 426, 405, 423, 427, 416, 429, 404, 408, 428, 457, 440, 368, 436, 409, 438, 439, 399, 306, 376, 443, 471, 467, 420, 396, 393, 449, 450, 285, 421, 369, 454, 455, 456, 477, 458, 444, 460, 461, 462, 383, 464, 465, 466, 532, 468, 469, 407, 290, 472, 473, 446, 475, 476, 501, 483, 479, 480, 486, 482, 478, 484, 340, 411, 487, 360, 95, 361, 401, 492, 493, 494, 495, 496, 497, 406, 363, 386, 331, 499, 503, 504, 505, 506, 507, 508, 353, 510, 525, 512, 523, 514, 515, 516, 517, 518, 524, 520, 521, 489, 513, 293, 511, 526, 527, 528, 529, 530, 531, 448]}