{"num_steps": 2000, "num_stays": 65, "time": 0.13104602699968382, "iter": 2000, "locally": false, "temperature": 0.3946380808164572, "cooling": 0.3946380808164572, "distance": 12936, "path": [51, 48, 24, 5, 15, 6, 43, 10, 9, 33, 11, 13, 52, 28, 12, 4, 8, 41, 19, 42, 2, 7, 17, 38, 27, 14, 47, 26, 29, 30, 21, 18, 45, 32, 36, 35, 34, 37, 40, 39, 3, 31, 23, 20, 16, 44, 49, 1, 22, 50, 46, 25]}