{"num_steps": 100, "num_stays": 0, "time": 0.006555059000675101, "iter": 100, "locally": false, "temperature": 0.6486524615632605, "cooling": 0.6486524615632605, "distance": 19475, "path": [33, 2, 3, 24, 5, 6, 44, 8, 9, 10, 11, 12, 13, 14, 15, 16, 18, 17, 19, 7, 31, 41, 43, 4, 25, 26, 27, 28, 29, 30, 21, 32, 45, 34, 35, 36, 37, 38, 39, 40, 50, 42, 23, 20, 1, 46, 47, 48, 49, 22, 51, 52]}