{"num_steps": 1000, "num_stays": 31, "time": 0.06624352500148234, "iter": 1000, "locally": false, "temperature": 0.4341689026682404, "cooling": 0.4341689026682404, "distance": 13405, "path": [46, 24, 48, 5, 15, 6, 43, 10, 9, 33, 11, 13, 27, 28, 12, 4, 8, 41, 19, 42, 2, 7, 17, 38, 25, 51, 47, 26, 29, 30, 21, 18, 45, 32, 36, 35, 34, 37, 40, 39, 3, 31, 23, 20, 16, 44, 49, 1, 22, 50, 14, 52]}