{"num_steps": 250, "num_stays": 12, "time": 0.01669487800245406, "iter": 250, "locally": false, "temperature": 0.5425514917581086, "cooling": 0.5425514917581086, "distance": 17969, "path": [33, 18, 3, 15, 5, 6, 44, 8, 9, 10, 11, 13, 12, 51, 48, 47, 2, 31, 19, 41, 17, 7, 43, 4, 25, 26, 27, 28, 29, 30, 42, 32, 45, 39, 36, 35, 37, 38, 24, 40, 22, 21, 23, 20, 34, 46, 16, 1, 49, 50, 14, 52]}