{"num_steps": 750, "num_stays": 89, "time": 0.049743114002922084, "iter": 750, "locally": false, "temperature": 0.45298496773170366, "cooling": 0.45298496773170366, "distance": 14697, "path": [46, 24, 48, 15, 5, 6, 33, 43, 9, 10, 11, 13, 47, 26, 12, 34, 8, 41, 19, 21, 2, 7, 17, 4, 25, 51, 27, 28, 29, 30, 42, 18, 45, 32, 36, 35, 37, 38, 40, 39, 3, 31, 23, 20, 16, 44, 49, 1, 22, 50, 14, 52]}