{"num_steps": 1250, "num_stays": 74, "time": 0.08237190600266331, "iter": 1250, "locally": false, "temperature": 0.42061002871312153, "cooling": 0.42061002871312153, "distance": 13279, "path": [46, 48, 24, 5, 15, 6, 43, 10, 9, 33, 11, 13, 27, 51, 12, 4, 8, 41, 19, 42, 2, 7, 17, 38, 25, 28, 47, 26, 29, 30, 21, 18, 45, 32, 36, 35, 34, 37, 40, 39, 3, 31, 23, 20, 16, 44, 49, 1, 22, 50, 14, 52]}