{"num_steps": 5000, "num_stays": 43, "time": 0.32059731499975896, "iter": 5000, "locally": false, "temperature": 0.3522121755231006, "cooling": 0.3522121755231006, "distance": 11628, "path": [6, 24, 48, 5, 15, 4, 43, 10, 9, 33, 11, 14, 52, 13, 27, 51, 8, 41, 19, 17, 2, 7, 42, 46, 12, 28, 26, 47, 29, 30, 21, 18, 3, 45, 32, 35, 34, 37, 40, 39, 36, 20, 23, 50, 16, 44, 49, 31, 22, 1, 38, 25]}