{"num_steps": 1500, "num_stays": 93, "time": 0.09872737400291953, "iter": 1500, "locally": false, "temperature": 0.4101412716225879, "cooling": 0.4101412716225879, "distance": 13237, "path": [28, 48, 24, 5, 15, 6, 43, 10, 9, 33, 11, 13, 27, 51, 12, 4, 8, 41, 19, 42, 2, 7, 17, 38, 25, 46, 47, 26, 29, 30, 21, 18, 45, 32, 36, 35, 34, 37, 40, 39, 3, 31, 23, 20, 16, 44, 49, 1, 22, 50, 14, 52]}