{"num_steps": 500, "num_stays": 69, "time": 0.03334329000063008, "iter": 500, "locally": false, "temperature": 0.4824236873665897, "cooling": 0.4824236873665897, "distance": 15468, "path": [44, 32, 49, 15, 5, 6, 33, 43, 9, 10, 11, 13, 47, 51, 12, 48, 8, 41, 19, 21, 2, 7, 17, 4, 25, 26, 27, 28, 29, 30, 42, 18, 45, 39, 36, 35, 37, 38, 24, 40, 22, 31, 23, 20, 16, 46, 34, 1, 3, 50, 14, 52]}