{"num_steps": 250, "num_stays": 2, "time": 6.194244919999619, "iter": 250, "locally": true, "temperature": 0.5425514917581086, "cooling": 0.5425514917581086, "distance": 58215, "path": [120, 115, 41, 71, 100, 3, 46, 35, 23, 98, 91, 45, 109, 32, 11, 15, 17, 127, 36, 38, 24, 18, 16, 22, 70, 66, 4, 29, 132, 112, 39, 33, 146, 103, 37, 5, 96, 78, 52, 48, 14, 136, 128, 43, 123, 149, 93, 1, 130, 28, 101, 121, 30, 107, 135, 140, 117, 7, 150, 62, 60, 47, 63, 75, 97, 139, 92, 6, 49, 134, 137, 104, 99, 102, 111, 94, 88, 53, 19, 8, 2, 126, 82, 116, 50, 85, 68, 69, 122, 42, 148, 108, 81, 25, 125, 51, 110, 77, 57, 145, 87, 113, 10, 84, 79, 106, 90, 72, 21, 74, 59, 141, 131, 73, 44, 114, 144, 56, 143, 119, 80, 31, 89, 133, 61, 9, 12, 27, 86, 20, 58, 105, 142, 67, 64, 40, 54, 138, 65, 129, 26, 124, 118, 95, 76, 13, 147, 34, 83, 55]}