{"num_steps": 100, "num_stays": 0, "time": 2.6967746740010625, "iter": 100, "locally": true, "temperature": 2, "cooling": 0.6486524615632605, "distance": 72162, "path": [115, 120, 41, 71, 100, 48, 121, 58, 47, 109, 32, 98, 23, 45, 15, 11, 17, 21, 79, 70, 16, 22, 38, 24, 94, 66, 97, 34, 29, 30, 103, 76, 33, 101, 132, 112, 37, 5, 96, 14, 3, 123, 43, 128, 136, 46, 131, 6, 49, 108, 39, 52, 78, 107, 55, 9, 57, 7, 150, 62, 60, 91, 63, 4, 65, 75, 92, 1, 130, 134, 137, 10, 84, 102, 111, 18, 88, 53, 19, 69, 73, 82, 126, 95, 85, 68, 87, 61, 89, 31, 8, 28, 93, 25, 81, 51, 110, 77, 140, 135, 117, 74, 99, 104, 36, 106, 90, 113, 127, 59, 141, 72, 50, 114, 44, 144, 2, 143, 119, 56, 80, 122, 42, 133, 125, 145, 20, 86, 27, 35, 67, 148, 142, 105, 54, 40, 64, 138, 139, 129, 26, 124, 118, 116, 13, 146, 147, 83, 149, 12]}