{"num_steps": 2000, "num_stays": 252, "time": 46.23604563999834, "iter": 2000, "locally": true, "temperature": 2, "cooling": 0.3946380808164572, "distance": 53010, "path": [120, 115, 41, 71, 100, 3, 46, 35, 23, 98, 91, 45, 109, 32, 15, 17, 11, 113, 106, 79, 88, 16, 94, 22, 70, 66, 4, 97, 85, 101, 39, 147, 146, 103, 37, 5, 96, 78, 52, 48, 14, 136, 128, 43, 123, 55, 117, 7, 9, 140, 135, 121, 30, 112, 132, 29, 149, 86, 150, 62, 60, 47, 63, 92, 139, 56, 75, 6, 49, 90, 18, 24, 38, 104, 111, 137, 134, 53, 19, 73, 50, 116, 82, 126, 68, 81, 25, 108, 42, 8, 130, 1, 93, 28, 58, 51, 125, 87, 77, 110, 59, 127, 99, 102, 36, 84, 10, 72, 21, 74, 141, 131, 69, 114, 44, 144, 2, 54, 138, 31, 80, 122, 89, 133, 61, 145, 57, 12, 27, 20, 67, 105, 142, 148, 64, 40, 143, 119, 65, 129, 26, 124, 118, 95, 13, 76, 33, 107, 34, 83]}