{"num_steps": 100, "num_stays": 8, "time": 0.006567476997588528, "iter": 100, "locally": false, "temperature": 0.6486524615632605, "cooling": 0.6486524615632605, "distance": 19141, "path": [39, 7, 3, 4, 5, 6, 24, 8, 9, 10, 11, 12, 52, 14, 13, 19, 17, 18, 16, 20, 21, 22, 23, 42, 25, 26, 27, 28, 29, 30, 31, 2, 36, 34, 35, 15, 45, 41, 43, 40, 37, 32, 1, 44, 38, 46, 47, 48, 49, 50, 51, 33]}