{"num_steps": 110, "num_stays": 5, "time": 0.007427574997564079, "iter": 110, "locally": false, "temperature": 0.6357954260094133, "cooling": 0.6357954260094133, "distance": 19048, "path": [39, 7, 3, 4, 5, 6, 24, 8, 9, 10, 11, 47, 52, 14, 13, 19, 17, 18, 16, 20, 21, 22, 23, 42, 25, 26, 27, 28, 29, 30, 31, 2, 36, 34, 35, 15, 45, 41, 43, 40, 37, 32, 1, 44, 38, 46, 12, 48, 49, 50, 51, 33]}